from_polity_id,from_name,to_polity_id,to_name,territorial_direction,strength,shared_territories,shared_territory_count,same_ethnicity,related_ethnicity,same_language,same_religion,same_civilization,temporal_gap_years
umayyad_caliphate,Umayyad Caliphate,abbasid_caliphate,Abbasid Caliphate,contraction,15,arabia|egypt|iran_plateau|khorasan|levant|mesopotamia|north_africa|transoxiana,8,1,0,1,0,0,0
rashidun_caliphate,Rashidun Caliphate,umayyad_caliphate,Umayyad Caliphate,expansion,13,arabia|egypt|iran_plateau|levant|mesopotamia,5,1,0,1,1,0,0
roman_empire,Roman Empire,western_roman_empire,Western Roman Empire,contraction,12,balkans|gaul|iberia|italy|north_africa,5,1,0,1,0,0,0
roman_republic,Roman Republic,roman_empire,Roman Empire,expansion,12,balkans|gaul|iberia|italy|north_africa,5,1,0,1,0,0,0
delhi_sultanate,Delhi Sultanate,mughal_empire,Mughal Empire,expansion,11,ganges_plain|indus_valley|punjab,3,1,0,1,1,0,0
republic_of_china,Republic of China,peoples_republic_of_china,People's Republic of China,same,11,manchuria|yangtze|yellow_river,3,1,0,1,1,0,0
russian_empire,Russian Empire,soviet_union,Soviet Union,contraction,10,caucasus|central_asian_steppe|kievan_rus|lithuania|pontic_steppe|transoxiana,6,0,0,1,0,0,5
kushan_empire,Kushan Empire,hephthalite_empire,Hephthalite Empire,contraction,10,indus_valley|khorasan|punjab|transoxiana,4,1,0,1,1,0,65
rashidun_caliphate,Rashidun Caliphate,abbasid_caliphate,Abbasid Caliphate,expansion,10,arabia|egypt|iran_plateau|levant|mesopotamia,5,1,0,1,0,0,89
kingdom_of_great_britain,Kingdom of Great Britain,united_kingdom,United Kingdom of Great Britain and Ireland,expansion,10,britannia|scotland,2,1,0,1,1,0,0
german_empire,German Empire (Deutsches Reich),weimar_republic,Weimar Republic,same,10,germany|prussia,2,1,0,1,1,0,0
achaemenid_empire,Achaemenid Empire,macedonian_empire,Macedonian Empire (Alexander),contraction,9,anatolia|egypt|iran_plateau|khorasan|levant|mesopotamia|transoxiana,7,0,0,0,0,0,-6
macedonian_empire,Macedonian Empire (Alexander),seleucid_empire,Seleucid Empire,contraction,9,anatolia|iran_plateau|levant|mesopotamia,4,1,0,0,1,0,11
maurya_empire,Maurya Empire,shunga_dynasty,Shunga Dynasty,contraction,9,ganges_plain,1,1,0,1,1,0,0
kingdom_of_prussia,Kingdom of Prussia,weimar_republic,Weimar Republic,contraction,9,germany|prussia,2,1,0,1,0,0,0
ilkhanate,Ilkhanate,jalayirid_sultanate,Jalayirid Sultanate,contraction,9,iran_plateau|mesopotamia,2,1,0,1,0,0,0
goguryeo,Goguryeo,unified_silla,Unified Silla,contraction,9,korean_peninsula,1,1,0,1,1,0,0
republic_of_china,Republic of China,manchukuo,Manchukuo,contraction,9,manchuria,1,1,0,1,1,0,0
western_jin,Western Jin Dynasty,eastern_jin,Eastern Jin Dynasty,contraction,9,yangtze,1,1,0,1,1,0,1
northern_song,Northern Song Dynasty,southern_song,Southern Song Dynasty,contraction,9,yangtze,1,1,0,1,1,0,0
roman_kingdom,Roman Kingdom,roman_republic,Roman Republic,expansion,9,italy,1,1,0,1,1,0,0
hotak_dynasty,Hotak Dynasty,durrani_empire,Durrani Empire,expansion,9,khorasan,1,1,0,1,1,0,9
manchukuo,Manchukuo,peoples_republic_of_china,People's Republic of China,expansion,9,manchuria,1,1,0,1,1,0,4
shang_dynasty,Shang Dynasty,zhou_dynasty,Zhou Dynasty,expansion,9,yellow_river,1,1,0,1,1,0,0
cao_wei,Cao Wei,western_jin,Western Jin Dynasty,expansion,9,yellow_river,1,1,0,1,1,0,0
shu_han,Shu Han,western_jin,Western Jin Dynasty,expansion,9,yellow_river,1,1,0,1,1,0,2
ifat_sultanate,Ifat Sultanate,adal_sultanate,Adal Sultanate,same,9,arabia,1,1,0,1,1,0,0
chalukya_dynasty,Chalukya Dynasty (Badami),rashtrakuta_dynasty,Rashtrakuta Dynasty,same,9,deccan,1,1,0,1,1,0,-4
rashtrakuta_dynasty,Rashtrakuta Dynasty,western_chalukya,Western Chalukya Empire,same,9,deccan,1,1,0,1,1,0,-9
tulunid_dynasty,Tulunid Dynasty,ikhshidid_dynasty,Ikhshidid Dynasty,same,9,egypt|levant,2,1,0,1,1,0,30
kingdom_of_egypt,Kingdom of Egypt,republic_of_egypt,Republic of Egypt,same,9,egypt,1,1,0,1,1,0,0
weimar_republic,Weimar Republic,nazi_germany,Nazi Germany (Third Reich),same,9,germany|prussia,2,1,0,1,0,0,0
almoravid_dynasty,Almoravid Dynasty,almohad_caliphate,Almohad Caliphate,same,9,iberia|north_africa,2,1,0,1,1,0,-26
odoacer_kingdom,Kingdom of Odoacer,ostrogothic_kingdom,Ostrogothic Kingdom of Italy,same,9,italy,1,1,0,1,1,0,0
nara_period,Nara Period,heian_period,Heian Period,same,9,japanese_archipelago,1,1,0,1,1,0,0
grand_duchy_moscow,Grand Duchy of Moscow,tsardom_russia,Tsardom of Russia,same,9,kievan_rus,1,1,0,1,1,0,0
silla,Silla,unified_silla,Unified Silla,same,9,korean_peninsula,1,1,0,1,1,0,0
goguryeo,Goguryeo,balhae,Balhae (Bohai),same,9,korean_peninsula|manchuria,2,1,0,1,1,0,30
baekje,Baekje,unified_silla,Unified Silla,same,9,korean_peninsula,1,1,0,1,1,0,8
kingdom_of_israel,United Kingdom of Israel,kingdom_of_judah,Kingdom of Judah,same,9,levant,1,1,0,1,1,0,0
kingdom_of_iraq,Kingdom of Iraq,republic_of_iraq,Republic of Iraq,same,9,mesopotamia,1,1,0,1,1,0,0
idrisid_dynasty,Idrisid Dynasty,zirid_dynasty,Zirid Dynasty,same,9,north_africa,1,1,0,1,1,0,-2
kingdom_of_denmark,Kingdom of Denmark,kingdom_of_sweden,Kingdom of Sweden,same,9,scandinavia,1,1,0,1,1,0,0
zhou_dynasty,Zhou Dynasty,qin_dynasty,Qin Dynasty,same,9,yangtze|yellow_river,2,1,0,1,1,0,35
qin_dynasty,Qin Dynasty,han_dynasty,Han Dynasty,same,9,yangtze|yellow_river,2,1,0,1,0,0,0
eastern_jin,Eastern Jin Dynasty,southern_dynasties,Southern Dynasties,same,9,yangtze,1,1,0,1,1,0,0
sui_dynasty,Sui Dynasty,tang_dynasty,Tang Dynasty,same,9,yangtze|yellow_river,2,1,0,1,0,0,0
hunnic_empire,Hunnic Empire,avar_khaganate,Avar Khaganate,contraction,8,central_asian_steppe|hungary,2,1,0,1,1,0,115
abbasid_caliphate,Abbasid Caliphate,fatimid_caliphate,Fatimid Caliphate,contraction,8,egypt|levant|north_africa,3,1,0,1,0,0,-349
pratihara_dynasty,Pratihara Dynasty,sena_dynasty,Sena Dynasty,contraction,8,ganges_plain,1,1,0,1,1,0,34
pratihara_dynasty,Pratihara Dynasty,gajapati_dynasty,Gajapati Dynasty (Odisha),contraction,8,ganges_plain,1,1,0,1,1,0,42
habsburg_monarchy,Habsburg Monarchy,weimar_republic,Weimar Republic,contraction,8,germany,1,1,0,1,0,0,0
kingdom_of_prussia,Kingdom of Prussia,german_empire,German Empire (Deutsches Reich),contraction,8,germany|prussia,2,1,0,1,0,0,-47
kingdom_of_prussia,Kingdom of Prussia,nazi_germany,Nazi Germany (Third Reich),contraction,8,germany|prussia,2,1,0,1,0,0,15
nazi_germany,Nazi Germany (Third Reich),federal_republic_germany,Federal Republic of Germany,contraction,8,germany,1,1,0,1,0,0,4
nazi_germany,Nazi Germany (Third Reich),east_germany,German Democratic Republic (East Germany),contraction,8,germany,1,1,0,1,0,0,4
ghaznavid_empire,Ghaznavid Empire,delhi_sultanate,Delhi Sultanate,contraction,8,indus_valley|punjab,2,1,0,1,0,0,20
empire_of_japan,Empire of Japan (Meiji),modern_japan,Modern Japan (Postwar),contraction,8,japanese_archipelago,1,1,0,1,0,0,0
macedonian_empire,Macedonian Empire (Alexander),greco_bactrian_kingdom,Greco-Bactrian Kingdom,contraction,8,khorasan|transoxiana,2,1,0,1,1,0,67
soviet_union,Soviet Union,russian_federation,Russian Federation,contraction,8,kievan_rus,1,1,0,1,0,0,0
mongol_empire,Mongol Empire,yuan_dynasty,Yuan Dynasty,contraction,8,manchuria|yangtze|yellow_river,3,1,0,1,0,0,-97
almohad_caliphate,Almohad Caliphate,hafsid_dynasty,Hafsid Dynasty,contraction,8,north_africa,1,1,0,1,1,0,-40
almohad_caliphate,Almohad Caliphate,marinid_dynasty,Marinid Dynasty,contraction,8,north_africa,1,1,0,1,1,0,-25
seljuk_empire,Seljuk Empire,khwarazmian_empire,Khwarazmian Empire,contraction,8,transoxiana,1,1,0,1,0,0,6
han_dynasty,Han Dynasty,eastern_wu,Eastern Wu,contraction,8,yangtze,1,1,0,1,0,0,2
tang_dynasty,Tang Dynasty,ten_kingdoms,Ten Kingdoms (South China),contraction,8,yangtze,1,1,0,1,0,0,0
han_dynasty,Han Dynasty,cao_wei,Cao Wei,contraction,8,yellow_river,1,1,0,1,0,0,0
han_dynasty,Han Dynasty,shu_han,Shu Han,contraction,8,yellow_river,1,1,0,1,0,0,1
tang_dynasty,Tang Dynasty,five_dynasties,Five Dynasties (North China),contraction,8,yellow_river,1,1,0,1,0,0,0
kingdom_of_france,Kingdom of France,angevin_empire,Angevin Empire,expansion,8,aquitaine|gaul,2,1,0,1,1,0,-638
silla,Silla,balhae,Balhae (Bohai),expansion,8,korean_peninsula,1,1,0,1,1,0,30
baekje,Baekje,balhae,Balhae (Bohai),expansion,8,korean_peninsula,1,1,0,1,1,0,38
zirid_dynasty,Zirid Dynasty,almohad_caliphate,Almohad Caliphate,expansion,8,north_africa,1,1,0,1,1,0,-27
pakistan,Pakistan,republic_of_india,Republic of India,expansion,8,punjab,1,1,0,1,0,0,0
eastern_wu,Eastern Wu,western_jin,Western Jin Dynasty,expansion,8,yangtze,1,1,0,1,1,0,-15
ten_kingdoms,Ten Kingdoms (South China),northern_song,Northern Song Dynasty,expansion,8,yangtze,1,1,0,1,1,0,-19
five_dynasties,Five Dynasties (North China),northern_song,Northern Song Dynasty,expansion,8,yellow_river,1,1,0,1,0,0,0
odoacer_kingdom,Kingdom of Odoacer,carolingian_empire,Frankish Kingdom / Carolingian Empire,expansion,8,,0,1,0,1,1,0,-7
principality_of_wallachia,Principality of Wallachia,kingdom_of_romania,Kingdom of Romania,same,8,balkans,1,1,0,1,1,0,22
principality_of_moldavia,Principality of Moldavia,kingdom_of_romania,Kingdom of Romania,same,8,balkans,1,1,0,1,1,0,22
rashtrakuta_dynasty,Rashtrakuta Dynasty,hoysala_dynasty,Hoysala Empire,same,8,deccan,1,1,0,1,1,0,24
german_empire,German Empire (Deutsches Reich),nazi_germany,Nazi Germany (Third Reich),same,8,germany|prussia,2,1,0,1,0,0,15
afsharid_dynasty,Afsharid Dynasty,qajar_dynasty,Qajar Dynasty,same,8,iran_plateau|khorasan,2,1,0,0,1,0,0
qajar_dynasty,Qajar Dynasty,pahlavi_dynasty,Pahlavi Dynasty,same,8,iran_plateau|khorasan,2,1,0,0,1,0,0
pahlavi_dynasty,Pahlavi Dynasty,islamic_republic_iran,Islamic Republic of Iran,same,8,iran_plateau|khorasan,2,1,0,0,1,0,0
ostrogothic_kingdom,Ostrogothic Kingdom of Italy,lombard_kingdom,Kingdom of the Lombards,same,8,italy,1,1,0,1,1,0,15
yamato_period,Yamato Period,nara_period,Nara Period,same,8,japanese_archipelago,1,1,0,1,0,0,0
feudal_japan,Feudal Japan,tokugawa_shogunate,Tokugawa Shogunate (Edo Period),same,8,japanese_archipelago,1,1,0,1,0,0,0
goryeo,Goryeo Dynasty,joseon,Joseon Dynasty,same,8,korean_peninsula,1,1,0,1,0,0,0
zangid_atabegate,Zangid Atabegate,mamluk_sultanate,Mamluk Sultanate,same,8,levant,1,1,0,1,0,0,0
hafsid_dynasty,Hafsid Dynasty,saadian_dynasty,Saadian Dynasty,same,8,north_africa,1,1,0,1,1,0,-25
saadian_dynasty,Saadian Dynasty,alawite_dynasty,Alawite Dynasty (Morocco),same,8,north_africa,1,1,0,1,1,0,-28
zhou_dynasty,Zhou Dynasty,han_dynasty,Han Dynasty,same,8,yangtze|yellow_river,2,1,0,1,0,0,50
han_dynasty,Han Dynasty,western_jin,Western Jin Dynasty,same,8,yangtze|yellow_river,2,1,0,1,0,0,45
eastern_wu,Eastern Wu,eastern_jin,Eastern Jin Dynasty,same,8,yangtze,1,1,0,1,1,0,37
cao_wei,Cao Wei,shu_han,Shu Han,same,8,yellow_river,1,1,0,1,1,0,-44
roman_empire,Roman Empire,byzantine_empire,Byzantine Empire,contraction,7,anatolia|balkans|egypt|levant|north_africa,5,0,0,0,0,0,0
goktürk_khaganate,Göktürk Khaganate,uyghur_khaganate,Uyghur Khaganate,contraction,7,central_asian_steppe|mongolian_plateau,2,1,0,0,0,0,0
macedonian_empire,Macedonian Empire (Alexander),ptolemaic_egypt,Ptolemaic Kingdom,contraction,7,egypt|levant,2,1,0,0,1,0,18
gupta_empire,Gupta Empire,kamarupa_kingdom,Kamarupa Kingdom,contraction,7,ganges_plain,1,1,0,1,1,0,-200
habsburg_monarchy,Habsburg Monarchy,german_empire,German Empire (Deutsches Reich),contraction,7,germany,1,1,0,1,0,0,-47
habsburg_monarchy,Habsburg Monarchy,nazi_germany,Nazi Germany (Third Reich),contraction,7,germany,1,1,0,1,0,0,15
habsburg_monarchy,Habsburg Monarchy,federal_republic_germany,Federal Republic of Germany,contraction,7,germany,1,1,0,1,0,0,31
habsburg_monarchy,Habsburg Monarchy,east_germany,German Democratic Republic (East Germany),contraction,7,germany,1,1,0,1,0,0,31
kingdom_of_prussia,Kingdom of Prussia,federal_republic_germany,Federal Republic of Germany,contraction,7,germany,1,1,0,1,0,0,31
kingdom_of_prussia,Kingdom of Prussia,east_germany,German Democratic Republic (East Germany),contraction,7,germany,1,1,0,1,0,0,31
german_empire,German Empire (Deutsches Reich),federal_republic_germany,Federal Republic of Germany,contraction,7,germany,1,1,0,1,0,0,31
german_empire,German Empire (Deutsches Reich),east_germany,German Democratic Republic (East Germany),contraction,7,germany,1,1,0,1,0,0,31
weimar_republic,Weimar Republic,federal_republic_germany,Federal Republic of Germany,contraction,7,germany,1,1,0,1,0,0,16
weimar_republic,Weimar Republic,east_germany,German Democratic Republic (East Germany),contraction,7,germany,1,1,0,1,0,0,16
safavid_empire,Safavid Empire,afsharid_dynasty,Afsharid Dynasty,contraction,7,iran_plateau|khorasan,2,1,0,0,0,0,0
safavid_empire,Safavid Empire,zand_dynasty,Zand Dynasty,contraction,7,iran_plateau,1,1,0,1,0,0,15
sassanid_empire,Sassanid Empire,kushano_sasanian_kingdom,Kushano-Sasanian Kingdom,contraction,7,khorasan,1,1,0,1,1,0,-421
balhae,Balhae (Bohai),goryeo,Goryeo Dynasty,contraction,7,korean_peninsula,1,1,0,0,1,0,-8
seleucid_empire,Seleucid Empire,ptolemaic_egypt,Ptolemaic Kingdom,contraction,7,levant,1,1,0,1,1,0,-242
almoravid_dynasty,Almoravid Dynasty,hafsid_dynasty,Hafsid Dynasty,contraction,7,north_africa,1,1,0,1,1,0,82
almoravid_dynasty,Almoravid Dynasty,marinid_dynasty,Marinid Dynasty,contraction,7,north_africa,1,1,0,1,1,0,97
western_jin,Western Jin Dynasty,southern_dynasties,Southern Dynasties,contraction,7,yangtze,1,1,0,1,1,0,104
umayyad_caliphate,Umayyad Caliphate,al_andalus,Al-Andalus,contraction,7,,0,1,0,1,1,0,-39
ghaznavid_empire,Ghaznavid Empire,khwarazmian_empire,Khwarazmian Empire,contraction,7,,0,1,0,1,1,0,14
seljuk_rum,Sultanate of Rum,ottoman_empire,Ottoman Empire,expansion,7,anatolia,1,1,0,0,1,0,-8
nanda_empire,Nanda Empire,maurya_empire,Maurya Empire,expansion,7,ganges_plain,1,1,0,0,1,0,0
kamarupa_kingdom,Kamarupa Kingdom,pratihara_dynasty,Pratihara Dynasty,expansion,7,ganges_plain,1,1,0,1,1,0,-410
malwa_sultanate,Malwa Sultanate,mughal_empire,Mughal Empire,expansion,7,ganges_plain,1,1,0,1,0,0,-36
jaunpur_sultanate,Jaunpur Sultanate,mughal_empire,Mughal Empire,expansion,7,ganges_plain,1,1,0,1,0,0,47
gujarat_sultanate,Gujarat Sultanate,mughal_empire,Mughal Empire,expansion,7,indus_valley,1,1,0,1,0,0,-47
kara_koyunlu,Kara Koyunlu (Black Sheep Turkmen),aq_qoyunlu,Aq Qoyunlu (White Sheep Turkmen),expansion,7,iran_plateau|mesopotamia,2,1,0,1,0,0,-90
zand_dynasty,Zand Dynasty,qajar_dynasty,Qajar Dynasty,expansion,7,iran_plateau,1,1,0,0,1,0,2
silla,Silla,goguryeo,Goguryeo,expansion,7,korean_peninsula,1,1,0,1,1,0,-631
unified_silla,Unified Silla,balhae,Balhae (Bohai),expansion,7,korean_peninsula,1,1,0,1,1,0,-237
idrisid_dynasty,Idrisid Dynasty,almoravid_dynasty,Almoravid Dynasty,expansion,7,north_africa,1,1,0,1,1,0,66
idrisid_dynasty,Idrisid Dynasty,almohad_caliphate,Almohad Caliphate,expansion,7,north_africa,1,1,0,1,1,0,147
zirid_dynasty,Zirid Dynasty,almoravid_dynasty,Almoravid Dynasty,expansion,7,north_africa,1,1,0,1,1,0,-108
kingdom_of_poland,Kingdom of Poland,polish_lithuanian_commonwealth,Polish-Lithuanian Commonwealth,expansion,7,poland,1,1,0,0,1,0,0
northern_dynasties,Northern Dynasties,sui_dynasty,Sui Dynasty,expansion,7,yellow_river,1,1,0,0,1,0,0
second_bulgarian_empire,Second Bulgarian Empire,serbian_empire,Serbian Empire (Nemanjić Dynasty),same,7,balkans,1,1,0,1,1,0,-206
second_bulgarian_empire,Second Bulgarian Empire,bosnian_kingdom,Bosnian Kingdom,same,7,balkans,1,1,0,1,0,0,-19
serbian_empire,Serbian Empire (Nemanjić Dynasty),bosnian_kingdom,Bosnian Kingdom,same,7,balkans,1,1,0,1,0,0,-12
principality_of_wallachia,Principality of Wallachia,principality_of_moldavia,Principality of Moldavia,same,7,balkans,1,1,0,1,1,0,-513
dzungar_khanate,Dzungar Khanate,khoshut_khanate,Khoshut Khanate,same,7,central_asian_steppe,1,1,0,1,1,0,-113
pandya_dynasty,Pandya Dynasty,pallava_dynasty,Pallava Dynasty,same,7,deccan,1,1,0,1,1,0,-1070
pandya_dynasty,Pandya Dynasty,vijayanagara_empire,Vijayanagara Empire,same,7,deccan,1,1,0,0,1,0,-9
chola_empire,Chola Empire,pallava_dynasty,Pallava Dynasty,same,7,deccan,1,1,0,1,1,0,-1004
chera_dynasty,Chera Dynasty,pallava_dynasty,Pallava Dynasty,same,7,deccan,1,1,0,1,1,0,-827
western_chalukya,Western Chalukya Empire,hoysala_dynasty,Hoysala Empire,same,7,deccan,1,1,0,1,1,0,-183
hoysala_dynasty,Hoysala Empire,vijayanagara_empire,Vijayanagara Empire,same,7,deccan,1,1,0,0,1,0,-10
vijayanagara_empire,Vijayanagara Empire,mysore_kingdom,Mysore Kingdom,same,7,deccan,1,1,0,1,1,0,-247
ayyubid_sultanate,Ayyubid Sultanate,mamluk_sultanate,Mamluk Sultanate,same,7,egypt|levant,2,0,0,1,1,0,-10
kamarupa_kingdom,Kamarupa Kingdom,sena_dynasty,Sena Dynasty,same,7,ganges_plain,1,1,0,1,1,0,-70
kamarupa_kingdom,Kamarupa Kingdom,gajapati_dynasty,Gajapati Dynasty (Odisha),same,7,ganges_plain,1,1,0,1,1,0,-62
sena_dynasty,Sena Dynasty,gajapati_dynasty,Gajapati Dynasty (Odisha),same,7,ganges_plain,1,1,0,1,1,0,-152
malwa_sultanate,Malwa Sultanate,jaunpur_sultanate,Jaunpur Sultanate,same,7,ganges_plain,1,1,0,1,1,0,-168
odoacer_kingdom,Kingdom of Odoacer,lombard_kingdom,Kingdom of the Lombards,same,7,italy,1,1,0,1,1,0,75
samanid_empire,Samanid Empire,saffarid_dynasty,Saffarid Dynasty,same,7,khorasan,1,1,0,1,1,0,-138
ghaznavid_empire,Ghaznavid Empire,seljuk_empire,Seljuk Empire,same,7,khorasan|transoxiana,2,1,0,1,0,0,-149
novgorod_republic,Novgorod Republic,galicia_volhynia,Principality of Galicia-Volhynia,same,7,kievan_rus,1,1,0,1,1,0,-279
silla,Silla,baekje,Baekje,same,7,korean_peninsula,1,1,0,1,1,0,-686
zirid_dynasty,Zirid Dynasty,hafsid_dynasty,Hafsid Dynasty,same,7,north_africa,1,1,0,1,1,0,81
zirid_dynasty,Zirid Dynasty,marinid_dynasty,Marinid Dynasty,same,7,north_africa,1,1,0,1,1,0,96
hafsid_dynasty,Hafsid Dynasty,marinid_dynasty,Marinid Dynasty,same,7,north_africa,1,1,0,1,1,0,-330
hafsid_dynasty,Hafsid Dynasty,alawite_dynasty,Alawite Dynasty (Morocco),same,7,north_africa,1,1,0,1,1,0,57
marinid_dynasty,Marinid Dynasty,saadian_dynasty,Saadian Dynasty,same,7,north_africa,1,1,0,1,1,0,84
aksumite_kingdom,Aksumite Kingdom,zagwe_dynasty,Zagwe Dynasty,same,7,nubia,1,1,0,1,0,0,-40
kingdom_of_denmark,Kingdom of Denmark,kalmar_union,Kalmar Union,same,7,scandinavia,1,1,0,0,1,0,0
kingdom_of_sweden,Kingdom of Sweden,kalmar_union,Kalmar Union,same,7,scandinavia,1,1,0,0,1,0,0
khanate_of_bukhara,Khanate of Bukhara,khanate_of_khiva,Khanate of Khiva,same,7,transoxiana,1,1,0,1,1,0,-274
khanate_of_bukhara,Khanate of Bukhara,khanate_of_kokand,Khanate of Kokand,same,7,transoxiana,1,1,0,1,1,0,-76
khanate_of_khiva,Khanate of Khiva,khanate_of_kokand,Khanate of Kokand,same,7,transoxiana,1,1,0,1,1,0,-211
eastern_wu,Eastern Wu,southern_dynasties,Southern Dynasties,same,7,yangtze,1,1,0,1,1,0,140
tang_dynasty,Tang Dynasty,northern_song,Northern Song Dynasty,same,7,yangtze|yellow_river,2,1,0,1,0,0,53
ten_kingdoms,Ten Kingdoms (South China),southern_song,Southern Song Dynasty,same,7,yangtze,1,1,0,1,1,0,148
north_korea,Democratic People's Republic of Korea (North Korea),south_korea,Republic of Korea (South Korea),same,7,,0,1,0,1,0,0,0
ottoman_empire,Ottoman Empire,republic_of_turkey,Republic of Turkey,contraction,6,anatolia,1,1,0,0,0,0,1
chagatai_khanate,Chagatai Khanate,moghulistan,Moghulistan Khanate,contraction,6,central_asian_steppe,1,1,0,0,0,0,0
mughal_empire,Mughal Empire,hyderabad_state,Nizam of Hyderabad,contraction,6,deccan,1,1,0,1,0,0,-133
fatimid_caliphate,Fatimid Caliphate,ayyubid_sultanate,Ayyubid Sultanate,contraction,6,egypt|levant,2,0,0,1,0,0,0
gupta_empire,Gupta Empire,harsha_empire,Harsha Empire,contraction,6,ganges_plain,1,1,0,1,0,0,56
delhi_sultanate,Delhi Sultanate,malwa_sultanate,Malwa Sultanate,contraction,6,ganges_plain,1,1,0,1,0,0,-134
delhi_sultanate,Delhi Sultanate,jaunpur_sultanate,Jaunpur Sultanate,contraction,6,ganges_plain,1,1,0,1,0,0,-132
western_roman_empire,Western Roman Empire,carolingian_empire,Frankish Kingdom / Carolingian Empire,contraction,6,gaul,1,0,0,1,1,0,10
delhi_sultanate,Delhi Sultanate,gujarat_sultanate,Gujarat Sultanate,contraction,6,indus_valley,1,1,0,1,0,0,-119
mongol_empire,Mongol Empire,ilkhanate,Ilkhanate,contraction,6,iran_plateau|khorasan|mesopotamia,3,1,0,0,0,0,-112
mongol_empire,Mongol Empire,jalayirid_sultanate,Jalayirid Sultanate,contraction,6,iran_plateau|mesopotamia,2,1,0,0,0,0,-33
ilkhanate,Ilkhanate,timurid_empire,Timurid Empire,contraction,6,iran_plateau|khorasan,2,0,0,1,1,0,35
afsharid_dynasty,Afsharid Dynasty,zand_dynasty,Zand Dynasty,contraction,6,iran_plateau,1,1,0,0,1,0,-45
western_roman_empire,Western Roman Empire,odoacer_kingdom,Kingdom of Odoacer,contraction,6,italy,1,0,0,1,1,0,0
ghaznavid_empire,Ghaznavid Empire,ghorid_dynasty,Ghorid Sultanate,contraction,6,khorasan|punjab,2,0,0,1,1,0,-38
kievan_rus,Kievan Rus,galicia_volhynia,Principality of Galicia-Volhynia,contraction,6,kievan_rus,1,1,0,0,1,0,-41
mongol_empire,Mongol Empire,north_yuan,North Yuan,contraction,6,mongolian_plateau,1,1,0,0,0,0,0
kara_khanid_khanate,Kara-Khanid Khanate,khwarazmian_empire,Khwarazmian Empire,contraction,6,transoxiana,1,1,0,0,1,0,-12
timurid_empire,Timurid Empire,khanate_of_bukhara,Khanate of Bukhara,contraction,6,transoxiana,1,1,0,0,0,0,-7
timurid_empire,Timurid Empire,khanate_of_khiva,Khanate of Khiva,contraction,6,transoxiana,1,1,0,0,0,0,4
han_dynasty,Han Dynasty,eastern_jin,Eastern Jin Dynasty,contraction,6,yangtze,1,1,0,1,0,0,97
western_jin,Western Jin Dynasty,northern_dynasties,Northern Dynasties,contraction,6,yellow_river,1,1,0,1,0,0,70
seljuk_empire,Seljuk Empire,timurid_empire,Timurid Empire,contraction,6,,0,1,0,1,1,0,176
carolingian_empire,Frankish Kingdom / Carolingian Empire,ostrogothic_kingdom,Ostrogothic Kingdom of Italy,contraction,6,,0,1,0,1,1,0,-350
carolingian_empire,Frankish Kingdom / Carolingian Empire,lombard_kingdom,Kingdom of the Lombards,contraction,6,,0,1,0,1,1,0,-275
kingdom_of_england,Kingdom of England,kingdom_of_great_britain,Kingdom of Great Britain,expansion,6,britannia,1,1,0,0,0,0,0
madurai_sultanate,Madurai Sultanate,mughal_empire,Mughal Empire,expansion,6,deccan,1,1,0,1,0,0,148
bahmani_sultanate,Bahmani Sultanate,mughal_empire,Mughal Empire,expansion,6,deccan,1,1,0,0,0,0,-1
tulunid_dynasty,Tulunid Dynasty,fatimid_caliphate,Fatimid Caliphate,expansion,6,egypt|levant,2,0,0,1,0,0,4
harsha_empire,Harsha Empire,pratihara_dynasty,Pratihara Dynasty,expansion,6,ganges_plain,1,1,0,1,0,0,83
parthian_empire,Parthian Empire (Arsacid),sassanid_empire,Sassanid Empire,expansion,6,iran_plateau|khorasan|mesopotamia,3,0,0,0,1,0,0
timurid_empire,Timurid Empire,safavid_empire,Safavid Empire,expansion,6,iran_plateau|khorasan,2,0,0,1,0,0,-6
tokugawa_shogunate,Tokugawa Shogunate (Edo Period),empire_of_japan,Empire of Japan (Meiji),expansion,6,japanese_archipelago,1,1,0,0,0,0,0
samanid_empire,Samanid Empire,ghaznavid_empire,Ghaznavid Empire,expansion,6,khorasan|transoxiana,2,0,0,1,1,0,-22
tsardom_russia,Tsardom of Russia,russian_empire,Russian Empire,expansion,6,kievan_rus,1,0,0,1,1,0,0
cossack_hetmanate,Cossack Hetmanate,russian_empire,Russian Empire,expansion,6,pontic_steppe,1,1,0,0,1,0,-43
teutonic_order,Teutonic Order (Monastic State),kingdom_of_prussia,Kingdom of Prussia,expansion,6,prussia,1,1,0,1,0,0,176
khwarazmian_empire,Khwarazmian Empire,timurid_empire,Timurid Empire,expansion,6,transoxiana,1,1,0,1,0,0,150
southern_dynasties,Southern Dynasties,sui_dynasty,Sui Dynasty,expansion,6,yangtze,1,1,0,0,0,0,-8
gupta_empire,Gupta Empire,pratihara_dynasty,Pratihara Dynasty,expansion,6,,0,1,0,1,1,0,180
baekje,Baekje,goguryeo,Goguryeo,expansion,6,,0,1,0,1,1,0,-623
holy_roman_empire,Holy Roman Empire,habsburg_monarchy,Habsburg Monarchy,same,6,bohemia|germany,2,1,0,0,1,0,-368
uyghur_khaganate,Uyghur Khaganate,kara_khanid_khanate,Kara-Khanid Khanate,same,6,central_asian_steppe,1,1,0,0,0,0,0
chera_dynasty,Chera Dynasty,kakatiya_dynasty,Kakatiya Dynasty,same,6,deccan,1,1,0,0,1,0,-19
kadamba_dynasty,Kadamba Dynasty,chalukya_dynasty,Chalukya Dynasty (Badami),same,6,deccan,1,1,0,0,1,0,18
kakatiya_dynasty,Kakatiya Dynasty,vijayanagara_empire,Vijayanagara Empire,same,6,deccan,1,1,0,0,1,0,13
madurai_sultanate,Madurai Sultanate,bahmani_sultanate,Bahmani Sultanate,same,6,deccan,1,1,0,0,1,0,-31
mughal_empire,Mughal Empire,british_raj,British Raj,same,6,deccan|ganges_plain|indus_valley|punjab,4,0,0,0,0,0,1
kamarupa_kingdom,Kamarupa Kingdom,harsha_empire,Harsha Empire,same,6,ganges_plain,1,1,0,1,0,0,-534
ghorid_dynasty,Ghorid Sultanate,delhi_sultanate,Delhi Sultanate,same,6,ganges_plain|punjab,2,0,0,1,0,0,-9
habsburg_monarchy,Habsburg Monarchy,kingdom_of_prussia,Kingdom of Prussia,same,6,germany,1,1,0,1,0,0,-217
saffarid_dynasty,Saffarid Dynasty,buyid_dynasty,Buyid Dynasty,same,6,iran_plateau,1,1,0,1,0,0,-69
seljuk_empire,Seljuk Empire,ilkhanate,Ilkhanate,same,6,iran_plateau|khorasan|mesopotamia,3,0,0,1,1,0,62
afsharid_dynasty,Afsharid Dynasty,pahlavi_dynasty,Pahlavi Dynasty,same,6,iran_plateau|khorasan,2,1,0,0,1,0,129
qajar_dynasty,Qajar Dynasty,islamic_republic_iran,Islamic Republic of Iran,same,6,iran_plateau|khorasan,2,1,0,0,1,0,54
yamato_period,Yamato Period,heian_period,Heian Period,same,6,japanese_archipelago,1,1,0,1,0,0,84
heian_period,Heian Period,feudal_japan,Feudal Japan,same,6,japanese_archipelago,1,1,0,0,0,0,0
unified_silla,Unified Silla,goryeo,Goryeo Dynasty,same,6,korean_peninsula,1,1,0,0,1,0,-17
zagwe_dynasty,Zagwe Dynasty,solomonic_dynasty,Ethiopian Empire (Solomonic),same,6,nubia,1,0,0,1,1,0,0
kingdom_of_norway,Kingdom of Norway,kingdom_of_denmark,Kingdom of Denmark,same,6,scandinavia,1,1,0,1,0,0,-444
kingdom_of_norway,Kingdom of Norway,kingdom_of_sweden,Kingdom of Sweden,same,6,scandinavia,1,1,0,1,0,0,-410
cao_wei,Cao Wei,northern_dynasties,Northern Dynasties,same,6,yellow_river,1,1,0,1,0,0,121
shu_han,Shu Han,northern_dynasties,Northern Dynasties,same,6,yellow_river,1,1,0,1,0,0,123
marinid_dynasty,Marinid Dynasty,alawite_dynasty,Alawite Dynasty (Morocco),same,6,,0,1,0,1,1,0,166
chera_dynasty,Chera Dynasty,chola_empire,Chola Empire,same,6,,0,1,0,1,1,0,-1402
chera_dynasty,Chera Dynasty,pandya_dynasty,Pandya Dynasty,same,6,,0,1,0,1,1,0,-1402
chola_empire,Chola Empire,pandya_dynasty,Pandya Dynasty,same,6,,0,1,0,1,1,0,-1579
ikhshidid_dynasty,Ikhshidid Dynasty,zangid_atabegate,Zangid Atabegate,same,6,,0,1,0,1,1,0,158
first_bulgarian_empire,First Bulgarian Empire,second_bulgarian_empire,Second Bulgarian Empire,same,6,,0,1,0,1,1,0,167
first_bulgarian_empire,First Bulgarian Empire,serbian_empire,Serbian Empire (Nemanjić Dynasty),same,6,,0,1,0,1,1,0,172
east_germany,German Democratic Republic (East Germany),federal_republic_germany,Federal Republic of Germany,same,6,,0,1,0,1,0,0,-41
achaemenid_empire,Achaemenid Empire,seleucid_empire,Seleucid Empire,contraction,5,anatolia|iran_plateau|levant|mesopotamia,4,0,0,0,0,0,18
goktürk_khaganate,Göktürk Khaganate,kara_khanid_khanate,Kara-Khanid Khanate,contraction,5,central_asian_steppe|transoxiana,2,1,0,0,0,0,96
mongol_empire,Mongol Empire,chagatai_khanate,Chagatai Khanate,contraction,5,central_asian_steppe|transoxiana,2,1,0,0,0,0,-142
mongol_empire,Mongol Empire,moghulistan,Moghulistan Khanate,contraction,5,central_asian_steppe,1,1,0,0,0,0,-21
british_raj,British Raj,republic_of_india,Republic of India,contraction,5,deccan|ganges_plain|punjab,3,0,0,0,0,0,0
umayyad_caliphate,Umayyad Caliphate,tulunid_dynasty,Tulunid Dynasty,contraction,5,egypt|levant,2,0,0,1,1,0,118
delhi_sultanate,Delhi Sultanate,sur_empire,Sur Empire,contraction,5,ganges_plain|punjab,2,0,0,1,0,0,14
carolingian_empire,Frankish Kingdom / Carolingian Empire,holy_roman_empire,Holy Roman Empire,contraction,5,germany|italy,2,0,0,1,1,0,119
abbasid_caliphate,Abbasid Caliphate,ilkhanate,Ilkhanate,contraction,5,iran_plateau|mesopotamia,2,0,0,0,1,0,-2
mongol_empire,Mongol Empire,timurid_empire,Timurid Empire,contraction,5,iran_plateau|khorasan|transoxiana,3,0,0,0,0,0,2
safavid_empire,Safavid Empire,qajar_dynasty,Qajar Dynasty,contraction,5,iran_plateau|khorasan,2,1,0,0,0,0,60
western_roman_empire,Western Roman Empire,ostrogothic_kingdom,Ostrogothic Kingdom of Italy,contraction,5,italy,1,0,0,1,1,0,17
kievan_rus,Kievan Rus,novgorod_republic,Novgorod Republic,contraction,5,kievan_rus,1,1,0,0,1,0,-104
empire_of_japan,Empire of Japan (Meiji),japanese_korea,Japanese-Occupied Korea,contraction,5,korean_peninsula,1,0,0,1,1,0,-37
abbasid_caliphate,Abbasid Caliphate,mamluk_sultanate,Mamluk Sultanate,contraction,5,levant,1,0,0,1,0,0,-8
mongol_empire,Mongol Empire,ming_dynasty,Ming Dynasty,contraction,5,manchuria|yangtze|yellow_river,3,0,0,0,0,0,0
qing_dynasty,Qing Dynasty (Manchu),republic_of_china,Republic of China,contraction,5,manchuria|yangtze|yellow_river,3,0,0,0,0,0,0
western_roman_empire,Western Roman Empire,vandal_kingdom,Vandal Kingdom of North Africa,contraction,5,north_africa,1,0,0,1,1,0,-47
umayyad_caliphate,Umayyad Caliphate,idrisid_dynasty,Idrisid Dynasty,contraction,5,north_africa,1,0,0,1,1,0,38
umayyad_caliphate,Umayyad Caliphate,aghlabid_dynasty,Aghlabid Dynasty,contraction,5,north_africa,1,0,0,1,1,0,50
almohad_caliphate,Almohad Caliphate,saadian_dynasty,Saadian Dynasty,contraction,5,,0,1,0,1,0,0,280
han_dynasty,Han Dynasty,northern_dynasties,Northern Dynasties,contraction,5,,0,1,0,1,0,0,166
han_dynasty,Han Dynasty,southern_dynasties,Southern Dynasties,contraction,5,,0,1,0,1,0,0,200
sui_dynasty,Sui Dynasty,five_dynasties,Five Dynasties (North China),contraction,5,,0,1,0,1,0,0,289
sui_dynasty,Sui Dynasty,ten_kingdoms,Ten Kingdoms (South China),contraction,5,,0,1,0,1,0,0,289
tang_dynasty,Tang Dynasty,southern_song,Southern Song Dynasty,contraction,5,,0,1,0,1,0,0,220
rashidun_caliphate,Rashidun Caliphate,fatimid_caliphate,Fatimid Caliphate,contraction,5,,0,1,0,1,0,0,248
umayyad_caliphate,Umayyad Caliphate,fatimid_caliphate,Fatimid Caliphate,contraction,5,,0,1,0,1,0,0,159
kara_khanid_khanate,Kara-Khanid Khanate,khanate_of_bukhara,Khanate of Bukhara,contraction,5,,0,1,0,1,0,0,288
kara_khanid_khanate,Kara-Khanid Khanate,khanate_of_khiva,Khanate of Khiva,contraction,5,,0,1,0,1,0,0,299
ghaznavid_empire,Ghaznavid Empire,timurid_empire,Timurid Empire,contraction,5,,0,1,0,1,0,0,184
ghaznavid_empire,Ghaznavid Empire,gujarat_sultanate,Gujarat Sultanate,contraction,5,,0,1,0,1,0,0,221
median_kingdom,Median Kingdom,achaemenid_empire,Achaemenid Empire,expansion,5,caucasus|iran_plateau,2,0,0,0,1,0,0
chagatai_khanate,Chagatai Khanate,golden_horde,Golden Horde,expansion,5,central_asian_steppe,1,1,0,0,1,0,-105
maratha_empire,Maratha Empire,republic_of_india,Republic of India,expansion,5,deccan,1,1,0,0,1,0,129
mamluk_sultanate,Mamluk Sultanate,ottoman_empire,Ottoman Empire,expansion,5,egypt|levant,2,1,0,0,0,0,-218
bengal_sultanate,Bengal Sultanate,mughal_empire,Mughal Empire,expansion,5,ganges_plain,1,1,0,0,0,0,-50
malwa_sultanate,Malwa Sultanate,sur_empire,Sur Empire,expansion,5,ganges_plain,1,0,0,1,1,0,-22
elam,Kingdom of Elam,achaemenid_empire,Achaemenid Empire,expansion,5,iran_plateau,1,1,0,0,0,0,-11
sassanid_empire,Sassanid Empire,umayyad_caliphate,Umayyad Caliphate,expansion,5,iran_plateau|khorasan|mesopotamia,3,0,0,0,0,0,10
saffarid_dynasty,Saffarid Dynasty,seljuk_empire,Seljuk Empire,expansion,5,iran_plateau|khorasan,2,0,0,1,0,0,34
buyid_dynasty,Buyid Dynasty,seljuk_empire,Seljuk Empire,expansion,5,iran_plateau|mesopotamia,2,0,0,1,0,0,-25
seljuk_empire,Seljuk Empire,mongol_empire,Mongol Empire,expansion,5,iran_plateau|khorasan|mesopotamia|transoxiana,4,0,0,0,0,0,12
zand_dynasty,Zand Dynasty,pahlavi_dynasty,Pahlavi Dynasty,expansion,5,iran_plateau,1,1,0,0,1,0,131
samanid_empire,Samanid Empire,seljuk_empire,Seljuk Empire,expansion,5,khorasan|transoxiana,2,0,0,1,0,0,38
saffarid_dynasty,Saffarid Dynasty,ghaznavid_empire,Ghaznavid Empire,expansion,5,khorasan,1,0,0,1,1,0,-26
ming_dynasty,Ming Dynasty,qing_dynasty,Qing Dynasty (Manchu),expansion,5,manchuria|yangtze|yellow_river,3,0,0,0,0,0,0
rustamid_dynasty,Rustamid Dynasty,fatimid_caliphate,Fatimid Caliphate,expansion,5,north_africa,1,0,0,1,0,0,0
aghlabid_dynasty,Aghlabid Dynasty,fatimid_caliphate,Fatimid Caliphate,expansion,5,north_africa,1,0,0,1,0,0,0
kara_khanid_khanate,Kara-Khanid Khanate,ghaznavid_empire,Ghaznavid Empire,expansion,5,transoxiana,1,1,0,0,1,0,-235
southern_dynasties,Southern Dynasties,tang_dynasty,Tang Dynasty,expansion,5,yangtze,1,1,0,0,0,0,29
southern_song,Southern Song Dynasty,ming_dynasty,Ming Dynasty,expansion,5,yangtze,1,1,0,0,1,0,89
northern_dynasties,Northern Dynasties,tang_dynasty,Tang Dynasty,expansion,5,yellow_river,1,1,0,0,0,0,37
tsardom_russia,Tsardom of Russia,soviet_union,Soviet Union,expansion,5,,0,1,0,1,0,0,201
ifat_sultanate,Ifat Sultanate,ajuran_sultanate,Ajuran Sultanate,same,5,arabia,1,1,0,0,1,0,-115
ajuran_sultanate,Ajuran Sultanate,adal_sultanate,Adal Sultanate,same,5,arabia,1,1,0,0,1,0,-285
kazakh_khanate,Kazakh Khanate,yarkand_khanate,Yarkand Khanate,same,5,central_asian_steppe,1,1,0,0,1,0,-217
pandya_dynasty,Pandya Dynasty,satavahana_empire,Satavahana Empire,same,5,deccan,1,1,0,0,1,0,-1575
pandya_dynasty,Pandya Dynasty,kadamba_dynasty,Kadamba Dynasty,same,5,deccan,1,1,0,0,1,0,-1000
pandya_dynasty,Pandya Dynasty,chalukya_dynasty,Chalukya Dynasty (Badami),same,5,deccan,1,1,0,0,1,0,-802
pandya_dynasty,Pandya Dynasty,rashtrakuta_dynasty,Rashtrakuta Dynasty,same,5,deccan,1,1,0,0,1,0,-592
pandya_dynasty,Pandya Dynasty,western_chalukya,Western Chalukya Empire,same,5,deccan,1,1,0,0,1,0,-372
pandya_dynasty,Pandya Dynasty,hoysala_dynasty,Hoysala Empire,same,5,deccan,1,1,0,0,1,0,-339
pandya_dynasty,Pandya Dynasty,kakatiya_dynasty,Kakatiya Dynasty,same,5,deccan,1,1,0,0,1,0,-262
pandya_dynasty,Pandya Dynasty,mysore_kingdom,Mysore Kingdom,same,5,deccan,1,1,0,0,1,0,54
chola_empire,Chola Empire,satavahana_empire,Satavahana Empire,same,5,deccan,1,1,0,0,1,0,-1509
chola_empire,Chola Empire,kadamba_dynasty,Kadamba Dynasty,same,5,deccan,1,1,0,0,1,0,-934
chola_empire,Chola Empire,chalukya_dynasty,Chalukya Dynasty (Badami),same,5,deccan,1,1,0,0,1,0,-736
chola_empire,Chola Empire,rashtrakuta_dynasty,Rashtrakuta Dynasty,same,5,deccan,1,1,0,0,1,0,-526
chola_empire,Chola Empire,western_chalukya,Western Chalukya Empire,same,5,deccan,1,1,0,0,1,0,-306
chola_empire,Chola Empire,hoysala_dynasty,Hoysala Empire,same,5,deccan,1,1,0,0,1,0,-273
chola_empire,Chola Empire,kakatiya_dynasty,Kakatiya Dynasty,same,5,deccan,1,1,0,0,1,0,-196
chola_empire,Chola Empire,vijayanagara_empire,Vijayanagara Empire,same,5,deccan,1,1,0,0,1,0,57
chola_empire,Chola Empire,mysore_kingdom,Mysore Kingdom,same,5,deccan,1,1,0,0,1,0,120
chera_dynasty,Chera Dynasty,satavahana_empire,Satavahana Empire,same,5,deccan,1,1,0,0,1,0,-1332
chera_dynasty,Chera Dynasty,kadamba_dynasty,Kadamba Dynasty,same,5,deccan,1,1,0,0,1,0,-757
chera_dynasty,Chera Dynasty,chalukya_dynasty,Chalukya Dynasty (Badami),same,5,deccan,1,1,0,0,1,0,-559
chera_dynasty,Chera Dynasty,rashtrakuta_dynasty,Rashtrakuta Dynasty,same,5,deccan,1,1,0,0,1,0,-349
chera_dynasty,Chera Dynasty,western_chalukya,Western Chalukya Empire,same,5,deccan,1,1,0,0,1,0,-129
chera_dynasty,Chera Dynasty,hoysala_dynasty,Hoysala Empire,same,5,deccan,1,1,0,0,1,0,-96
satavahana_empire,Satavahana Empire,pallava_dynasty,Pallava Dynasty,same,5,deccan,1,1,0,0,1,0,55
satavahana_empire,Satavahana Empire,kadamba_dynasty,Kadamba Dynasty,same,5,deccan,1,1,0,0,1,0,125
vakataka_dynasty,Vakataka Dynasty,chalukya_dynasty,Chalukya Dynasty (Badami),same,5,deccan,1,0,0,1,1,0,43
pallava_dynasty,Pallava Dynasty,kadamba_dynasty,Kadamba Dynasty,same,5,deccan,1,1,0,0,1,0,-552
pallava_dynasty,Pallava Dynasty,chalukya_dynasty,Chalukya Dynasty (Badami),same,5,deccan,1,1,0,0,1,0,-354
pallava_dynasty,Pallava Dynasty,rashtrakuta_dynasty,Rashtrakuta Dynasty,same,5,deccan,1,1,0,0,1,0,-144
pallava_dynasty,Pallava Dynasty,western_chalukya,Western Chalukya Empire,same,5,deccan,1,1,0,0,1,0,76
pallava_dynasty,Pallava Dynasty,hoysala_dynasty,Hoysala Empire,same,5,deccan,1,1,0,0,1,0,109
rashtrakuta_dynasty,Rashtrakuta Dynasty,kakatiya_dynasty,Kakatiya Dynasty,same,5,deccan,1,1,0,0,1,0,101
western_chalukya,Western Chalukya Empire,kakatiya_dynasty,Kakatiya Dynasty,same,5,deccan,1,1,0,0,1,0,-106
western_chalukya,Western Chalukya Empire,vijayanagara_empire,Vijayanagara Empire,same,5,deccan,1,1,0,0,1,0,147
hoysala_dynasty,Hoysala Empire,kakatiya_dynasty,Kakatiya Dynasty,same,5,deccan,1,1,0,0,1,0,-263
hoysala_dynasty,Hoysala Empire,mysore_kingdom,Mysore Kingdom,same,5,deccan,1,1,0,0,1,0,53
kakatiya_dynasty,Kakatiya Dynasty,mysore_kingdom,Mysore Kingdom,same,5,deccan,1,1,0,0,1,0,76
nanda_empire,Nanda Empire,shunga_dynasty,Shunga Dynasty,same,5,ganges_plain,1,1,0,0,1,0,137
harsha_empire,Harsha Empire,pala_empire,Pala Empire,same,5,ganges_plain,1,1,0,0,1,0,103
bengal_sultanate,Bengal Sultanate,malwa_sultanate,Malwa Sultanate,same,5,ganges_plain,1,1,0,0,1,0,-184
bengal_sultanate,Bengal Sultanate,jaunpur_sultanate,Jaunpur Sultanate,same,5,ganges_plain,1,1,0,0,1,0,-182
indo_scythian_kingdom,Indo-Scythian Kingdom,indo_parthian_kingdom,Indo-Parthian Kingdom,same,5,indus_valley|punjab,2,0,0,1,1,0,-419
indo_greek_kingdom,Indo-Greek Kingdom,indo_parthian_kingdom,Indo-Parthian Kingdom,same,5,indus_valley|punjab,2,0,0,0,1,0,-9
liao_dynasty,Liao Dynasty (Khitan),jin_jurchen,Jin Dynasty (Jurchen),same,5,manchuria|yellow_river,2,0,0,0,1,0,-10
yuan_dynasty,Yuan Dynasty,ming_dynasty,Ming Dynasty,same,5,manchuria|yangtze|yellow_river,3,0,0,0,0,0,0
darfur_sultanate,Darfur Sultanate,mahdist_state,Mahdist State,same,5,nubia,1,0,0,1,1,0,-31
kingdom_of_norway,Kingdom of Norway,kalmar_union,Kalmar Union,same,5,scandinavia,1,1,0,0,0,0,17
sumerian_city_states,"Sumerian City-States (Ur, Uruk, Lagash)",ur_iii,Third Dynasty of Ur (Neo-Sumerian),same,5,,0,1,0,1,0,0,222
idrisid_dynasty,Idrisid Dynasty,hafsid_dynasty,Hafsid Dynasty,same,5,,0,1,0,1,0,0,255
idrisid_dynasty,Idrisid Dynasty,marinid_dynasty,Marinid Dynasty,same,5,,0,1,0,1,0,0,270
kingdom_of_saba,Kingdom of Saba (Sheba),himyarite_kingdom,Himyarite Kingdom,same,5,,0,1,0,1,0,0,165
chalukya_dynasty,Chalukya Dynasty (Badami),western_chalukya,Western Chalukya Empire,same,5,,0,1,0,1,0,0,216
chalukya_dynasty,Chalukya Dynasty (Badami),hoysala_dynasty,Hoysala Empire,same,5,,0,1,0,1,0,0,249
tulunid_dynasty,Tulunid Dynasty,zangid_atabegate,Zangid Atabegate,same,5,,0,1,0,1,0,0,222
ikhshidid_dynasty,Ikhshidid Dynasty,mamluk_sultanate,Mamluk Sultanate,same,5,,0,1,0,1,0,0,281
north_yuan,North Yuan,mongolian_peoples_republic,Mongolian People's Republic,same,5,,0,1,0,1,0,0,289
tsardom_russia,Tsardom of Russia,russian_federation,Russian Federation,same,5,,0,1,0,1,0,0,270
ottoman_empire,Ottoman Empire,aq_qoyunlu,Aq Qoyunlu (White Sheep Turkmen),contraction,4,anatolia,1,1,0,0,0,0,-544
abbasid_caliphate,Abbasid Caliphate,ifat_sultanate,Ifat Sultanate,contraction,4,arabia,1,0,0,1,0,0,27
habsburg_monarchy,Habsburg Monarchy,czechoslovakia,Czechoslovakia,contraction,4,bohemia,1,0,0,0,1,0,0
goktürk_khaganate,Göktürk Khaganate,avar_khaganate,Avar Khaganate,contraction,4,central_asian_steppe,1,0,0,1,1,0,-176
kara_khanid_khanate,Kara-Khanid Khanate,moghulistan,Moghulistan Khanate,contraction,4,central_asian_steppe,1,0,0,1,1,0,135
mongol_empire,Mongol Empire,golden_horde,Golden Horde,contraction,4,central_asian_steppe,1,1,0,0,0,0,-126
golden_horde,Golden Horde,moghulistan,Moghulistan Khanate,contraction,4,central_asian_steppe,1,1,0,0,0,0,-155
golden_horde,Golden Horde,dzungar_khanate,Dzungar Khanate,contraction,4,central_asian_steppe,1,1,0,0,0,0,132
golden_horde,Golden Horde,khoshut_khanate,Khoshut Khanate,contraction,4,central_asian_steppe,1,1,0,0,0,0,140
abbasid_caliphate,Abbasid Caliphate,tulunid_dynasty,Tulunid Dynasty,contraction,4,egypt|levant,2,0,0,1,0,0,-390
abbasid_caliphate,Abbasid Caliphate,ikhshidid_dynasty,Ikhshidid Dynasty,contraction,4,egypt|levant,2,0,0,1,0,0,-323
fatimid_caliphate,Fatimid Caliphate,ikhshidid_dynasty,Ikhshidid Dynasty,contraction,4,egypt|levant,2,0,0,1,0,0,-236
fatimid_caliphate,Fatimid Caliphate,mamluk_sultanate,Mamluk Sultanate,contraction,4,egypt|levant,2,0,0,1,0,0,79
pratihara_dynasty,Pratihara Dynasty,pala_empire,Pala Empire,contraction,4,ganges_plain,1,1,0,0,0,0,-286
delhi_sultanate,Delhi Sultanate,bengal_sultanate,Bengal Sultanate,contraction,4,ganges_plain,1,1,0,0,0,0,-174
mughal_empire,Mughal Empire,sur_empire,Sur Empire,contraction,4,ganges_plain|punjab,2,0,0,1,0,0,-317
holy_roman_empire,Holy Roman Empire,german_empire,German Empire (Deutsches Reich),contraction,4,germany,1,1,0,0,0,0,65
holy_roman_empire,Holy Roman Empire,weimar_republic,Weimar Republic,contraction,4,germany,1,1,0,0,0,0,112
holy_roman_empire,Holy Roman Empire,nazi_germany,Nazi Germany (Third Reich),contraction,4,germany,1,1,0,0,0,0,127
holy_roman_empire,Holy Roman Empire,federal_republic_germany,Federal Republic of Germany,contraction,4,germany,1,1,0,0,0,0,143
holy_roman_empire,Holy Roman Empire,east_germany,German Democratic Republic (East Germany),contraction,4,germany,1,1,0,0,0,0,143
roman_empire,Roman Empire,visigothic_kingdom,Visigothic Kingdom,contraction,4,iberia,1,0,0,1,0,0,23
western_roman_empire,Western Roman Empire,visigothic_kingdom,Visigothic Kingdom,contraction,4,iberia,1,0,0,1,1,0,-58
maurya_empire,Maurya Empire,indo_greek_kingdom,Indo-Greek Kingdom,contraction,4,indus_valley|punjab,2,0,0,0,0,0,5
british_raj,British Raj,pakistan,Pakistan,contraction,4,indus_valley|punjab,2,0,0,0,0,0,0
achaemenid_empire,Achaemenid Empire,parthian_empire,Parthian Empire (Arsacid),contraction,4,iran_plateau|khorasan|mesopotamia,3,0,0,0,1,0,83
seljuk_empire,Seljuk Empire,jalayirid_sultanate,Jalayirid Sultanate,contraction,4,iran_plateau|mesopotamia,2,0,0,1,0,0,141
mongol_empire,Mongol Empire,kara_koyunlu,Kara Koyunlu (Black Sheep Turkmen),contraction,4,iran_plateau|mesopotamia,2,0,0,0,0,0,6
mongol_empire,Mongol Empire,aq_qoyunlu,Aq Qoyunlu (White Sheep Turkmen),contraction,4,iran_plateau|mesopotamia,2,0,0,0,0,0,10
timurid_empire,Timurid Empire,kara_koyunlu,Kara Koyunlu (Black Sheep Turkmen),contraction,4,iran_plateau,1,1,0,0,0,0,-133
western_roman_empire,Western Roman Empire,lombard_kingdom,Kingdom of the Lombards,contraction,4,italy,1,0,0,1,1,0,92
parthian_empire,Parthian Empire (Arsacid),kushano_sasanian_kingdom,Kushano-Sasanian Kingdom,contraction,4,khorasan,1,0,0,0,1,0,6
seljuk_empire,Seljuk Empire,ghorid_dynasty,Ghorid Sultanate,contraction,4,khorasan,1,0,0,1,0,0,-46
neo_assyrian_empire,Neo-Assyrian Empire,neo_babylonian,Neo-Babylonian (Chaldean) Empire,contraction,4,levant|mesopotamia,2,0,0,0,1,0,-17
abbasid_caliphate,Abbasid Caliphate,zangid_atabegate,Zangid Atabegate,contraction,4,levant|mesopotamia,2,0,0,1,0,0,-131
fatimid_caliphate,Fatimid Caliphate,zangid_atabegate,Zangid Atabegate,contraction,4,levant,1,0,0,1,0,0,-44
qing_dynasty,Qing Dynasty (Manchu),peoples_republic_of_china,People's Republic of China,contraction,4,manchuria|yangtze|yellow_river,3,0,0,0,0,0,37
seljuk_empire,Seljuk Empire,zangid_atabegate,Zangid Atabegate,contraction,4,mesopotamia,1,1,0,0,0,0,-67
roman_empire,Roman Empire,vandal_kingdom,Vandal Kingdom of North Africa,contraction,4,north_africa,1,0,0,1,0,0,34
umayyad_caliphate,Umayyad Caliphate,rustamid_dynasty,Rustamid Dynasty,contraction,4,north_africa,1,0,0,1,0,0,26
fatimid_caliphate,Fatimid Caliphate,almohad_caliphate,Almohad Caliphate,contraction,4,north_africa,1,0,0,1,0,0,-50
gupta_empire,Gupta Empire,chalukya_dynasty,Chalukya Dynasty (Badami),displacement,4,,0,0,0,1,0,0,-7
ikhshidid_dynasty,Ikhshidid Dynasty,zirid_dynasty,Zirid Dynasty,displacement,4,,0,0,0,1,0,0,3
zangid_atabegate,Zangid Atabegate,marinid_dynasty,Marinid Dynasty,displacement,4,,0,0,0,1,0,0,-6
darfur_sultanate,Darfur Sultanate,kingdom_of_iraq,Kingdom of Iraq,displacement,4,,0,0,0,1,0,0,5
alawite_dynasty,Alawite Dynasty (Morocco),kingdom_of_egypt,Kingdom of Egypt,displacement,4,,0,0,0,1,0,0,0
alawite_dynasty,Alawite Dynasty (Morocco),mahdist_state,Mahdist State,displacement,4,,0,0,0,1,0,0,0
alawite_dynasty,Alawite Dynasty (Morocco),kingdom_of_iraq,Kingdom of Iraq,displacement,4,,0,0,0,1,0,0,0
alawite_dynasty,Alawite Dynasty (Morocco),saudi_arabia,Kingdom of Saudi Arabia,displacement,4,,0,0,0,1,0,0,0
alawite_dynasty,Alawite Dynasty (Morocco),kingdom_of_jordan,Hashemite Kingdom of Jordan,displacement,4,,0,0,0,1,0,0,0
alawite_dynasty,Alawite Dynasty (Morocco),republic_of_egypt,Republic of Egypt,displacement,4,,0,0,0,1,0,0,0
alawite_dynasty,Alawite Dynasty (Morocco),republic_of_iraq,Republic of Iraq,displacement,4,,0,0,0,1,0,0,0
kingdom_of_egypt,Kingdom of Egypt,kingdom_of_jordan,Hashemite Kingdom of Jordan,displacement,4,,0,0,0,1,0,0,-6
kingdom_of_egypt,Kingdom of Egypt,republic_of_iraq,Republic of Iraq,displacement,4,,0,0,0,1,0,0,6
kingdom_of_iraq,Kingdom of Iraq,republic_of_egypt,Republic of Egypt,displacement,4,,0,0,0,1,0,0,-6
saudi_arabia,Kingdom of Saudi Arabia,kingdom_of_jordan,Hashemite Kingdom of Jordan,displacement,4,,0,0,0,1,0,0,0
saudi_arabia,Kingdom of Saudi Arabia,republic_of_egypt,Republic of Egypt,displacement,4,,0,0,0,1,0,0,0
saudi_arabia,Kingdom of Saudi Arabia,republic_of_iraq,Republic of Iraq,displacement,4,,0,0,0,1,0,0,0
kingdom_of_jordan,Hashemite Kingdom of Jordan,republic_of_egypt,Republic of Egypt,displacement,4,,0,0,0,1,0,0,0
kingdom_of_jordan,Hashemite Kingdom of Jordan,republic_of_iraq,Republic of Iraq,displacement,4,,0,0,0,1,0,0,0
republic_of_egypt,Republic of Egypt,republic_of_iraq,Republic of Iraq,displacement,4,,0,0,0,1,0,0,0
ilkhanate,Ilkhanate,madurai_sultanate,Madurai Sultanate,displacement,4,,0,0,0,1,0,0,0
madurai_sultanate,Madurai Sultanate,timurid_empire,Timurid Empire,displacement,4,,0,0,0,1,0,0,-8
yarkand_khanate,Yarkand Khanate,khanate_of_kokand,Khanate of Kokand,displacement,4,,0,0,0,1,0,0,4
angevin_empire,Angevin Empire,latin_empire,Latin Empire,displacement,4,,0,0,0,1,0,0,0
united_kingdom,United Kingdom of Great Britain and Ireland,british_raj,British Raj,displacement,4,,0,0,0,1,0,0,0
japanese_korea,Japanese-Occupied Korea,modern_japan,Modern Japan (Postwar),displacement,4,,0,0,0,1,0,0,2
neo_assyrian_empire,Neo-Assyrian Empire,achaemenid_empire,Achaemenid Empire,expansion,4,anatolia|egypt|levant|mesopotamia,4,0,0,0,0,0,59
seljuk_rum,Sultanate of Rum,aq_qoyunlu,Aq Qoyunlu (White Sheep Turkmen),expansion,4,anatolia,1,1,0,0,0,0,71
himyarite_kingdom,Himyarite Kingdom,rashidun_caliphate,Rashidun Caliphate,expansion,4,arabia,1,1,0,0,0,0,107
himyarite_kingdom,Himyarite Kingdom,umayyad_caliphate,Umayyad Caliphate,expansion,4,arabia,1,1,0,0,0,0,136
kingdom_of_england,Kingdom of England,united_kingdom,United Kingdom of Great Britain and Ireland,expansion,4,britannia,1,1,0,0,0,0,94
kara_khanid_khanate,Kara-Khanid Khanate,mongol_empire,Mongol Empire,expansion,4,central_asian_steppe|transoxiana,2,0,0,0,0,0,-6
ptolemaic_egypt,Ptolemaic Kingdom,roman_empire,Roman Empire,expansion,4,egypt|levant,2,0,0,0,0,0,3
jaunpur_sultanate,Jaunpur Sultanate,sur_empire,Sur Empire,expansion,4,ganges_plain,1,0,0,1,1,0,61
al_andalus,Al-Andalus,almoravid_dynasty,Almoravid Dynasty,expansion,4,iberia,1,0,0,1,1,0,-452
al_andalus,Al-Andalus,almohad_caliphate,Almohad Caliphate,expansion,4,iberia,1,0,0,1,1,0,-371
indo_scythian_kingdom,Indo-Scythian Kingdom,hephthalite_empire,Hephthalite Empire,expansion,4,indus_valley|punjab,2,0,0,0,1,0,40
indo_greek_kingdom,Indo-Greek Kingdom,kushan_empire,Kushan Empire,expansion,4,indus_valley|punjab,2,0,0,0,1,0,40
jalayirid_sultanate,Jalayirid Sultanate,safavid_empire,Safavid Empire,expansion,4,iran_plateau|mesopotamia,2,0,0,1,0,0,69
aq_qoyunlu,Aq Qoyunlu (White Sheep Turkmen),safavid_empire,Safavid Empire,expansion,4,iran_plateau|mesopotamia,2,0,0,0,0,0,-7
samanid_empire,Samanid Empire,ghorid_dynasty,Ghorid Sultanate,expansion,4,khorasan,1,0,0,1,1,0,149
saffarid_dynasty,Saffarid Dynasty,ghorid_dynasty,Ghorid Sultanate,expansion,4,khorasan,1,0,0,1,1,0,145
ghorid_dynasty,Ghorid Sultanate,ilkhanate,Ilkhanate,expansion,4,khorasan,1,0,0,1,0,0,41
kievan_rus,Kievan Rus,golden_horde,Golden Horde,expansion,4,kievan_rus|pontic_steppe,2,0,0,0,0,0,2
grand_duchy_of_lithuania,Grand Duchy of Lithuania,polish_lithuanian_commonwealth,Polish-Lithuanian Commonwealth,expansion,4,kievan_rus|lithuania,2,0,0,0,0,0,0
sumerian_city_states,"Sumerian City-States (Ur, Uruk, Lagash)",akkadian_empire,Akkadian Empire,expansion,4,mesopotamia,1,0,0,0,1,0,0
aghlabid_dynasty,Aghlabid Dynasty,almoravid_dynasty,Almoravid Dynasty,expansion,4,north_africa,1,0,0,1,1,0,131
kara_khanid_khanate,Kara-Khanid Khanate,seljuk_empire,Seljuk Empire,expansion,4,transoxiana,1,1,0,0,0,0,-175
zand_dynasty,Zand Dynasty,islamic_republic_iran,Islamic Republic of Iran,expansion,4,,0,1,0,0,1,0,185
seljuk_empire,Seljuk Empire,ottoman_empire,Ottoman Empire,expansion,4,,0,1,0,0,1,0,105
zangid_atabegate,Zangid Atabegate,ottoman_empire,Ottoman Empire,expansion,4,,0,1,0,0,0,0,49
zangid_atabegate,Zangid Atabegate,aq_qoyunlu,Aq Qoyunlu (White Sheep Turkmen),expansion,4,,0,1,0,0,1,0,128
sur_empire,Sur Empire,durrani_empire,Durrani Empire,expansion,4,,0,1,0,0,1,0,191
nabataean_kingdom,Nabataean Kingdom,himyarite_kingdom,Himyarite Kingdom,same,4,arabia,1,1,0,0,0,0,-216
second_bulgarian_empire,Second Bulgarian Empire,serbian_despotate,Serbian Despotate,same,4,balkans,1,0,0,0,1,0,6
hunnic_empire,Hunnic Empire,goktürk_khaganate,Göktürk Khaganate,same,4,central_asian_steppe,1,0,0,1,1,0,99
qara_khitai,Qara Khitai (Western Liao),chagatai_khanate,Chagatai Khanate,same,4,central_asian_steppe|transoxiana,2,0,0,0,0,0,8
moghulistan,Moghulistan Khanate,kazakh_khanate,Kazakh Khanate,same,4,central_asian_steppe,1,0,0,0,1,0,3
moghulistan,Moghulistan Khanate,yarkand_khanate,Yarkand Khanate,same,4,central_asian_steppe,1,0,0,1,1,0,52
chalukya_dynasty,Chalukya Dynasty (Badami),yadava_dynasty,Yadava Dynasty (Devagiri),same,4,deccan,1,0,0,1,1,0,93
rashtrakuta_dynasty,Rashtrakuta Dynasty,yadava_dynasty,Yadava Dynasty (Devagiri),same,4,deccan,1,0,0,1,1,0,-132
yadava_dynasty,Yadava Dynasty (Devagiri),western_chalukya,Western Chalukya Empire,same,4,deccan,1,0,0,1,1,0,-344
yadava_dynasty,Yadava Dynasty (Devagiri),hoysala_dynasty,Hoysala Empire,same,4,deccan,1,0,0,1,1,0,-311
kamarupa_kingdom,Kamarupa Kingdom,pala_empire,Pala Empire,same,4,ganges_plain,1,1,0,0,0,0,-390
pala_empire,Pala Empire,sena_dynasty,Sena Dynasty,same,4,ganges_plain,1,1,0,0,0,0,-130
pala_empire,Pala Empire,gajapati_dynasty,Gajapati Dynasty (Odisha),same,4,ganges_plain,1,1,0,0,0,0,-122
holy_roman_empire,Holy Roman Empire,kingdom_of_prussia,Kingdom of Prussia,same,4,germany,1,1,0,0,0,0,-105
timurid_empire,Timurid Empire,aq_qoyunlu,Aq Qoyunlu (White Sheep Turkmen),same,4,iran_plateau,1,1,0,0,0,0,-129
hotak_dynasty,Hotak Dynasty,afsharid_dynasty,Afsharid Dynasty,same,4,iran_plateau|khorasan,2,0,0,0,0,0,-2
tokugawa_shogunate,Tokugawa Shogunate (Edo Period),modern_japan,Modern Japan (Postwar),same,4,japanese_archipelago,1,1,0,0,0,0,79
joseon,Joseon Dynasty,south_korea,Republic of Korea (South Korea),same,4,korean_peninsula,1,1,0,0,0,0,51
joseon,Joseon Dynasty,north_korea,Democratic People's Republic of Korea (North Korea),same,4,korean_peninsula,1,1,0,0,0,0,51
zangid_atabegate,Zangid Atabegate,kara_koyunlu,Kara Koyunlu (Black Sheep Turkmen),same,4,mesopotamia,1,1,0,0,0,0,124
idrisid_dynasty,Idrisid Dynasty,aghlabid_dynasty,Aghlabid Dynasty,same,4,north_africa,1,0,0,1,1,0,-174
aghlabid_dynasty,Aghlabid Dynasty,zirid_dynasty,Zirid Dynasty,same,4,north_africa,1,0,0,1,1,0,63
meroitic_kingdom,Kingdom of Meroe (Meroitic Kingdom),aksumite_kingdom,Aksumite Kingdom,same,4,nubia,1,1,0,0,0,0,-250
makuria_kingdom,Kingdom of Makuria,funj_sultanate,Funj Sultanate,same,4,nubia,1,1,0,0,0,0,140
funj_sultanate,Funj Sultanate,darfur_sultanate,Darfur Sultanate,same,4,nubia,1,0,0,1,1,0,-218
funj_sultanate,Funj Sultanate,mahdist_state,Mahdist State,same,4,nubia,1,0,0,1,1,0,64
afsharid_dynasty,Afsharid Dynasty,islamic_republic_iran,Islamic Republic of Iran,same,4,,0,1,0,0,1,0,183
pallava_dynasty,Pallava Dynasty,kakatiya_dynasty,Kakatiya Dynasty,same,4,,0,1,0,0,1,0,186
bahmani_sultanate,Bahmani Sultanate,hyderabad_state,Nizam of Hyderabad,same,4,,0,1,0,0,1,0,197
berber,Berber / Mauretania,numidia,Kingdom of Numidia,unknown,4,,0,0,0,1,0,0,-2
old_babylonian,Old Babylonian Empire,kassite_babylon,Kassite Babylon,unknown,4,,0,0,0,1,0,0,-5
shang_dynasty,Shang Dynasty,western_zhou,Western Zhou (西周),unknown,4,,0,0,0,1,0,0,0
western_zhou,Western Zhou (西周),eastern_zhou,Eastern Zhou (东周),unknown,4,,0,0,0,1,0,0,1
qin_dynasty,Qin Dynasty,western_han,Western Han,unknown,4,,0,0,0,1,0,0,4
western_han,Western Han,xin,Xin Dynasty (新),unknown,4,,0,0,0,1,0,0,0
xin,Xin Dynasty (新),xuan_han,Xuan Han (玄汉),unknown,4,,0,0,0,1,0,0,0
northern_wei,Northern Wei tributary,western_wei,Western Wei / Northern Zhou tributary,unknown,4,,0,0,0,1,0,0,0
later_jin,Later Jin,later_han,Later Han,unknown,4,,0,0,0,1,0,0,0
phoenician_colonies,Phoenician Colonies of Sardinia,carthaginian_sardinia,Carthaginian Sardinia,unknown,4,,0,0,0,1,0,0,0
phoenician_colonies,Phoenician Colonies of Sardinia,carthaginian_western_sicily,Carthaginian Western Sicily,unknown,4,,0,0,0,1,0,0,0
latin_sabine_samnite_peoples,Latin-Sabine-Samnite Peoples,roman_republic,Roman Republic,unknown,4,,0,0,0,1,0,0,-9
italic_peoples,Italic Peoples,roman_republic,Roman Republic,unknown,4,,0,0,0,1,0,0,-9
carolingian_empire,Frankish Kingdom / Carolingian Empire,lombard_principalities,Lombard Principalities of Southern Italy,unknown,4,,0,0,0,1,0,0,6
carolingian_empire,Frankish Kingdom / Carolingian Empire,principality_of_salerno,Principality of Salerno,unknown,4,,0,0,0,1,0,0,8
tuscan_march,March of Tuscany,hohenstaufen_sicily,Hohenstaufen Kingdom of Sicily,unknown,4,,0,0,0,1,0,0,-3
tuscan_march,March of Tuscany,hohenstaufen,Hohenstaufen Imperial Italy,unknown,4,,0,0,0,1,0,0,-3
norman_county_of_apulia,Norman County of Apulia and Calabria,norman_kingdom_of_sicily,Norman Kingdom of Sicily,unknown,4,,0,0,0,1,0,0,0
norman_kingdom_of_sicily,Norman Kingdom of Sicily,hohenstaufen_sicily,Hohenstaufen Kingdom of Sicily,unknown,4,,0,0,0,1,0,0,0
norman_kingdom_of_sicily,Norman Kingdom of Sicily,hohenstaufen,Hohenstaufen Imperial Italy,unknown,4,,0,0,0,1,0,0,0
mongol_il_khanate,Mongol Il-Khanate,chobanid_dynasty,Chobanid dynasty,unknown,4,,0,0,0,1,0,0,0
xueyantuo,Xueyantuo,khazar_khaganate,Khazar Khaganate,unknown,4,,0,0,0,1,0,0,4
sassanid_empire,Sassanid Empire,dabuyid_dynasty,Dabuyid Dynasty,unknown,4,,0,0,0,1,0,0,-9
sassanid_empire,Sassanid Empire,bavandid_dynasty,Bavandid Dynasty,unknown,4,,0,0,0,1,0,0,0
maya_city_states,"Maya City-States (Tikal, Calakmul)",postclassic_maya,"Postclassic Maya (Mayapan, K'iche')",unknown,4,,0,0,0,1,0,0,0
liu_song,Liu Song (刘宋),southern_qi,Southern Qi (南齐),unknown,4,,0,0,0,1,0,0,0
southern_qi,Southern Qi (南齐),liang,Liang Dynasty (梁),unknown,4,,0,0,0,1,0,0,0
liang,Liang Dynasty (梁),chen,Chen Dynasty (陈),unknown,4,,0,0,0,1,0,0,0
chen,Chen Dynasty (陈),sui_dynasty,Sui Dynasty,unknown,4,,0,0,0,1,0,0,-8
five_dynasties,Five Dynasties (North China),later_zhou,Later Zhou (后周),unknown,4,,0,0,0,1,0,0,-9
five_dynasties,Five Dynasties (North China),song_dynasty,Song Dynasty,unknown,4,,0,0,0,1,0,0,0
later_zhou,Later Zhou (后周),northern_song,Northern Song Dynasty,unknown,4,,0,0,0,1,0,0,0
later_zhou,Later Zhou (后周),song_dynasty,Song Dynasty,unknown,4,,0,0,0,1,0,0,0
muhallabid_governors,Muhallabid governors,idrisid_dynasty,Idrisid Dynasty,unknown,4,,0,0,0,1,0,0,-5
muhallabid_governors,Muhallabid governors,aghlabid_dynasty,Aghlabid Dynasty,unknown,4,,0,0,0,1,0,0,7
tahirid_dynasty,Tahirid dynasty,tulunid_dynasty,Tulunid Dynasty,unknown,4,,0,0,0,1,0,0,-5
dulafid_dynasty,Dulafid Dynasty,sajid_dynasty,Sajid dynasty,unknown,4,,0,0,0,1,0,0,-8
dulafid_dynasty,Dulafid Dynasty,hamdanid_emirate,Hamdanid Emirate,unknown,4,,0,0,0,1,0,0,-7
sajid_dynasty,Sajid dynasty,ikhshidid_dynasty,Ikhshidid Dynasty,unknown,4,,0,0,0,1,0,0,6
zirid_dynasty,Zirid Dynasty,banu_ghaniya,Banu Ghaniya,unknown,4,,0,0,0,1,0,0,0
almoravid_dynasty,Almoravid Dynasty,banu_ghaniya,Banu Ghaniya,unknown,4,,0,0,0,1,0,0,1
sulayhid_dynasty,Sulayhid Dynasty,banu_ghaniya,Banu Ghaniya,unknown,4,,0,0,0,1,0,0,10
zengid_dynasty,Zengid Dynasty,hafsid_dynasty,Hafsid Dynasty,unknown,4,,0,0,0,1,0,0,7
banu_ghaniya,Banu Ghaniya,hafsid_dynasty,Hafsid Dynasty,unknown,4,,0,0,0,1,0,0,-8
banu_ghaniya,Banu Ghaniya,marinid_dynasty,Marinid Dynasty,unknown,4,,0,0,0,1,0,0,7
alawite_dynasty,Alawite Dynasty (Morocco),muhammad_ali_dynasty,Muhammad Ali dynasty,unknown,4,,0,0,0,1,0,0,0
alawite_dynasty,Alawite Dynasty (Morocco),united_arab_republic,United Arab Republic,unknown,4,,0,0,0,1,0,0,0
alawite_dynasty,Alawite Dynasty (Morocco),republic_of_yemen,Republic of Yemen,unknown,4,,0,0,0,1,0,0,0
kingdom_of_egypt,Kingdom of Egypt,united_arab_republic,United Arab Republic,unknown,4,,0,0,0,1,0,0,6
muhammad_ali_dynasty,Muhammad Ali dynasty,kingdom_of_jordan,Hashemite Kingdom of Jordan,unknown,4,,0,0,0,1,0,0,-7
muhammad_ali_dynasty,Muhammad Ali dynasty,republic_of_egypt,Republic of Egypt,unknown,4,,0,0,0,1,0,0,-1
muhammad_ali_dynasty,Muhammad Ali dynasty,republic_of_iraq,Republic of Iraq,unknown,4,,0,0,0,1,0,0,5
muhammad_ali_dynasty,Muhammad Ali dynasty,united_arab_republic,United Arab Republic,unknown,4,,0,0,0,1,0,0,5
kingdom_of_iraq,Kingdom of Iraq,united_arab_republic,United Arab Republic,unknown,4,,0,0,0,1,0,0,0
saudi_arabia,Kingdom of Saudi Arabia,united_arab_republic,United Arab Republic,unknown,4,,0,0,0,1,0,0,0
saudi_arabia,Kingdom of Saudi Arabia,republic_of_yemen,Republic of Yemen,unknown,4,,0,0,0,1,0,0,0
kingdom_of_jordan,Hashemite Kingdom of Jordan,united_arab_republic,United Arab Republic,unknown,4,,0,0,0,1,0,0,0
kingdom_of_jordan,Hashemite Kingdom of Jordan,republic_of_yemen,Republic of Yemen,unknown,4,,0,0,0,1,0,0,0
republic_of_egypt,Republic of Egypt,united_arab_republic,United Arab Republic,unknown,4,,0,0,0,1,0,0,0
republic_of_egypt,Republic of Egypt,republic_of_yemen,Republic of Yemen,unknown,4,,0,0,0,1,0,0,0
republic_of_iraq,Republic of Iraq,united_arab_republic,United Arab Republic,unknown,4,,0,0,0,1,0,0,0
republic_of_iraq,Republic of Iraq,republic_of_yemen,Republic of Yemen,unknown,4,,0,0,0,1,0,0,0
croatian_principality,Croatian Principality,croatian_kingdom,Croatian Kingdom,unknown,4,,0,0,0,1,0,0,0
independent_state_of_croatia,Independent State of Croatia,sfr_yugoslavia,SFR Yugoslavia,unknown,4,,0,0,0,1,0,0,0
republic_of_venice,Venice,cisalpine,Cisalpine / Italian Republic,unknown,4,,0,0,0,1,0,0,0
republic_of_genoa,Republic of Genoa,cisalpine,Cisalpine / Italian Republic,unknown,4,,0,0,0,1,0,0,0
grand_duchy_of_tuscany,Grand Duchy of Tuscany,italy,Italy,unknown,4,,0,0,0,1,0,0,2
grand_duchy_of_tuscany,Grand Duchy of Tuscany,kingdom_of_italy,Kingdom of Italy,unknown,4,,0,0,0,1,0,0,2
italy,Italy,italian_east_africa,Italian East Africa,unknown,4,,0,0,0,1,0,0,-10
italy,Italy,italian_albania,Italian Albania,unknown,4,,0,0,0,1,0,0,-7
italy,Italy,italian_social_republic,Italian Social Republic,unknown,4,,0,0,0,1,0,0,-3
italy,Italy,italian_republic,Italian Republic,unknown,4,,0,0,0,1,0,0,0
kingdom_of_italy,Kingdom of Italy,italian_east_africa,Italian East Africa,unknown,4,,0,0,0,1,0,0,-10
kingdom_of_italy,Kingdom of Italy,italian_albania,Italian Albania,unknown,4,,0,0,0,1,0,0,-7
kingdom_of_italy,Kingdom of Italy,italian_social_republic,Italian Social Republic,unknown,4,,0,0,0,1,0,0,-3
kingdom_of_italy,Kingdom of Italy,italian_republic,Italian Republic,unknown,4,,0,0,0,1,0,0,0
fascist_italy,Fascist Italy,italian_east_africa,Italian East Africa,unknown,4,,0,0,0,1,0,0,-7
fascist_italy,Fascist Italy,italian_albania,Italian Albania,unknown,4,,0,0,0,1,0,0,-4
fascist_italy,Fascist Italy,italian_social_republic,Italian Social Republic,unknown,4,,0,0,0,1,0,0,0
fascist_italy,Fascist Italy,italian_republic,Italian Republic,unknown,4,,0,0,0,1,0,0,3
italian_east_africa,Italian East Africa,italian_albania,Italian Albania,unknown,4,,0,0,0,1,0,0,-2
italian_east_africa,Italian East Africa,italian_social_republic,Italian Social Republic,unknown,4,,0,0,0,1,0,0,2
italian_east_africa,Italian East Africa,italian_republic,Italian Republic,unknown,4,,0,0,0,1,0,0,5
italian_albania,Italian Albania,italian_social_republic,Italian Social Republic,unknown,4,,0,0,0,1,0,0,0
italian_albania,Italian Albania,italian_republic,Italian Republic,unknown,4,,0,0,0,1,0,0,3
italian_social_republic,Italian Social Republic,italian_republic,Italian Republic,unknown,4,,0,0,0,1,0,0,1
samanid_empire,Samanid Empire,kakuyid_dynasty,Kakuyid Dynasty,unknown,4,,0,0,0,1,0,0,9
saffarid_dynasty,Saffarid Dynasty,kakuyid_dynasty,Kakuyid Dynasty,unknown,4,,0,0,0,1,0,0,5
rawwadid_dynasty,Rawwadid Dynasty,seljuk_rum,Sultanate of Rum,unknown,4,,0,0,0,1,0,0,6
seljuk_rum,Sultanate of Rum,hormuz_kingdom,Hormuz Kingdom,unknown,4,,0,0,0,1,0,0,-7
salgurid_dynasty,Salgurid Dynasty,khalji_dynasty,Khalji Dynasty,unknown,4,,0,0,0,1,0,0,4
kartid_dynasty,Kartid Dynasty,malwa_sultanate,Malwa Sultanate,unknown,4,,0,0,0,1,0,0,3
kartid_dynasty,Kartid Dynasty,jaunpur_sultanate,Jaunpur Sultanate,unknown,4,,0,0,0,1,0,0,5
ilkhanate,Ilkhanate,injuid_dynasty,Injuid Dynasty,unknown,4,,0,0,0,1,0,0,0
madurai_sultanate,Madurai Sultanate,karkiya_dynasty,Kar-Kiya Dynasty,unknown,4,,0,0,0,1,0,0,-8
hungarian_grand_principality,Hungarian Grand Principality,hungary,Hungary,unknown,4,,0,0,0,1,0,0,0
latin_empire,Latin Empire,angevin_kingdom_of_naples,Angevin Kingdom of Naples,unknown,4,,0,0,0,1,0,0,5
french_caribbean,French Caribbean,louisiana_territory,Louisiana Territory (French),unknown,4,,0,0,0,1,0,0,0
french_caribbean,French Caribbean,french_first_empire,French First Empire,unknown,4,,0,0,0,1,0,0,0
french_caribbean,French Caribbean,haiti,Republic of Haiti,unknown,4,,0,0,0,1,0,0,0
french_caribbean,French Caribbean,vichy_france,Vichy France,unknown,4,,0,0,0,1,0,0,0
louisiana_territory,Louisiana Territory (French),french_first_empire,French First Empire,unknown,4,,0,0,0,1,0,0,1
louisiana_territory,Louisiana Territory (French),haiti,Republic of Haiti,unknown,4,,0,0,0,1,0,0,1
french_first_empire,French First Empire,haiti,Republic of Haiti,unknown,4,,0,0,0,1,0,0,-10
haiti,Republic of Haiti,vichy_france,Vichy France,unknown,4,,0,0,0,1,0,0,0
shun,Shun Dynasty (顺),southern_ming,Southern Ming (南明),unknown,4,,0,0,0,1,0,0,0
southern_ming,Southern Ming (南明),kingdom_of_tungning,Kingdom of Tungning (东宁),unknown,4,,0,0,0,1,0,0,0
austrian_empire,Austrian Empire,austria_hungary,Austria-Hungary / Italian occupation zones,unknown,4,,0,0,0,1,0,0,0
austrian_empire,Austrian Empire,german_empire,German Empire (Deutsches Reich),unknown,4,,0,0,0,1,0,0,4
german_confederation,German Confederation (Deutscher Bund,austria_hungary,Austria-Hungary / Italian occupation zones,unknown,4,,0,0,0,1,0,0,1
german_confederation,German Confederation (Deutscher Bund,german_empire,German Empire (Deutsches Reich),unknown,4,,0,0,0,1,0,0,5
austria_hungary,Austria-Hungary / Italian occupation zones,weimar_republic,Weimar Republic,unknown,4,,0,0,0,1,0,0,0
brunei_sultanate,Brunei Sultanate,sulu_sultanate,Sulu Sultanate,unknown,4,,0,0,0,1,0,0,0
beiyang_government,Beiyang Government (北洋政府),wuhan_government,Wuhan Government (武汉政府),unknown,4,,0,0,0,1,0,0,-1
beiyang_government,Beiyang Government (北洋政府),nationalist_government,Nationalist Government (国民政府),unknown,4,,0,0,0,1,0,0,0
beiyang_government,Beiyang Government (北洋政府),chinese_soviet_republic,Chinese Soviet Republic (中华苏维埃),unknown,4,,0,0,0,1,0,0,3
wuhan_government,Wuhan Government (武汉政府),nationalist_government,Nationalist Government (国民政府),unknown,4,,0,0,0,1,0,0,1
wuhan_government,Wuhan Government (武汉政府),chinese_soviet_republic,Chinese Soviet Republic (中华苏维埃),unknown,4,,0,0,0,1,0,0,4
nationalist_government,Nationalist Government (国民政府),wang_jingwei_regime,Wang Jingwei Regime (汪精卫政权),unknown,4,,0,0,0,1,0,0,-9
chinese_soviet_republic,Chinese Soviet Republic (中华苏维埃),wang_jingwei_regime,Wang Jingwei Regime (汪精卫政权),unknown,4,,0,0,0,1,0,0,3
spanish_caribbean,Spanish Caribbean (Cuba/Hispaniola/Puerto Rico),cuba,Republic of Cuba,unknown,4,,0,0,0,1,0,0,4
spanish_florida,Spanish Florida,paraguay,Republic of Paraguay,unknown,4,,0,0,0,1,0,0,-10
spanish_florida,Spanish Florida,argentina,Argentine Republic,unknown,4,,0,0,0,1,0,0,-5
spanish_florida,Spanish Florida,chile,Republic of Chile,unknown,4,,0,0,0,1,0,0,-3
spanish_florida,Spanish Florida,gran_colombia,Gran Colombia,unknown,4,,0,0,0,1,0,0,-2
spanish_florida,Spanish Florida,first_mexican_empire,First Mexican Empire,unknown,4,,0,0,0,1,0,0,0
spanish_florida,Spanish Florida,mexico,Mexico (United Mexican States),unknown,4,,0,0,0,1,0,0,0
spanish_florida,Spanish Florida,peru,Republic of Peru,unknown,4,,0,0,0,1,0,0,3
spanish_florida,Spanish Florida,bolivia,Republic of Bolivia,unknown,4,,0,0,0,1,0,0,4
spanish_florida,Spanish Florida,uruguay,Oriental Republic of Uruguay,unknown,4,,0,0,0,1,0,0,7
spanish_florida,Spanish Florida,ecuador,Republic of Ecuador,unknown,4,,0,0,0,1,0,0,9
spanish_florida,Spanish Florida,venezuela,Republic of Venezuela,unknown,4,,0,0,0,1,0,0,9
spanish_florida,Spanish Florida,colombia,Republic of Colombia,unknown,4,,0,0,0,1,0,0,10
new_spain,Viceroyalty of New Spain,paraguay,Republic of Paraguay,unknown,4,,0,0,0,1,0,0,-10
new_spain,Viceroyalty of New Spain,argentina,Argentine Republic,unknown,4,,0,0,0,1,0,0,-5
new_spain,Viceroyalty of New Spain,chile,Republic of Chile,unknown,4,,0,0,0,1,0,0,-3
new_spain,Viceroyalty of New Spain,gran_colombia,Gran Colombia,unknown,4,,0,0,0,1,0,0,-2
new_spain,Viceroyalty of New Spain,first_mexican_empire,First Mexican Empire,unknown,4,,0,0,0,1,0,0,0
new_spain,Viceroyalty of New Spain,mexico,Mexico (United Mexican States),unknown,4,,0,0,0,1,0,0,0
new_spain,Viceroyalty of New Spain,peru,Republic of Peru,unknown,4,,0,0,0,1,0,0,3
new_spain,Viceroyalty of New Spain,bolivia,Republic of Bolivia,unknown,4,,0,0,0,1,0,0,4
new_spain,Viceroyalty of New Spain,uruguay,Oriental Republic of Uruguay,unknown,4,,0,0,0,1,0,0,7
new_spain,Viceroyalty of New Spain,ecuador,Republic of Ecuador,unknown,4,,0,0,0,1,0,0,9
new_spain,Viceroyalty of New Spain,venezuela,Republic of Venezuela,unknown,4,,0,0,0,1,0,0,9
new_spain,Viceroyalty of New Spain,colombia,Republic of Colombia,unknown,4,,0,0,0,1,0,0,10
viceroyalty_of_peru,Viceroyalty of Peru,argentina,Argentine Republic,unknown,4,,0,0,0,1,0,0,-8
viceroyalty_of_peru,Viceroyalty of Peru,chile,Republic of Chile,unknown,4,,0,0,0,1,0,0,-6
viceroyalty_of_peru,Viceroyalty of Peru,gran_colombia,Gran Colombia,unknown,4,,0,0,0,1,0,0,-5
viceroyalty_of_peru,Viceroyalty of Peru,first_mexican_empire,First Mexican Empire,unknown,4,,0,0,0,1,0,0,-3
viceroyalty_of_peru,Viceroyalty of Peru,mexico,Mexico (United Mexican States),unknown,4,,0,0,0,1,0,0,-3
viceroyalty_of_peru,Viceroyalty of Peru,peru,Republic of Peru,unknown,4,,0,0,0,1,0,0,0
viceroyalty_of_peru,Viceroyalty of Peru,bolivia,Republic of Bolivia,unknown,4,,0,0,0,1,0,0,1
viceroyalty_of_peru,Viceroyalty of Peru,uruguay,Oriental Republic of Uruguay,unknown,4,,0,0,0,1,0,0,4
viceroyalty_of_peru,Viceroyalty of Peru,ecuador,Republic of Ecuador,unknown,4,,0,0,0,1,0,0,6
viceroyalty_of_peru,Viceroyalty of Peru,venezuela,Republic of Venezuela,unknown,4,,0,0,0,1,0,0,6
viceroyalty_of_peru,Viceroyalty of Peru,colombia,Republic of Colombia,unknown,4,,0,0,0,1,0,0,7
viceroyalty_of_new_granada,Viceroyalty of New Granada,paraguay,Republic of Paraguay,unknown,4,,0,0,0,1,0,0,-8
viceroyalty_of_new_granada,Viceroyalty of New Granada,argentina,Argentine Republic,unknown,4,,0,0,0,1,0,0,-3
viceroyalty_of_new_granada,Viceroyalty of New Granada,chile,Republic of Chile,unknown,4,,0,0,0,1,0,0,-1
viceroyalty_of_new_granada,Viceroyalty of New Granada,gran_colombia,Gran Colombia,unknown,4,,0,0,0,1,0,0,0
viceroyalty_of_new_granada,Viceroyalty of New Granada,first_mexican_empire,First Mexican Empire,unknown,4,,0,0,0,1,0,0,2
viceroyalty_of_new_granada,Viceroyalty of New Granada,mexico,Mexico (United Mexican States),unknown,4,,0,0,0,1,0,0,2
viceroyalty_of_new_granada,Viceroyalty of New Granada,peru,Republic of Peru,unknown,4,,0,0,0,1,0,0,5
viceroyalty_of_new_granada,Viceroyalty of New Granada,bolivia,Republic of Bolivia,unknown,4,,0,0,0,1,0,0,6
viceroyalty_of_new_granada,Viceroyalty of New Granada,uruguay,Oriental Republic of Uruguay,unknown,4,,0,0,0,1,0,0,9
viceroyalty_of_rio_de_la_plata,Viceroyalty of Río de la Plata,paraguay,Republic of Paraguay,unknown,4,,0,0,0,1,0,0,-5
viceroyalty_of_rio_de_la_plata,Viceroyalty of Río de la Plata,argentina,Argentine Republic,unknown,4,,0,0,0,1,0,0,0
viceroyalty_of_rio_de_la_plata,Viceroyalty of Río de la Plata,chile,Republic of Chile,unknown,4,,0,0,0,1,0,0,2
viceroyalty_of_rio_de_la_plata,Viceroyalty of Río de la Plata,gran_colombia,Gran Colombia,unknown,4,,0,0,0,1,0,0,3
viceroyalty_of_rio_de_la_plata,Viceroyalty of Río de la Plata,first_mexican_empire,First Mexican Empire,unknown,4,,0,0,0,1,0,0,5
viceroyalty_of_rio_de_la_plata,Viceroyalty of Río de la Plata,mexico,Mexico (United Mexican States),unknown,4,,0,0,0,1,0,0,5
viceroyalty_of_rio_de_la_plata,Viceroyalty of Río de la Plata,peru,Republic of Peru,unknown,4,,0,0,0,1,0,0,8
viceroyalty_of_rio_de_la_plata,Viceroyalty of Río de la Plata,bolivia,Republic of Bolivia,unknown,4,,0,0,0,1,0,0,9
paraguay,Republic of Paraguay,argentina,Argentine Republic,unknown,4,,0,0,0,1,0,0,0
paraguay,Republic of Paraguay,chile,Republic of Chile,unknown,4,,0,0,0,1,0,0,0
paraguay,Republic of Paraguay,gran_colombia,Gran Colombia,unknown,4,,0,0,0,1,0,0,0
paraguay,Republic of Paraguay,first_mexican_empire,First Mexican Empire,unknown,4,,0,0,0,1,0,0,0
paraguay,Republic of Paraguay,mexico,Mexico (United Mexican States),unknown,4,,0,0,0,1,0,0,0
paraguay,Republic of Paraguay,peru,Republic of Peru,unknown,4,,0,0,0,1,0,0,0
paraguay,Republic of Paraguay,bolivia,Republic of Bolivia,unknown,4,,0,0,0,1,0,0,0
paraguay,Republic of Paraguay,uruguay,Oriental Republic of Uruguay,unknown,4,,0,0,0,1,0,0,0
paraguay,Republic of Paraguay,ecuador,Republic of Ecuador,unknown,4,,0,0,0,1,0,0,0
paraguay,Republic of Paraguay,venezuela,Republic of Venezuela,unknown,4,,0,0,0,1,0,0,0
paraguay,Republic of Paraguay,colombia,Republic of Colombia,unknown,4,,0,0,0,1,0,0,0
paraguay,Republic of Paraguay,dominican_republic,Dominican Republic,unknown,4,,0,0,0,1,0,0,0
paraguay,Republic of Paraguay,second_mexican_empire,Second Mexican Empire,unknown,4,,0,0,0,1,0,0,0
paraguay,Republic of Paraguay,cuba,Republic of Cuba,unknown,4,,0,0,0,1,0,0,0
argentina,Argentine Republic,chile,Republic of Chile,unknown,4,,0,0,0,1,0,0,0
argentina,Argentine Republic,gran_colombia,Gran Colombia,unknown,4,,0,0,0,1,0,0,0
argentina,Argentine Republic,first_mexican_empire,First Mexican Empire,unknown,4,,0,0,0,1,0,0,0
argentina,Argentine Republic,mexico,Mexico (United Mexican States),unknown,4,,0,0,0,1,0,0,0
argentina,Argentine Republic,peru,Republic of Peru,unknown,4,,0,0,0,1,0,0,0
argentina,Argentine Republic,bolivia,Republic of Bolivia,unknown,4,,0,0,0,1,0,0,0
argentina,Argentine Republic,uruguay,Oriental Republic of Uruguay,unknown,4,,0,0,0,1,0,0,0
argentina,Argentine Republic,ecuador,Republic of Ecuador,unknown,4,,0,0,0,1,0,0,0
argentina,Argentine Republic,venezuela,Republic of Venezuela,unknown,4,,0,0,0,1,0,0,0
argentina,Argentine Republic,colombia,Republic of Colombia,unknown,4,,0,0,0,1,0,0,0
argentina,Argentine Republic,dominican_republic,Dominican Republic,unknown,4,,0,0,0,1,0,0,0
argentina,Argentine Republic,second_mexican_empire,Second Mexican Empire,unknown,4,,0,0,0,1,0,0,0
argentina,Argentine Republic,cuba,Republic of Cuba,unknown,4,,0,0,0,1,0,0,0
chile,Republic of Chile,gran_colombia,Gran Colombia,unknown,4,,0,0,0,1,0,0,0
chile,Republic of Chile,first_mexican_empire,First Mexican Empire,unknown,4,,0,0,0,1,0,0,0
chile,Republic of Chile,mexico,Mexico (United Mexican States),unknown,4,,0,0,0,1,0,0,0
chile,Republic of Chile,peru,Republic of Peru,unknown,4,,0,0,0,1,0,0,0
chile,Republic of Chile,bolivia,Republic of Bolivia,unknown,4,,0,0,0,1,0,0,0
chile,Republic of Chile,uruguay,Oriental Republic of Uruguay,unknown,4,,0,0,0,1,0,0,0
chile,Republic of Chile,ecuador,Republic of Ecuador,unknown,4,,0,0,0,1,0,0,0
chile,Republic of Chile,venezuela,Republic of Venezuela,unknown,4,,0,0,0,1,0,0,0
chile,Republic of Chile,colombia,Republic of Colombia,unknown,4,,0,0,0,1,0,0,0
chile,Republic of Chile,dominican_republic,Dominican Republic,unknown,4,,0,0,0,1,0,0,0
chile,Republic of Chile,second_mexican_empire,Second Mexican Empire,unknown,4,,0,0,0,1,0,0,0
chile,Republic of Chile,cuba,Republic of Cuba,unknown,4,,0,0,0,1,0,0,0
gran_colombia,Gran Colombia,first_mexican_empire,First Mexican Empire,unknown,4,,0,0,0,1,0,0,-10
gran_colombia,Gran Colombia,mexico,Mexico (United Mexican States),unknown,4,,0,0,0,1,0,0,-10
gran_colombia,Gran Colombia,peru,Republic of Peru,unknown,4,,0,0,0,1,0,0,-7
gran_colombia,Gran Colombia,bolivia,Republic of Bolivia,unknown,4,,0,0,0,1,0,0,-6
gran_colombia,Gran Colombia,uruguay,Oriental Republic of Uruguay,unknown,4,,0,0,0,1,0,0,-3
gran_colombia,Gran Colombia,ecuador,Republic of Ecuador,unknown,4,,0,0,0,1,0,0,-1
gran_colombia,Gran Colombia,venezuela,Republic of Venezuela,unknown,4,,0,0,0,1,0,0,-1
gran_colombia,Gran Colombia,colombia,Republic of Colombia,unknown,4,,0,0,0,1,0,0,0
first_mexican_empire,First Mexican Empire,mexico,Mexico (United Mexican States),unknown,4,,0,0,0,1,0,0,-2
first_mexican_empire,First Mexican Empire,peru,Republic of Peru,unknown,4,,0,0,0,1,0,0,1
first_mexican_empire,First Mexican Empire,bolivia,Republic of Bolivia,unknown,4,,0,0,0,1,0,0,2
first_mexican_empire,First Mexican Empire,uruguay,Oriental Republic of Uruguay,unknown,4,,0,0,0,1,0,0,5
first_mexican_empire,First Mexican Empire,ecuador,Republic of Ecuador,unknown,4,,0,0,0,1,0,0,7
first_mexican_empire,First Mexican Empire,venezuela,Republic of Venezuela,unknown,4,,0,0,0,1,0,0,7
first_mexican_empire,First Mexican Empire,colombia,Republic of Colombia,unknown,4,,0,0,0,1,0,0,8
mexico,Mexico (United Mexican States),peru,Republic of Peru,unknown,4,,0,0,0,1,0,0,0
mexico,Mexico (United Mexican States),bolivia,Republic of Bolivia,unknown,4,,0,0,0,1,0,0,0
mexico,Mexico (United Mexican States),uruguay,Oriental Republic of Uruguay,unknown,4,,0,0,0,1,0,0,0
mexico,Mexico (United Mexican States),ecuador,Republic of Ecuador,unknown,4,,0,0,0,1,0,0,0
mexico,Mexico (United Mexican States),venezuela,Republic of Venezuela,unknown,4,,0,0,0,1,0,0,0
mexico,Mexico (United Mexican States),colombia,Republic of Colombia,unknown,4,,0,0,0,1,0,0,0
mexico,Mexico (United Mexican States),dominican_republic,Dominican Republic,unknown,4,,0,0,0,1,0,0,0
mexico,Mexico (United Mexican States),second_mexican_empire,Second Mexican Empire,unknown,4,,0,0,0,1,0,0,0
mexico,Mexico (United Mexican States),cuba,Republic of Cuba,unknown,4,,0,0,0,1,0,0,0
peru,Republic of Peru,bolivia,Republic of Bolivia,unknown,4,,0,0,0,1,0,0,0
peru,Republic of Peru,uruguay,Oriental Republic of Uruguay,unknown,4,,0,0,0,1,0,0,0
peru,Republic of Peru,ecuador,Republic of Ecuador,unknown,4,,0,0,0,1,0,0,0
peru,Republic of Peru,venezuela,Republic of Venezuela,unknown,4,,0,0,0,1,0,0,0
peru,Republic of Peru,colombia,Republic of Colombia,unknown,4,,0,0,0,1,0,0,0
peru,Republic of Peru,dominican_republic,Dominican Republic,unknown,4,,0,0,0,1,0,0,0
peru,Republic of Peru,second_mexican_empire,Second Mexican Empire,unknown,4,,0,0,0,1,0,0,0
peru,Republic of Peru,cuba,Republic of Cuba,unknown,4,,0,0,0,1,0,0,0
bolivia,Republic of Bolivia,uruguay,Oriental Republic of Uruguay,unknown,4,,0,0,0,1,0,0,0
bolivia,Republic of Bolivia,ecuador,Republic of Ecuador,unknown,4,,0,0,0,1,0,0,0
bolivia,Republic of Bolivia,venezuela,Republic of Venezuela,unknown,4,,0,0,0,1,0,0,0
bolivia,Republic of Bolivia,colombia,Republic of Colombia,unknown,4,,0,0,0,1,0,0,0
bolivia,Republic of Bolivia,dominican_republic,Dominican Republic,unknown,4,,0,0,0,1,0,0,0
bolivia,Republic of Bolivia,second_mexican_empire,Second Mexican Empire,unknown,4,,0,0,0,1,0,0,0
bolivia,Republic of Bolivia,cuba,Republic of Cuba,unknown,4,,0,0,0,1,0,0,0
uruguay,Oriental Republic of Uruguay,ecuador,Republic of Ecuador,unknown,4,,0,0,0,1,0,0,0
uruguay,Oriental Republic of Uruguay,venezuela,Republic of Venezuela,unknown,4,,0,0,0,1,0,0,0
uruguay,Oriental Republic of Uruguay,colombia,Republic of Colombia,unknown,4,,0,0,0,1,0,0,0
uruguay,Oriental Republic of Uruguay,dominican_republic,Dominican Republic,unknown,4,,0,0,0,1,0,0,0
uruguay,Oriental Republic of Uruguay,second_mexican_empire,Second Mexican Empire,unknown,4,,0,0,0,1,0,0,0
uruguay,Oriental Republic of Uruguay,cuba,Republic of Cuba,unknown,4,,0,0,0,1,0,0,0
ecuador,Republic of Ecuador,venezuela,Republic of Venezuela,unknown,4,,0,0,0,1,0,0,0
ecuador,Republic of Ecuador,colombia,Republic of Colombia,unknown,4,,0,0,0,1,0,0,0
ecuador,Republic of Ecuador,dominican_republic,Dominican Republic,unknown,4,,0,0,0,1,0,0,0
ecuador,Republic of Ecuador,second_mexican_empire,Second Mexican Empire,unknown,4,,0,0,0,1,0,0,0
ecuador,Republic of Ecuador,cuba,Republic of Cuba,unknown,4,,0,0,0,1,0,0,0
venezuela,Republic of Venezuela,colombia,Republic of Colombia,unknown,4,,0,0,0,1,0,0,0
venezuela,Republic of Venezuela,dominican_republic,Dominican Republic,unknown,4,,0,0,0,1,0,0,0
venezuela,Republic of Venezuela,second_mexican_empire,Second Mexican Empire,unknown,4,,0,0,0,1,0,0,0
venezuela,Republic of Venezuela,cuba,Republic of Cuba,unknown,4,,0,0,0,1,0,0,0
colombia,Republic of Colombia,dominican_republic,Dominican Republic,unknown,4,,0,0,0,1,0,0,0
colombia,Republic of Colombia,second_mexican_empire,Second Mexican Empire,unknown,4,,0,0,0,1,0,0,0
colombia,Republic of Colombia,cuba,Republic of Cuba,unknown,4,,0,0,0,1,0,0,0
dominican_republic,Dominican Republic,second_mexican_empire,Second Mexican Empire,unknown,4,,0,0,0,1,0,0,0
dominican_republic,Dominican Republic,cuba,Republic of Cuba,unknown,4,,0,0,0,1,0,0,0
portuguese_brazil,Portuguese Brazil,empire_of_brazil,Empire of Brazil,unknown,4,,0,0,0,1,0,0,0
empire_of_brazil,Empire of Brazil,republic_of_brazil,Federative Republic of Brazil,unknown,4,,0,0,0,1,0,0,0
jamestown_colony,Jamestown Colony,plymouth_colony,Plymouth Colony,unknown,4,,0,0,0,1,0,0,-4
jamestown_colony,Jamestown Colony,british_caribbean,British Caribbean,unknown,4,,0,0,0,1,0,0,0
thirteen_colonies,Thirteen Colonies,united_states,United States of America,unknown,4,,0,0,0,1,0,0,0
rupert_land,Rupert's Land (Hudson's Bay Company),confederate_states,Confederate States of America,unknown,4,,0,0,0,1,0,0,-9
rupert_land,Rupert's Land (Hudson's Bay Company),dominion_of_canada,Dominion of Canada,unknown,4,,0,0,0,1,0,0,-3
united_states,United States of America,united_kingdom,United Kingdom of Great Britain and Ireland,unknown,4,,0,0,0,1,0,0,0
united_states,United States of America,texas_republic,Republic of Texas,unknown,4,,0,0,0,1,0,0,0
united_states,United States of America,california_republic,California Republic,unknown,4,,0,0,0,1,0,0,0
united_states,United States of America,british_raj,British Raj,unknown,4,,0,0,0,1,0,0,0
united_states,United States of America,confederate_states,Confederate States of America,unknown,4,,0,0,0,1,0,0,0
united_states,United States of America,dominion_of_canada,Dominion of Canada,unknown,4,,0,0,0,1,0,0,0
united_states,United States of America,hawaii_republic,Republic of Hawaiʻi,unknown,4,,0,0,0,1,0,0,0
united_states,United States of America,british_military_administration,British Military Administration,unknown,4,,0,0,0,1,0,0,0
united_states,United States of America,canada,Canada,unknown,4,,0,0,0,1,0,0,0
united_kingdom,United Kingdom of Great Britain and Ireland,texas_republic,Republic of Texas,unknown,4,,0,0,0,1,0,0,0
united_kingdom,United Kingdom of Great Britain and Ireland,california_republic,California Republic,unknown,4,,0,0,0,1,0,0,0
united_kingdom,United Kingdom of Great Britain and Ireland,confederate_states,Confederate States of America,unknown,4,,0,0,0,1,0,0,0
united_kingdom,United Kingdom of Great Britain and Ireland,dominion_of_canada,Dominion of Canada,unknown,4,,0,0,0,1,0,0,0
united_kingdom,United Kingdom of Great Britain and Ireland,hawaii_republic,Republic of Hawaiʻi,unknown,4,,0,0,0,1,0,0,0
united_kingdom,United Kingdom of Great Britain and Ireland,british_military_administration,British Military Administration,unknown,4,,0,0,0,1,0,0,0
united_kingdom,United Kingdom of Great Britain and Ireland,canada,Canada,unknown,4,,0,0,0,1,0,0,0
texas_republic,Republic of Texas,california_republic,California Republic,unknown,4,,0,0,0,1,0,0,0
british_raj,British Raj,british_military_administration,British Military Administration,unknown,4,,0,0,0,1,0,0,-4
confederate_states,Confederate States of America,dominion_of_canada,Dominion of Canada,unknown,4,,0,0,0,1,0,0,2
dominion_of_canada,Dominion of Canada,canada,Canada,unknown,4,,0,0,0,1,0,0,0
kingdom_of_naples,Kingdom of Naples,kingdom_of_the_two_sicilies,Kingdom of the Two Sicilies,unknown,4,,0,0,0,1,0,0,0
carolingian_empire,Frankish Kingdom / Carolingian Empire,kingdom_of_france,Kingdom of France,contraction,3,aquitaine|gaul,2,0,0,0,1,0,144
ottoman_empire,Ottoman Empire,saudi_arabia,Kingdom of Saudi Arabia,contraction,3,arabia,1,0,0,0,0,0,10
sassanid_empire,Sassanid Empire,khazar_khaganate,Khazar Khaganate,contraction,3,caucasus,1,0,0,0,0,0,-1
ottoman_empire,Ottoman Empire,soviet_union,Soviet Union,contraction,3,caucasus,1,0,0,0,0,0,0
maurya_empire,Maurya Empire,satavahana_empire,Satavahana Empire,contraction,3,deccan,1,0,0,0,1,0,-45
mughal_empire,Mughal Empire,republic_of_india,Republic of India,contraction,3,deccan|ganges_plain|punjab,3,0,0,0,0,0,90
achaemenid_empire,Achaemenid Empire,ptolemaic_egypt,Ptolemaic Kingdom,contraction,3,egypt|levant,2,0,0,0,0,0,25
roman_empire,Roman Empire,carolingian_empire,Frankish Kingdom / Carolingian Empire,contraction,3,gaul,1,0,0,1,0,0,91
maurya_empire,Maurya Empire,indo_scythian_kingdom,Indo-Scythian Kingdom,contraction,3,indus_valley|punjab,2,0,0,0,0,0,-15
durrani_empire,Durrani Empire,pakistan,Pakistan,contraction,3,indus_valley|punjab,2,0,0,0,1,0,121
macedonian_empire,Macedonian Empire (Alexander),parthian_empire,Parthian Empire (Arsacid),contraction,3,iran_plateau|khorasan|mesopotamia,3,0,0,0,0,0,76
umayyad_caliphate,Umayyad Caliphate,saffarid_dynasty,Saffarid Dynasty,contraction,3,iran_plateau|khorasan,2,0,0,0,1,0,111
abbasid_caliphate,Abbasid Caliphate,seljuk_empire,Seljuk Empire,contraction,3,iran_plateau|mesopotamia,2,0,0,0,1,0,-221
mongol_empire,Mongol Empire,safavid_empire,Safavid Empire,contraction,3,iran_plateau|khorasan|mesopotamia,3,0,0,0,0,0,133
ilkhanate,Ilkhanate,kara_koyunlu,Kara Koyunlu (Black Sheep Turkmen),contraction,3,iran_plateau|mesopotamia,2,0,0,0,0,0,39
ilkhanate,Ilkhanate,aq_qoyunlu,Aq Qoyunlu (White Sheep Turkmen),contraction,3,iran_plateau|mesopotamia,2,0,0,0,0,0,43
safavid_empire,Safavid Empire,hotak_dynasty,Hotak Dynasty,contraction,3,iran_plateau|khorasan,2,0,0,0,0,0,-27
roman_empire,Roman Empire,odoacer_kingdom,Kingdom of Odoacer,contraction,3,italy,1,0,0,1,0,0,81
roman_empire,Roman Empire,ostrogothic_kingdom,Ostrogothic Kingdom of Italy,contraction,3,italy,1,0,0,1,0,0,98
umayyad_caliphate,Umayyad Caliphate,samanid_empire,Samanid Empire,contraction,3,khorasan|transoxiana,2,0,0,0,1,0,69
kievan_rus,Kievan Rus,grand_duchy_moscow,Grand Duchy of Moscow,contraction,3,kievan_rus,1,0,0,0,1,0,43
russian_empire,Russian Empire,russian_federation,Russian Federation,contraction,3,kievan_rus,1,0,0,1,0,0,74
empire_of_japan,Empire of Japan (Meiji),south_korea,Republic of Korea (South Korea),contraction,3,korean_peninsula,1,0,0,0,0,0,1
empire_of_japan,Empire of Japan (Meiji),north_korea,Democratic People's Republic of Korea (North Korea),contraction,3,korean_peninsula,1,0,0,0,0,0,1
abbasid_caliphate,Abbasid Caliphate,ayyubid_sultanate,Ayyubid Sultanate,contraction,3,levant,1,0,0,1,0,0,-87
akkadian_empire,Akkadian Empire,ur_iii,Third Dynasty of Ur (Neo-Sumerian),contraction,3,mesopotamia,1,0,0,0,1,0,42
ottoman_empire,Ottoman Empire,kingdom_of_iraq,Kingdom of Iraq,contraction,3,mesopotamia,1,0,0,0,0,0,-1
abbasid_caliphate,Abbasid Caliphate,rustamid_dynasty,Rustamid Dynasty,contraction,3,north_africa,1,0,0,1,0,0,-482
abbasid_caliphate,Abbasid Caliphate,idrisid_dynasty,Idrisid Dynasty,contraction,3,north_africa,1,0,0,1,0,0,-470
abbasid_caliphate,Abbasid Caliphate,aghlabid_dynasty,Aghlabid Dynasty,contraction,3,north_africa,1,0,0,1,0,0,-458
abbasid_caliphate,Abbasid Caliphate,zirid_dynasty,Zirid Dynasty,contraction,3,north_africa,1,0,0,1,0,0,-286
abbasid_caliphate,Abbasid Caliphate,almoravid_dynasty,Almoravid Dynasty,contraction,3,north_africa,1,0,0,1,0,0,-218
fatimid_caliphate,Fatimid Caliphate,zirid_dynasty,Zirid Dynasty,contraction,3,north_africa,1,0,0,1,0,0,-199
fatimid_caliphate,Fatimid Caliphate,almoravid_dynasty,Almoravid Dynasty,contraction,3,north_africa,1,0,0,1,0,0,-131
fatimid_caliphate,Fatimid Caliphate,hafsid_dynasty,Hafsid Dynasty,contraction,3,north_africa,1,0,0,1,0,0,58
fatimid_caliphate,Fatimid Caliphate,marinid_dynasty,Marinid Dynasty,contraction,3,north_africa,1,0,0,1,0,0,73
seljuk_empire,Seljuk Empire,chagatai_khanate,Chagatai Khanate,contraction,3,transoxiana,1,0,0,0,1,0,32
sassanid_empire,Sassanid Empire,samanid_empire,Samanid Empire,contraction,3,,0,1,0,0,0,0,168
sassanid_empire,Sassanid Empire,saffarid_dynasty,Saffarid Dynasty,contraction,3,,0,1,0,0,0,0,210
sassanid_empire,Sassanid Empire,buyid_dynasty,Buyid Dynasty,contraction,3,,0,1,0,0,0,0,283
safavid_empire,Safavid Empire,pahlavi_dynasty,Pahlavi Dynasty,contraction,3,,0,1,0,0,0,0,189
safavid_empire,Safavid Empire,islamic_republic_iran,Islamic Republic of Iran,contraction,3,,0,1,0,0,0,0,243
ming_dynasty,Ming Dynasty,manchukuo,Manchukuo,contraction,3,,0,1,0,0,0,0,288
avar_khaganate,Avar Khaganate,western_xia,Western Xia (Tangut Empire),contraction,3,,0,1,0,0,0,0,234
gupta_empire,Gupta Empire,pala_empire,Pala Empire,contraction,3,,0,1,0,0,0,0,200
kara_khanid_khanate,Kara-Khanid Khanate,kazakh_khanate,Kazakh Khanate,contraction,3,,0,1,0,0,0,0,253
seljuk_empire,Seljuk Empire,kara_koyunlu,Kara Koyunlu (Black Sheep Turkmen),contraction,3,,0,1,0,0,0,0,180
seljuk_empire,Seljuk Empire,aq_qoyunlu,Aq Qoyunlu (White Sheep Turkmen),contraction,3,,0,1,0,0,0,0,184
ottoman_empire,Ottoman Empire,kara_koyunlu,Kara Koyunlu (Black Sheep Turkmen),contraction,3,,0,1,0,0,0,0,-548
timurid_empire,Timurid Empire,khanate_of_kokand,Khanate of Kokand,contraction,3,,0,1,0,0,0,0,202
goguryeo,Goguryeo,goryeo,Goryeo Dynasty,contraction,3,,0,1,0,0,0,0,250
mongol_empire,Mongol Empire,dzungar_khanate,Dzungar Khanate,contraction,3,,0,1,0,0,0,0,266
mongol_empire,Mongol Empire,khoshut_khanate,Khoshut Khanate,contraction,3,,0,1,0,0,0,0,274
chagatai_khanate,Chagatai Khanate,dzungar_khanate,Dzungar Khanate,contraction,3,,0,1,0,0,0,0,287
chagatai_khanate,Chagatai Khanate,khoshut_khanate,Khoshut Khanate,contraction,3,,0,1,0,0,0,0,295
umayyad_caliphate,Umayyad Caliphate,ikhshidid_dynasty,Ikhshidid Dynasty,contraction,3,,0,0,0,1,1,0,185
abbasid_caliphate,Abbasid Caliphate,hafsid_dynasty,Hafsid Dynasty,contraction,3,,0,0,0,1,0,0,-29
abbasid_caliphate,Abbasid Caliphate,marinid_dynasty,Marinid Dynasty,contraction,3,,0,0,0,1,0,0,-14
ghorid_dynasty,Ghorid Sultanate,malwa_sultanate,Malwa Sultanate,contraction,3,,0,0,0,1,1,0,177
ghorid_dynasty,Ghorid Sultanate,jaunpur_sultanate,Jaunpur Sultanate,contraction,3,,0,0,0,1,1,0,179
cao_wei,Cao Wei,eastern_wu,Eastern Wu,displacement,3,,0,0,0,1,0,0,-43
shu_han,Shu Han,eastern_wu,Eastern Wu,displacement,3,,0,0,0,1,0,0,-41
eastern_jin,Eastern Jin Dynasty,northern_dynasties,Northern Dynasties,displacement,3,,0,0,0,1,0,0,-34
vandal_kingdom,Vandal Kingdom of North Africa,carolingian_empire,Frankish Kingdom / Carolingian Empire,displacement,3,,0,0,0,1,0,0,-47
vandal_kingdom,Vandal Kingdom of North Africa,ostrogothic_kingdom,Ostrogothic Kingdom of Italy,displacement,3,,0,0,0,1,0,0,-40
vandal_kingdom,Vandal Kingdom of North Africa,lombard_kingdom,Kingdom of the Lombards,displacement,3,,0,0,0,1,0,0,35
chalukya_dynasty,Chalukya Dynasty (Badami),pratihara_dynasty,Pratihara Dynasty,displacement,3,,0,0,0,1,0,0,-27
pratihara_dynasty,Pratihara Dynasty,hoysala_dynasty,Hoysala Empire,displacement,3,,0,0,0,1,0,0,-30
rashidun_caliphate,Rashidun Caliphate,al_andalus,Al-Andalus,displacement,3,,0,0,0,1,0,0,50
al_andalus,Al-Andalus,funj_sultanate,Funj Sultanate,displacement,3,,0,0,0,1,0,0,12
rustamid_dynasty,Rustamid Dynasty,tulunid_dynasty,Tulunid Dynasty,displacement,3,,0,0,0,1,0,0,-41
rustamid_dynasty,Rustamid Dynasty,ikhshidid_dynasty,Ikhshidid Dynasty,displacement,3,,0,0,0,1,0,0,26
idrisid_dynasty,Idrisid Dynasty,ikhshidid_dynasty,Ikhshidid Dynasty,displacement,3,,0,0,0,1,0,0,-39
aghlabid_dynasty,Aghlabid Dynasty,tulunid_dynasty,Tulunid Dynasty,displacement,3,,0,0,0,1,0,0,-41
aghlabid_dynasty,Aghlabid Dynasty,ikhshidid_dynasty,Ikhshidid Dynasty,displacement,3,,0,0,0,1,0,0,26
zirid_dynasty,Zirid Dynasty,zangid_atabegate,Zangid Atabegate,displacement,3,,0,0,0,1,0,0,-21
zirid_dynasty,Zirid Dynasty,ayyubid_sultanate,Ayyubid Sultanate,displacement,3,,0,0,0,1,0,0,23
almoravid_dynasty,Almoravid Dynasty,zangid_atabegate,Zangid Atabegate,displacement,3,,0,0,0,1,0,0,-20
almoravid_dynasty,Almoravid Dynasty,ayyubid_sultanate,Ayyubid Sultanate,displacement,3,,0,0,0,1,0,0,24
almohad_caliphate,Almohad Caliphate,mamluk_sultanate,Mamluk Sultanate,displacement,3,,0,0,0,1,0,0,-19
almohad_caliphate,Almohad Caliphate,ifat_sultanate,Ifat Sultanate,displacement,3,,0,0,0,1,0,0,16
zangid_atabegate,Zangid Atabegate,hafsid_dynasty,Hafsid Dynasty,displacement,3,,0,0,0,1,0,0,-21
zangid_atabegate,Zangid Atabegate,ifat_sultanate,Ifat Sultanate,displacement,3,,0,0,0,1,0,0,35
ayyubid_sultanate,Ayyubid Sultanate,hafsid_dynasty,Hafsid Dynasty,displacement,3,,0,0,0,1,0,0,-31
ayyubid_sultanate,Ayyubid Sultanate,marinid_dynasty,Marinid Dynasty,displacement,3,,0,0,0,1,0,0,-16
ayyubid_sultanate,Ayyubid Sultanate,ifat_sultanate,Ifat Sultanate,displacement,3,,0,0,0,1,0,0,25
hafsid_dynasty,Hafsid Dynasty,darfur_sultanate,Darfur Sultanate,displacement,3,,0,0,0,1,0,0,29
marinid_dynasty,Marinid Dynasty,adal_sultanate,Adal Sultanate,displacement,3,,0,0,0,1,0,0,-50
marinid_dynasty,Marinid Dynasty,funj_sultanate,Funj Sultanate,displacement,3,,0,0,0,1,0,0,39
mamluk_sultanate,Mamluk Sultanate,funj_sultanate,Funj Sultanate,displacement,3,,0,0,0,1,0,0,-13
mamluk_sultanate,Mamluk Sultanate,saadian_dynasty,Saadian Dynasty,displacement,3,,0,0,0,1,0,0,32
bahmani_sultanate,Bahmani Sultanate,funj_sultanate,Funj Sultanate,displacement,3,,0,0,0,1,0,0,-23
bahmani_sultanate,Bahmani Sultanate,saadian_dynasty,Saadian Dynasty,displacement,3,,0,0,0,1,0,0,22
adal_sultanate,Adal Sultanate,saadian_dynasty,Saadian Dynasty,displacement,3,,0,0,0,1,0,0,-28
adal_sultanate,Adal Sultanate,darfur_sultanate,Darfur Sultanate,displacement,3,,0,0,0,1,0,0,26
funj_sultanate,Funj Sultanate,kingdom_of_egypt,Kingdom of Egypt,displacement,3,,0,0,0,1,0,0,-16
darfur_sultanate,Darfur Sultanate,saudi_arabia,Kingdom of Saudi Arabia,displacement,3,,0,0,0,1,0,0,16
darfur_sultanate,Darfur Sultanate,kingdom_of_jordan,Hashemite Kingdom of Jordan,displacement,3,,0,0,0,1,0,0,30
darfur_sultanate,Darfur Sultanate,republic_of_egypt,Republic of Egypt,displacement,3,,0,0,0,1,0,0,36
darfur_sultanate,Darfur Sultanate,republic_of_iraq,Republic of Iraq,displacement,3,,0,0,0,1,0,0,42
kingdom_of_egypt,Kingdom of Egypt,kingdom_of_iraq,Kingdom of Iraq,displacement,3,,0,0,0,1,0,0,-31
kingdom_of_egypt,Kingdom of Egypt,saudi_arabia,Kingdom of Saudi Arabia,displacement,3,,0,0,0,1,0,0,-20
mahdist_state,Mahdist State,kingdom_of_iraq,Kingdom of Iraq,displacement,3,,0,0,0,1,0,0,23
mahdist_state,Mahdist State,saudi_arabia,Kingdom of Saudi Arabia,displacement,3,,0,0,0,1,0,0,34
mahdist_state,Mahdist State,kingdom_of_jordan,Hashemite Kingdom of Jordan,displacement,3,,0,0,0,1,0,0,48
kingdom_of_iraq,Kingdom of Iraq,saudi_arabia,Kingdom of Saudi Arabia,displacement,3,,0,0,0,1,0,0,-26
kingdom_of_iraq,Kingdom of Iraq,kingdom_of_jordan,Hashemite Kingdom of Jordan,displacement,3,,0,0,0,1,0,0,-12
kievan_rus,Kievan Rus,serbian_empire,Serbian Empire (Nemanjić Dynasty),displacement,3,,0,0,0,1,0,0,-50
buyid_dynasty,Buyid Dynasty,seljuk_rum,Sultanate of Rum,displacement,3,,0,0,0,1,0,0,15
seljuk_empire,Seljuk Empire,delhi_sultanate,Delhi Sultanate,displacement,3,,0,0,0,1,0,0,12
seljuk_rum,Sultanate of Rum,jalayirid_sultanate,Jalayirid Sultanate,displacement,3,,0,0,0,1,0,0,28
seljuk_rum,Sultanate of Rum,madurai_sultanate,Madurai Sultanate,displacement,3,,0,0,0,1,0,0,28
ghorid_dynasty,Ghorid Sultanate,khwarazmian_empire,Khwarazmian Empire,displacement,3,,0,0,0,1,0,0,-15
khwarazmian_empire,Khwarazmian Empire,delhi_sultanate,Delhi Sultanate,displacement,3,,0,0,0,1,0,0,-14
khwarazmian_empire,Khwarazmian Empire,ilkhanate,Ilkhanate,displacement,3,,0,0,0,1,0,0,36
delhi_sultanate,Delhi Sultanate,safavid_empire,Safavid Empire,displacement,3,,0,0,0,1,0,0,-25
jalayirid_sultanate,Jalayirid Sultanate,malwa_sultanate,Malwa Sultanate,displacement,3,,0,0,0,1,0,0,-40
jalayirid_sultanate,Jalayirid Sultanate,jaunpur_sultanate,Jaunpur Sultanate,displacement,3,,0,0,0,1,0,0,-38
jalayirid_sultanate,Jalayirid Sultanate,gujarat_sultanate,Gujarat Sultanate,displacement,3,,0,0,0,1,0,0,-25
madurai_sultanate,Madurai Sultanate,malwa_sultanate,Malwa Sultanate,displacement,3,,0,0,0,1,0,0,14
madurai_sultanate,Madurai Sultanate,jaunpur_sultanate,Jaunpur Sultanate,displacement,3,,0,0,0,1,0,0,16
madurai_sultanate,Madurai Sultanate,gujarat_sultanate,Gujarat Sultanate,displacement,3,,0,0,0,1,0,0,29
timurid_empire,Timurid Empire,mughal_empire,Mughal Empire,displacement,3,,0,0,0,1,0,0,19
timurid_empire,Timurid Empire,sur_empire,Sur Empire,displacement,3,,0,0,0,1,0,0,33
jaunpur_sultanate,Jaunpur Sultanate,safavid_empire,Safavid Empire,displacement,3,,0,0,0,1,0,0,22
gujarat_sultanate,Gujarat Sultanate,sur_empire,Sur Empire,displacement,3,,0,0,0,1,0,0,-33
safavid_empire,Safavid Empire,hyderabad_state,Nizam of Hyderabad,displacement,3,,0,0,0,1,0,0,-12
moghulistan,Moghulistan Khanate,kazan_khanate,Kazan Khanate,displacement,3,,0,0,0,1,0,0,-24
moghulistan,Moghulistan Khanate,khanate_of_bukhara,Khanate of Bukhara,displacement,3,,0,0,0,1,0,0,38
moghulistan,Moghulistan Khanate,khanate_of_khiva,Khanate of Khiva,displacement,3,,0,0,0,1,0,0,49
kazan_khanate,Kazan Khanate,khanate_of_khiva,Khanate of Khiva,displacement,3,,0,0,0,1,0,0,-41
kazan_khanate,Kazan Khanate,yarkand_khanate,Yarkand Khanate,displacement,3,,0,0,0,1,0,0,-38
seleucid_empire,Seleucid Empire,roman_empire,Roman Empire,expansion,3,anatolia|levant,2,0,0,0,0,0,36
latin_empire,Latin Empire,ottoman_empire,Ottoman Empire,expansion,3,anatolia|balkans,2,0,0,0,0,0,38
kingdom_of_urartu,Kingdom of Urartu,achaemenid_empire,Achaemenid Empire,expansion,3,caucasus,1,0,0,0,1,0,40
ilkhanate,Ilkhanate,ottoman_empire,Ottoman Empire,expansion,3,caucasus,1,0,0,0,1,0,-36
tibetan_empire,Tibetan Empire,kara_khanid_khanate,Kara-Khanid Khanate,expansion,3,central_asian_steppe,1,0,0,0,0,0,-2
western_xia,Western Xia (Tangut Empire),chagatai_khanate,Chagatai Khanate,expansion,3,central_asian_steppe,1,0,0,0,0,0,-1
qara_khitai,Qara Khitai (Western Liao),mongol_empire,Mongol Empire,expansion,3,central_asian_steppe|transoxiana,2,0,0,0,0,0,-12
kazakh_khanate,Kazakh Khanate,russian_empire,Russian Empire,expansion,3,central_asian_steppe,1,0,0,0,0,0,-10
khoshut_khanate,Khoshut Khanate,russian_empire,Russian Empire,expansion,3,central_asian_steppe,1,0,0,0,0,0,4
hyderabad_state,Nizam of Hyderabad,republic_of_india,Republic of India,expansion,3,deccan,1,0,0,0,0,0,-1
byzantine_empire,Byzantine Empire,umayyad_caliphate,Umayyad Caliphate,expansion,3,egypt|levant|north_africa,3,0,0,0,0,0,-792
byzantine_empire,Byzantine Empire,abbasid_caliphate,Abbasid Caliphate,expansion,3,egypt|levant|north_africa,3,0,0,0,0,0,-703
kamarupa_kingdom,Kamarupa Kingdom,ghorid_dynasty,Ghorid Sultanate,expansion,3,ganges_plain,1,0,0,0,0,0,8
pala_empire,Pala Empire,delhi_sultanate,Delhi Sultanate,expansion,3,ganges_plain,1,0,0,0,0,0,6
gajapati_dynasty,Gajapati Dynasty (Odisha),sur_empire,Sur Empire,expansion,3,ganges_plain,1,0,0,0,0,0,-1
bengal_sultanate,Bengal Sultanate,sur_empire,Sur Empire,expansion,3,ganges_plain,1,0,0,0,1,0,-36
indo_scythian_kingdom,Indo-Scythian Kingdom,kushan_empire,Kushan Empire,expansion,3,indus_valley|punjab,2,0,0,0,1,0,-370
indo_parthian_kingdom,Indo-Parthian Kingdom,kushan_empire,Kushan Empire,expansion,3,indus_valley|punjab,2,0,0,0,1,0,-196
durrani_empire,Durrani Empire,british_raj,British Raj,expansion,3,indus_valley|punjab,2,0,0,0,0,0,32
sassanid_empire,Sassanid Empire,rashidun_caliphate,Rashidun Caliphate,expansion,3,iran_plateau|mesopotamia,2,0,0,0,0,0,-19
sassanid_empire,Sassanid Empire,abbasid_caliphate,Abbasid Caliphate,expansion,3,iran_plateau|khorasan|mesopotamia,3,0,0,0,0,0,99
jalayirid_sultanate,Jalayirid Sultanate,timurid_empire,Timurid Empire,expansion,3,iran_plateau,1,0,0,1,0,0,-62
jalayirid_sultanate,Jalayirid Sultanate,aq_qoyunlu,Aq Qoyunlu (White Sheep Turkmen),expansion,3,iran_plateau|mesopotamia,2,0,0,0,1,0,-54
kara_koyunlu,Kara Koyunlu (Black Sheep Turkmen),safavid_empire,Safavid Empire,expansion,3,iran_plateau|mesopotamia,2,0,0,0,0,0,33
ghorid_dynasty,Ghorid Sultanate,mongol_empire,Mongol Empire,expansion,3,khorasan,1,0,0,0,0,0,-9
novgorod_republic,Novgorod Republic,grand_duchy_of_lithuania,Grand Duchy of Lithuania,expansion,3,kievan_rus,1,0,0,1,0,0,-242
galicia_volhynia,Principality of Galicia-Volhynia,grand_duchy_of_lithuania,Grand Duchy of Lithuania,expansion,3,kievan_rus,1,0,0,1,0,0,-113
polish_lithuanian_commonwealth,Polish-Lithuanian Commonwealth,russian_empire,Russian Empire,expansion,3,kievan_rus|lithuania|poland,3,0,0,0,0,0,-74
phoenician_states,"Phoenician City-States (Tyre, Sidon, Byblos)",macedonian_empire,Macedonian Empire (Alexander),expansion,3,levant,1,0,0,0,0,0,-4
neo_babylonian,Neo-Babylonian (Chaldean) Empire,achaemenid_empire,Achaemenid Empire,expansion,3,levant|mesopotamia,2,0,0,0,0,0,-11
hasmonean_dynasty,Hasmonean Dynasty,roman_empire,Roman Empire,expansion,3,levant,1,0,0,0,0,0,10
jin_jurchen,Jin Dynasty (Jurchen),mongol_empire,Mongol Empire,expansion,3,manchuria|yellow_river,2,0,0,0,0,0,-28
jin_jurchen,Jin Dynasty (Jurchen),yuan_dynasty,Yuan Dynasty,expansion,3,manchuria|yellow_river,2,0,0,0,0,0,37
zangid_atabegate,Zangid Atabegate,ilkhanate,Ilkhanate,expansion,3,mesopotamia,1,0,0,0,0,0,6
north_yuan,North Yuan,qing_dynasty,Qing Dynasty (Manchu),expansion,3,mongolian_plateau,1,0,0,0,0,0,9
rustamid_dynasty,Rustamid Dynasty,almoravid_dynasty,Almoravid Dynasty,expansion,3,north_africa,1,0,0,1,0,0,131
idrisid_dynasty,Idrisid Dynasty,fatimid_caliphate,Fatimid Caliphate,expansion,3,north_africa,1,0,0,1,0,0,-65
sikh_empire,Sikh Empire,british_raj,British Raj,expansion,3,punjab,1,0,0,0,0,0,9
kingdom_of_scotland,Kingdom of Scotland,kingdom_of_great_britain,Kingdom of Great Britain,expansion,3,scotland,1,0,0,0,0,0,0
goktürk_khaganate,Göktürk Khaganate,abbasid_caliphate,Abbasid Caliphate,expansion,3,transoxiana,1,0,0,0,0,0,6
khwarazmian_empire,Khwarazmian Empire,chagatai_khanate,Chagatai Khanate,expansion,3,transoxiana,1,0,0,0,0,0,6
chagatai_khanate,Chagatai Khanate,timurid_empire,Timurid Empire,expansion,3,transoxiana,1,0,0,0,1,0,23
khanate_of_khiva,Khanate of Khiva,soviet_union,Soviet Union,expansion,3,transoxiana,1,0,0,0,0,0,2
southern_song,Southern Song Dynasty,yuan_dynasty,Yuan Dynasty,expansion,3,yangtze,1,0,0,0,0,0,-8
eastern_jin,Eastern Jin Dynasty,sui_dynasty,Sui Dynasty,expansion,3,,0,1,0,0,0,0,161
eastern_jin,Eastern Jin Dynasty,tang_dynasty,Tang Dynasty,expansion,3,,0,1,0,0,0,0,198
northern_song,Northern Song Dynasty,ming_dynasty,Ming Dynasty,expansion,3,,0,1,0,0,0,0,241
himyarite_kingdom,Himyarite Kingdom,abbasid_caliphate,Abbasid Caliphate,expansion,3,,0,1,0,0,0,0,225
goktürk_khaganate,Göktürk Khaganate,ghaznavid_empire,Ghaznavid Empire,expansion,3,,0,1,0,0,0,0,233
goktürk_khaganate,Göktürk Khaganate,seljuk_empire,Seljuk Empire,expansion,3,,0,1,0,0,0,0,293
kara_khanid_khanate,Kara-Khanid Khanate,timurid_empire,Timurid Empire,expansion,3,,0,1,0,0,0,0,158
feudal_japan,Feudal Japan,empire_of_japan,Empire of Japan (Meiji),expansion,3,,0,1,0,0,0,0,265
novgorod_republic,Novgorod Republic,russian_empire,Russian Empire,expansion,3,,0,1,0,0,0,0,243
lombard_kingdom,Kingdom of the Lombards,holy_roman_empire,Holy Roman Empire,expansion,3,,0,0,0,1,1,0,188
grand_duchy_moscow,Grand Duchy of Moscow,russian_empire,Russian Empire,expansion,3,,0,0,0,1,1,0,174
second_bulgarian_empire,Second Bulgarian Empire,principality_of_moldavia,Principality of Moldavia,same,3,balkans,1,0,0,0,1,0,-50
serbian_empire,Serbian Empire (Nemanjić Dynasty),principality_of_moldavia,Principality of Moldavia,same,3,balkans,1,0,0,0,1,0,-43
serbian_empire,Serbian Empire (Nemanjić Dynasty),serbian_despotate,Serbian Despotate,same,3,balkans,1,0,0,0,1,0,13
principality_of_wallachia,Principality of Wallachia,kingdom_of_greece,Kingdom of Greece,same,3,balkans,1,0,0,0,1,0,-27
principality_of_moldavia,Principality of Moldavia,kingdom_of_greece,Kingdom of Greece,same,3,balkans,1,0,0,0,1,0,-27
kara_khanid_khanate,Kara-Khanid Khanate,chagatai_khanate,Chagatai Khanate,same,3,central_asian_steppe|transoxiana,2,0,0,0,0,0,14
pandya_dynasty,Pandya Dynasty,madurai_sultanate,Madurai Sultanate,same,3,deccan,1,0,0,0,0,0,-10
pandya_dynasty,Pandya Dynasty,bahmani_sultanate,Bahmani Sultanate,same,3,deccan,1,0,0,0,0,0,2
satavahana_empire,Satavahana Empire,vakataka_dynasty,Vakataka Dynasty,same,3,deccan,1,0,0,0,1,0,30
pallava_dynasty,Pallava Dynasty,yadava_dynasty,Yadava Dynasty (Devagiri),same,3,deccan,1,0,0,0,1,0,-47
yadava_dynasty,Yadava Dynasty (Devagiri),vijayanagara_empire,Vijayanagara Empire,same,3,deccan,1,0,0,0,1,0,19
hoysala_dynasty,Hoysala Empire,bahmani_sultanate,Bahmani Sultanate,same,3,deccan,1,0,0,0,0,0,1
vijayanagara_empire,Vijayanagara Empire,maratha_empire,Maratha Empire,same,3,deccan,1,0,0,0,1,0,28
federal_republic_germany,Federal Republic of Germany,east_germany,German Democratic Republic (East Germany),same,3,germany,1,0,0,0,0,0,0
visigothic_kingdom,Visigothic Kingdom,al_andalus,Al-Andalus,same,3,iberia,1,0,0,0,0,0,0
indo_scythian_kingdom,Indo-Scythian Kingdom,indo_greek_kingdom,Indo-Greek Kingdom,same,3,indus_valley|punjab,2,0,0,0,1,0,-580
indo_parthian_kingdom,Indo-Parthian Kingdom,kushano_sasanian_kingdom,Kushano-Sasanian Kingdom,same,3,indus_valley,1,0,0,0,0,0,4
ghaznavid_empire,Ghaznavid Empire,ilkhanate,Ilkhanate,same,3,khorasan,1,0,0,1,0,0,70
kievan_rus,Kievan Rus,grand_duchy_of_lithuania,Grand Duchy of Lithuania,same,3,kievan_rus,1,0,0,0,0,0,-4
japanese_korea,Japanese-Occupied Korea,south_korea,Republic of Korea (South Korea),same,3,korean_peninsula,1,0,0,0,0,0,3
japanese_korea,Japanese-Occupied Korea,north_korea,Democratic People's Republic of Korea (North Korea),same,3,korean_peninsula,1,0,0,0,0,0,3
south_korea,Republic of Korea (South Korea),north_korea,Democratic People's Republic of Korea (North Korea),same,3,korean_peninsula,1,0,0,0,0,0,0
zangid_atabegate,Zangid Atabegate,ayyubid_sultanate,Ayyubid Sultanate,same,3,levant,1,0,0,1,0,0,-79
kingdom_of_jordan,Hashemite Kingdom of Jordan,state_of_israel,State of Israel,same,3,levant,1,0,0,0,0,0,0
balhae,Balhae (Bohai),liao_dynasty,Liao Dynasty (Khitan),same,3,manchuria,1,0,0,0,1,0,-19
republic_of_china,Republic of China,empire_of_japan,Empire of Japan (Meiji),same,3,manchuria,1,0,0,0,0,0,0
empire_of_japan,Empire of Japan (Meiji),peoples_republic_of_china,People's Republic of China,same,3,manchuria,1,0,0,0,0,0,2
rustamid_dynasty,Rustamid Dynasty,idrisid_dynasty,Idrisid Dynasty,same,3,north_africa,1,0,0,1,0,0,-121
rustamid_dynasty,Rustamid Dynasty,aghlabid_dynasty,Aghlabid Dynasty,same,3,north_africa,1,0,0,1,0,0,-109
rustamid_dynasty,Rustamid Dynasty,zirid_dynasty,Zirid Dynasty,same,3,north_africa,1,0,0,1,0,0,63
meroitic_kingdom,Kingdom of Meroe (Meroitic Kingdom),makuria_kingdom,Kingdom of Makuria,same,3,nubia,1,0,0,0,0,0,-10
kingdom_of_sweden,Kingdom of Sweden,kingdom_of_denmark,Kingdom of Denmark,same,3,scandinavia,1,0,0,0,0,0,0
kingdom_of_sweden,Kingdom of Sweden,kingdom_of_norway,Kingdom of Norway,same,3,scandinavia,1,0,0,0,0,0,0
kingdom_of_denmark,Kingdom of Denmark,kingdom_of_norway,Kingdom of Norway,same,3,scandinavia,1,0,0,0,0,0,0
tang_dynasty,Tang Dynasty,liao_dynasty,Liao Dynasty (Khitan),same,3,yellow_river,1,0,0,0,0,0,0
western_jin,Western Jin Dynasty,sui_dynasty,Sui Dynasty,same,3,,0,1,0,0,0,0,265
ming_dynasty,Ming Dynasty,republic_of_china,Republic of China,same,3,,0,1,0,0,0,0,268
kingdom_of_saba,Kingdom of Saba (Sheba),nabataean_kingdom,Nabataean Kingdom,same,3,,0,1,0,0,0,0,160
chera_dynasty,Chera Dynasty,vijayanagara_empire,Vijayanagara Empire,same,3,,0,1,0,0,0,0,234
chera_dynasty,Chera Dynasty,mysore_kingdom,Mysore Kingdom,same,3,,0,1,0,0,0,0,297
kadamba_dynasty,Kadamba Dynasty,rashtrakuta_dynasty,Rashtrakuta Dynasty,same,3,,0,1,0,0,0,0,228
western_chalukya,Western Chalukya Empire,mysore_kingdom,Mysore Kingdom,same,3,,0,1,0,0,0,0,210
khwarazmian_empire,Khwarazmian Empire,khanate_of_bukhara,Khanate of Bukhara,same,3,,0,1,0,0,0,0,280
khwarazmian_empire,Khwarazmian Empire,khanate_of_khiva,Khanate of Khiva,same,3,,0,1,0,0,0,0,291
silla,Silla,goryeo,Goryeo Dynasty,same,3,,0,1,0,0,0,0,250
baekje,Baekje,goryeo,Goryeo Dynasty,same,3,,0,1,0,0,0,0,258
moghulistan,Moghulistan Khanate,dzungar_khanate,Dzungar Khanate,same,3,,0,1,0,0,0,0,172
moghulistan,Moghulistan Khanate,khoshut_khanate,Khoshut Khanate,same,3,,0,1,0,0,0,0,180
eastern_zhou,Eastern Zhou (东周),qin_dynasty,Qin Dynasty,unknown,3,,0,0,0,1,0,0,35
eastern_zhou,Eastern Zhou (东周),han_dynasty,Han Dynasty,unknown,3,,0,0,0,1,0,0,50
western_han,Western Han,xuan_han,Xuan Han (玄汉),unknown,3,,0,0,0,1,0,0,14
eastern_jin,Eastern Jin Dynasty,northern_wei,Northern Wei tributary,unknown,3,,0,0,0,1,0,0,-34
northern_dynasties,Northern Dynasties,western_wei,Western Wei / Northern Zhou tributary,unknown,3,,0,0,0,1,0,0,-46
later_liang,Later Liang / Northern Liang,later_jin,Later Jin,unknown,3,,0,0,0,1,0,0,13
later_liang,Later Liang / Northern Liang,later_han,Later Han,unknown,3,,0,0,0,1,0,0,24
macedonian_kingdom,Macedonian Kingdom,indo_greek_kingdom,Indo-Greek Kingdom,unknown,3,,0,0,0,1,0,0,-12
magna_graecia,Magna Graecia,lysimachus,Lysimachus,unknown,3,,0,0,0,1,0,0,-26
magna_graecia,Magna Graecia,greco_bactrian_kingdom,Greco-Bactrian Kingdom,unknown,3,,0,0,0,1,0,0,24
kingdom_of_epirus,Kingdom of Epirus,indo_greek_kingdom,Indo-Greek Kingdom,unknown,3,,0,0,0,1,0,0,-13
macedonian_empire,Macedonian Empire (Alexander),lysimachus,Lysimachus,unknown,3,,0,0,0,1,0,0,17
lysimachus,Lysimachus,greco_bactrian_kingdom,Greco-Bactrian Kingdom,unknown,3,,0,0,0,1,0,0,25
visigothic_kingdom,Visigothic Kingdom,papal_states,Papal States,unknown,3,,0,0,0,1,0,0,43
vandal_kingdom,Vandal Kingdom of North Africa,lombard_duchy_of_spoleto,Lombard Duchy of Spoleto,unknown,3,,0,0,0,1,0,0,37
vandal_kingdom,Vandal Kingdom of North Africa,lombard_duchy_of_benevento,Lombard Duchy of Benevento,unknown,3,,0,0,0,1,0,0,38
carolingian_empire,Frankish Kingdom / Carolingian Empire,tuscan_march,March of Tuscany,unknown,3,,0,0,0,1,0,0,-43
ostrogothic_kingdom,Ostrogothic Kingdom of Italy,lombard_duchy_of_spoleto,Lombard Duchy of Spoleto,unknown,3,,0,0,0,1,0,0,17
ostrogothic_kingdom,Ostrogothic Kingdom of Italy,lombard_duchy_of_benevento,Lombard Duchy of Benevento,unknown,3,,0,0,0,1,0,0,18
lombard_kingdom,Kingdom of the Lombards,papal_states,Papal States,unknown,3,,0,0,0,1,0,0,-20
lombard_kingdom,Kingdom of the Lombards,tuscan_march,March of Tuscany,unknown,3,,0,0,0,1,0,0,26
lombard_duchy_of_spoleto,Lombard Duchy of Spoleto,papal_states,Papal States,unknown,3,,0,0,0,1,0,0,-20
lombard_duchy_of_spoleto,Lombard Duchy of Spoleto,tuscan_march,March of Tuscany,unknown,3,,0,0,0,1,0,0,26
lombard_duchy_of_benevento,Lombard Duchy of Benevento,norman_county_of_apulia,Norman County of Apulia and Calabria,unknown,3,,0,0,0,1,0,0,-18
lombard_principalities,Lombard Principalities of Southern Italy,norman_county_of_apulia,Norman County of Apulia and Calabria,unknown,3,,0,0,0,1,0,0,-18
principality_of_salerno,Principality of Salerno,norman_county_of_apulia,Norman County of Apulia and Calabria,unknown,3,,0,0,0,1,0,0,-18
first_turkic_khaganate,First Türkic Empire,avar_khaganate,Avar Khaganate,unknown,3,,0,0,0,1,0,0,-35
first_turkic_khaganate,First Türkic Empire,xueyantuo,Xueyantuo,unknown,3,,0,0,0,1,0,0,25
first_turkic_khaganate,First Türkic Empire,khazar_khaganate,Khazar Khaganate,unknown,3,,0,0,0,1,0,0,47
goktürk_khaganate,Göktürk Khaganate,turgesh_khaganate,Turgesh Khaganate,unknown,3,,0,0,0,1,0,0,-45
xueyantuo,Xueyantuo,second_turkic_khaganate,Second Türkic Khaganate,unknown,3,,0,0,0,1,0,0,36
second_turkic_khaganate,Second Türkic Khaganate,turgesh_khaganate,Turgesh Khaganate,unknown,3,,0,0,0,1,0,0,-45
huan_chu,Huan Chu (桓楚),liu_song,Liu Song (刘宋),unknown,3,,0,0,0,1,0,0,16
liu_song,Liu Song (刘宋),liang,Liang Dynasty (梁),unknown,3,,0,0,0,1,0,0,23
liang,Liang Dynasty (梁),sui_dynasty,Sui Dynasty,unknown,3,,0,0,0,1,0,0,24
chen,Chen Dynasty (陈),tang_dynasty,Tang Dynasty,unknown,3,,0,0,0,1,0,0,29
tang_dynasty,Tang Dynasty,later_tang,Later Tang (后唐),unknown,3,,0,0,0,1,0,0,16
tang_dynasty,Tang Dynasty,later_zhou,Later Zhou (后周),unknown,3,,0,0,0,1,0,0,44
five_dynasties,Five Dynasties (North China),later_tang,Later Tang (后唐),unknown,3,,0,0,0,1,0,0,-37
ten_kingdoms,Ten Kingdoms (South China),later_zhou,Later Zhou (后周),unknown,3,,0,0,0,1,0,0,-28
ten_kingdoms,Ten Kingdoms (South China),song_dynasty,Song Dynasty,unknown,3,,0,0,0,1,0,0,-19
later_tang,Later Tang (后唐),later_zhou,Later Zhou (后周),unknown,3,,0,0,0,1,0,0,14
later_tang,Later Tang (后唐),northern_song,Northern Song Dynasty,unknown,3,,0,0,0,1,0,0,23
later_tang,Later Tang (后唐),song_dynasty,Song Dynasty,unknown,3,,0,0,0,1,0,0,23
umayyad_caliphate,Umayyad Caliphate,muhallabid_governors,Muhallabid governors,unknown,3,,0,0,0,1,0,0,21
muhallabid_governors,Muhallabid governors,rustamid_dynasty,Rustamid Dynasty,unknown,3,,0,0,0,1,0,0,-17
muhallabid_governors,Muhallabid governors,ziyadid_dynasty,Ziyadid Dynasty,unknown,3,,0,0,0,1,0,0,26
muhallabid_governors,Muhallabid governors,tahirid_dynasty,Tahirid dynasty,unknown,3,,0,0,0,1,0,0,28
muhallabid_governors,Muhallabid governors,dulafid_dynasty,Dulafid Dynasty,unknown,3,,0,0,0,1,0,0,47
rustamid_dynasty,Rustamid Dynasty,sajid_dynasty,Sajid dynasty,unknown,3,,0,0,0,1,0,0,-20
rustamid_dynasty,Rustamid Dynasty,hamdanid_emirate,Hamdanid Emirate,unknown,3,,0,0,0,1,0,0,-19
aghlabid_dynasty,Aghlabid Dynasty,sajid_dynasty,Sajid dynasty,unknown,3,,0,0,0,1,0,0,-20
aghlabid_dynasty,Aghlabid Dynasty,hamdanid_emirate,Hamdanid Emirate,unknown,3,,0,0,0,1,0,0,-19
ziyadid_dynasty,Ziyadid Dynasty,zirid_dynasty,Zirid Dynasty,unknown,3,,0,0,0,1,0,0,-46
ziyadid_dynasty,Ziyadid Dynasty,almoravid_dynasty,Almoravid Dynasty,unknown,3,,0,0,0,1,0,0,22
ziyadid_dynasty,Ziyadid Dynasty,sulayhid_dynasty,Sulayhid Dynasty,unknown,3,,0,0,0,1,0,0,29
tahirid_dynasty,Tahirid dynasty,dulafid_dynasty,Dulafid Dynasty,unknown,3,,0,0,0,1,0,0,-33
tahirid_dynasty,Tahirid dynasty,sajid_dynasty,Sajid dynasty,unknown,3,,0,0,0,1,0,0,16
tahirid_dynasty,Tahirid dynasty,hamdanid_emirate,Hamdanid Emirate,unknown,3,,0,0,0,1,0,0,17
tahirid_dynasty,Tahirid dynasty,fatimid_caliphate,Fatimid Caliphate,unknown,3,,0,0,0,1,0,0,36
dulafid_dynasty,Dulafid Dynasty,tulunid_dynasty,Tulunid Dynasty,unknown,3,,0,0,0,1,0,0,-29
dulafid_dynasty,Dulafid Dynasty,fatimid_caliphate,Fatimid Caliphate,unknown,3,,0,0,0,1,0,0,12
dulafid_dynasty,Dulafid Dynasty,ikhshidid_dynasty,Ikhshidid Dynasty,unknown,3,,0,0,0,1,0,0,38
tulunid_dynasty,Tulunid Dynasty,sajid_dynasty,Sajid dynasty,unknown,3,,0,0,0,1,0,0,-16
tulunid_dynasty,Tulunid Dynasty,hamdanid_emirate,Hamdanid Emirate,unknown,3,,0,0,0,1,0,0,-15
sajid_dynasty,Sajid dynasty,hamdanid_emirate,Hamdanid Emirate,unknown,3,,0,0,0,1,0,0,-39
sajid_dynasty,Sajid dynasty,fatimid_caliphate,Fatimid Caliphate,unknown,3,,0,0,0,1,0,0,-20
sajid_dynasty,Sajid dynasty,zirid_dynasty,Zirid Dynasty,unknown,3,,0,0,0,1,0,0,43
hamdanid_emirate,Hamdanid Emirate,zirid_dynasty,Zirid Dynasty,unknown,3,,0,0,0,1,0,0,-32
hamdanid_emirate,Hamdanid Emirate,almoravid_dynasty,Almoravid Dynasty,unknown,3,,0,0,0,1,0,0,36
hamdanid_emirate,Hamdanid Emirate,sulayhid_dynasty,Sulayhid Dynasty,unknown,3,,0,0,0,1,0,0,43
fatimid_caliphate,Fatimid Caliphate,zengid_dynasty,Zengid Dynasty,unknown,3,,0,0,0,1,0,0,-44
fatimid_caliphate,Fatimid Caliphate,banu_ghaniya,Banu Ghaniya,unknown,3,,0,0,0,1,0,0,-23
zirid_dynasty,Zirid Dynasty,zengid_dynasty,Zengid Dynasty,unknown,3,,0,0,0,1,0,0,-21
almoravid_dynasty,Almoravid Dynasty,zengid_dynasty,Zengid Dynasty,unknown,3,,0,0,0,1,0,0,-20
sulayhid_dynasty,Sulayhid Dynasty,almohad_caliphate,Almohad Caliphate,unknown,3,,0,0,0,1,0,0,-17
sulayhid_dynasty,Sulayhid Dynasty,zangid_atabegate,Zangid Atabegate,unknown,3,,0,0,0,1,0,0,-11
sulayhid_dynasty,Sulayhid Dynasty,zengid_dynasty,Zengid Dynasty,unknown,3,,0,0,0,1,0,0,-11
sulayhid_dynasty,Sulayhid Dynasty,ayyubid_sultanate,Ayyubid Sultanate,unknown,3,,0,0,0,1,0,0,33
zengid_dynasty,Zengid Dynasty,marinid_dynasty,Marinid Dynasty,unknown,3,,0,0,0,1,0,0,22
zengid_dynasty,Zengid Dynasty,mamluk_sultanate,Mamluk Sultanate,unknown,3,,0,0,0,1,0,0,28
banu_ghaniya,Banu Ghaniya,mamluk_sultanate,Mamluk Sultanate,unknown,3,,0,0,0,1,0,0,13
banu_ghaniya,Banu Ghaniya,ifat_sultanate,Ifat Sultanate,unknown,3,,0,0,0,1,0,0,48
funj_sultanate,Funj Sultanate,muhammad_ali_dynasty,Muhammad Ali dynasty,unknown,3,,0,0,0,1,0,0,-16
darfur_sultanate,Darfur Sultanate,united_arab_republic,United Arab Republic,unknown,3,,0,0,0,1,0,0,42
kingdom_of_egypt,Kingdom of Egypt,republic_of_yemen,Republic of Yemen,unknown,3,,0,0,0,1,0,0,38
muhammad_ali_dynasty,Muhammad Ali dynasty,kingdom_of_iraq,Kingdom of Iraq,unknown,3,,0,0,0,1,0,0,-32
muhammad_ali_dynasty,Muhammad Ali dynasty,saudi_arabia,Kingdom of Saudi Arabia,unknown,3,,0,0,0,1,0,0,-21
muhammad_ali_dynasty,Muhammad Ali dynasty,republic_of_yemen,Republic of Yemen,unknown,3,,0,0,0,1,0,0,37
kingdom_of_iraq,Kingdom of Iraq,republic_of_yemen,Republic of Yemen,unknown,3,,0,0,0,1,0,0,32
united_arab_republic,United Arab Republic,republic_of_yemen,Republic of Yemen,unknown,3,,0,0,0,1,0,0,29
great_moravia,Great Moravia,kievan_rus,Kievan Rus,unknown,3,,0,0,0,1,0,0,-25
republic_of_florence,Republic of Florence,grand_duchy_of_tuscany,Grand Duchy of Tuscany,unknown,3,,0,0,0,1,0,0,37
italy,Italy,fascist_italy,Fascist Italy,unknown,3,,0,0,0,1,0,0,-24
kingdom_of_italy,Kingdom of Italy,fascist_italy,Fascist Italy,unknown,3,,0,0,0,1,0,0,-24
samanid_empire,Samanid Empire,rawwadid_dynasty,Rawwadid Dynasty,unknown,3,,0,0,0,1,0,0,-44
saffarid_dynasty,Saffarid Dynasty,rawwadid_dynasty,Rawwadid Dynasty,unknown,3,,0,0,0,1,0,0,-48
ziyarid_dynasty,Ziyarid Dynasty,seljuk_rum,Sultanate of Rum,unknown,3,,0,0,0,1,0,0,-13
ziyarid_dynasty,Ziyarid Dynasty,eldiguzid_dynasty,Eldiguzid Dynasty (Ildeguzids),unknown,3,,0,0,0,1,0,0,46
rawwadid_dynasty,Rawwadid Dynasty,seljuk_empire,Seljuk Empire,unknown,3,,0,0,0,1,0,0,-34
ghaznavid_empire,Ghaznavid Empire,eldiguzid_dynasty,Eldiguzid Dynasty (Ildeguzids),unknown,3,,0,0,0,1,0,0,-50
ghaznavid_empire,Ghaznavid Empire,salgurid_dynasty,Salgurid Dynasty,unknown,3,,0,0,0,1,0,0,-38
kakuyid_dynasty,Kakuyid Dynasty,seljuk_empire,Seljuk Empire,unknown,3,,0,0,0,1,0,0,-14
kakuyid_dynasty,Kakuyid Dynasty,seljuk_rum,Sultanate of Rum,unknown,3,,0,0,0,1,0,0,26
seljuk_empire,Seljuk Empire,salgurid_dynasty,Salgurid Dynasty,unknown,3,,0,0,0,1,0,0,-46
seljuk_rum,Sultanate of Rum,khalji_dynasty,Khalji Dynasty,unknown,3,,0,0,0,1,0,0,-17
seljuk_rum,Sultanate of Rum,injuid_dynasty,Injuid Dynasty,unknown,3,,0,0,0,1,0,0,28
eldiguzid_dynasty,Eldiguzid Dynasty (Ildeguzids),khwarazmian_empire,Khwarazmian Empire,unknown,3,,0,0,0,1,0,0,-25
eldiguzid_dynasty,Eldiguzid Dynasty (Ildeguzids),delhi_sultanate,Delhi Sultanate,unknown,3,,0,0,0,1,0,0,-19
eldiguzid_dynasty,Eldiguzid Dynasty (Ildeguzids),kartid_dynasty,Kartid Dynasty,unknown,3,,0,0,0,1,0,0,20
eldiguzid_dynasty,Eldiguzid Dynasty (Ildeguzids),ilkhanate,Ilkhanate,unknown,3,,0,0,0,1,0,0,31
ghorid_dynasty,Ghorid Sultanate,kartid_dynasty,Kartid Dynasty,unknown,3,,0,0,0,1,0,0,30
salgurid_dynasty,Salgurid Dynasty,kartid_dynasty,Kartid Dynasty,unknown,3,,0,0,0,1,0,0,-41
salgurid_dynasty,Salgurid Dynasty,ilkhanate,Ilkhanate,unknown,3,,0,0,0,1,0,0,-30
salgurid_dynasty,Salgurid Dynasty,hormuz_kingdom,Hormuz Kingdom,unknown,3,,0,0,0,1,0,0,14
salgurid_dynasty,Salgurid Dynasty,jalayirid_sultanate,Jalayirid Sultanate,unknown,3,,0,0,0,1,0,0,49
salgurid_dynasty,Salgurid Dynasty,madurai_sultanate,Madurai Sultanate,unknown,3,,0,0,0,1,0,0,49
salgurid_dynasty,Salgurid Dynasty,injuid_dynasty,Injuid Dynasty,unknown,3,,0,0,0,1,0,0,49
khwarazmian_empire,Khwarazmian Empire,kartid_dynasty,Kartid Dynasty,unknown,3,,0,0,0,1,0,0,25
kartid_dynasty,Kartid Dynasty,timurid_empire,Timurid Empire,unknown,3,,0,0,0,1,0,0,-19
kartid_dynasty,Kartid Dynasty,karkiya_dynasty,Kar-Kiya Dynasty,unknown,3,,0,0,0,1,0,0,-19
kartid_dynasty,Kartid Dynasty,gujarat_sultanate,Gujarat Sultanate,unknown,3,,0,0,0,1,0,0,18
ilkhanate,Ilkhanate,khalji_dynasty,Khalji Dynasty,unknown,3,,0,0,0,1,0,0,-45
ilkhanate,Ilkhanate,hormuz_kingdom,Hormuz Kingdom,unknown,3,,0,0,0,1,0,0,-35
ilkhanate,Ilkhanate,karkiya_dynasty,Kar-Kiya Dynasty,unknown,3,,0,0,0,1,0,0,35
khalji_dynasty,Khalji Dynasty,hormuz_kingdom,Hormuz Kingdom,unknown,3,,0,0,0,1,0,0,-20
khalji_dynasty,Khalji Dynasty,jalayirid_sultanate,Jalayirid Sultanate,unknown,3,,0,0,0,1,0,0,15
khalji_dynasty,Khalji Dynasty,madurai_sultanate,Madurai Sultanate,unknown,3,,0,0,0,1,0,0,15
khalji_dynasty,Khalji Dynasty,injuid_dynasty,Injuid Dynasty,unknown,3,,0,0,0,1,0,0,15
khalji_dynasty,Khalji Dynasty,timurid_empire,Timurid Empire,unknown,3,,0,0,0,1,0,0,50
khalji_dynasty,Khalji Dynasty,karkiya_dynasty,Kar-Kiya Dynasty,unknown,3,,0,0,0,1,0,0,50
madurai_sultanate,Madurai Sultanate,injuid_dynasty,Injuid Dynasty,unknown,3,,0,0,0,1,0,0,-43
injuid_dynasty,Injuid Dynasty,timurid_empire,Timurid Empire,unknown,3,,0,0,0,1,0,0,13
injuid_dynasty,Injuid Dynasty,karkiya_dynasty,Kar-Kiya Dynasty,unknown,3,,0,0,0,1,0,0,13
injuid_dynasty,Injuid Dynasty,malwa_sultanate,Malwa Sultanate,unknown,3,,0,0,0,1,0,0,35
injuid_dynasty,Injuid Dynasty,jaunpur_sultanate,Jaunpur Sultanate,unknown,3,,0,0,0,1,0,0,37
injuid_dynasty,Injuid Dynasty,gujarat_sultanate,Gujarat Sultanate,unknown,3,,0,0,0,1,0,0,50
czechoslovakia,Czechoslovakia,federalization,Federalization,unknown,3,,0,0,0,1,0,0,-24
kingdom_of_france,Kingdom of France,french_first_empire,French First Empire,unknown,3,,0,0,0,1,0,0,12
kingdom_of_france,Kingdom of France,haiti,Republic of Haiti,unknown,3,,0,0,0,1,0,0,12
kingdom_of_jerusalem,Kingdom of Jerusalem,angevin_kingdom_of_naples,Angevin Kingdom of Naples,unknown,3,,0,0,0,1,0,0,-25
new_france,New France,french_first_empire,French First Empire,unknown,3,,0,0,0,1,0,0,41
new_france,New France,haiti,Republic of Haiti,unknown,3,,0,0,0,1,0,0,41
shun,Shun Dynasty (顺),kingdom_of_tungning,Kingdom of Tungning (东宁),unknown,3,,0,0,0,1,0,0,18
aragonese_kingdom_of_sicily,Aragonese Kingdom of Sicily,aragonese_kingdom_of_naples,Aragonese Kingdom of Naples,unknown,3,,0,0,0,1,0,0,33
austria_hungary,Austria-Hungary / Italian occupation zones,german_empire,German Empire (Deutsches Reich),unknown,3,,0,0,0,1,0,0,-47
austria_hungary,Austria-Hungary / Italian occupation zones,nazi_germany,Nazi Germany (Third Reich),unknown,3,,0,0,0,1,0,0,15
austria_hungary,Austria-Hungary / Italian occupation zones,east_germany,German Democratic Republic (East Germany),unknown,3,,0,0,0,1,0,0,31
austria_hungary,Austria-Hungary / Italian occupation zones,federal_republic_germany,Federal Republic of Germany,unknown,3,,0,0,0,1,0,0,31
tsardom_russia,Tsardom of Russia,russian_alaska,Russian America,unknown,3,,0,0,0,1,0,0,12
beiyang_government,Beiyang Government (北洋政府),chinese_empire,Empire of China (Yuan Shikai) (中华帝国),unknown,3,,0,0,0,1,0,0,-13
beiyang_government,Beiyang Government (北洋政府),wang_jingwei_regime,Wang Jingwei Regime (汪精卫政权),unknown,3,,0,0,0,1,0,0,12
chinese_empire,Empire of China (Yuan Shikai) (中华帝国),wuhan_government,Wuhan Government (武汉政府),unknown,3,,0,0,0,1,0,0,11
chinese_empire,Empire of China (Yuan Shikai) (中华帝国),nationalist_government,Nationalist Government (国民政府),unknown,3,,0,0,0,1,0,0,12
chinese_empire,Empire of China (Yuan Shikai) (中华帝国),chinese_soviet_republic,Chinese Soviet Republic (中华苏维埃),unknown,3,,0,0,0,1,0,0,15
chinese_empire,Empire of China (Yuan Shikai) (中华帝国),wang_jingwei_regime,Wang Jingwei Regime (汪精卫政权),unknown,3,,0,0,0,1,0,0,24
wuhan_government,Wuhan Government (武汉政府),wang_jingwei_regime,Wang Jingwei Regime (汪精卫政权),unknown,3,,0,0,0,1,0,0,13
nationalist_government,Nationalist Government (国民政府),chinese_soviet_republic,Chinese Soviet Republic (中华苏维埃),unknown,3,,0,0,0,1,0,0,-18
spanish_caribbean,Spanish Caribbean (Cuba/Hispaniola/Puerto Rico),second_mexican_empire,Second Mexican Empire,unknown,3,,0,0,0,1,0,0,-34
spanish_florida,Spanish Florida,viceroyalty_of_rio_de_la_plata,Viceroyalty of Río de la Plata,unknown,3,,0,0,0,1,0,0,-45
spanish_florida,Spanish Florida,dominican_republic,Dominican Republic,unknown,3,,0,0,0,1,0,0,23
spanish_florida,Spanish Florida,second_mexican_empire,Second Mexican Empire,unknown,3,,0,0,0,1,0,0,43
new_spain,Viceroyalty of New Spain,viceroyalty_of_rio_de_la_plata,Viceroyalty of Río de la Plata,unknown,3,,0,0,0,1,0,0,-45
new_spain,Viceroyalty of New Spain,dominican_republic,Dominican Republic,unknown,3,,0,0,0,1,0,0,23
new_spain,Viceroyalty of New Spain,second_mexican_empire,Second Mexican Empire,unknown,3,,0,0,0,1,0,0,43
spanish_duchy_of_milan,Spanish Duchy of Milan,viceroyalty_of_new_granada,Viceroyalty of New Granada,unknown,3,,0,0,0,1,0,0,11
viceroyalty_of_peru,Viceroyalty of Peru,viceroyalty_of_rio_de_la_plata,Viceroyalty of Río de la Plata,unknown,3,,0,0,0,1,0,0,-48
viceroyalty_of_peru,Viceroyalty of Peru,paraguay,Republic of Paraguay,unknown,3,,0,0,0,1,0,0,-13
viceroyalty_of_peru,Viceroyalty of Peru,dominican_republic,Dominican Republic,unknown,3,,0,0,0,1,0,0,20
viceroyalty_of_peru,Viceroyalty of Peru,second_mexican_empire,Second Mexican Empire,unknown,3,,0,0,0,1,0,0,40
viceroyalty_of_new_granada,Viceroyalty of New Granada,viceroyalty_of_rio_de_la_plata,Viceroyalty of Río de la Plata,unknown,3,,0,0,0,1,0,0,-43
viceroyalty_of_new_granada,Viceroyalty of New Granada,ecuador,Republic of Ecuador,unknown,3,,0,0,0,1,0,0,11
viceroyalty_of_new_granada,Viceroyalty of New Granada,venezuela,Republic of Venezuela,unknown,3,,0,0,0,1,0,0,11
viceroyalty_of_new_granada,Viceroyalty of New Granada,colombia,Republic of Colombia,unknown,3,,0,0,0,1,0,0,12
viceroyalty_of_new_granada,Viceroyalty of New Granada,dominican_republic,Dominican Republic,unknown,3,,0,0,0,1,0,0,25
viceroyalty_of_new_granada,Viceroyalty of New Granada,second_mexican_empire,Second Mexican Empire,unknown,3,,0,0,0,1,0,0,45
viceroyalty_of_rio_de_la_plata,Viceroyalty of Río de la Plata,uruguay,Oriental Republic of Uruguay,unknown,3,,0,0,0,1,0,0,12
viceroyalty_of_rio_de_la_plata,Viceroyalty of Río de la Plata,ecuador,Republic of Ecuador,unknown,3,,0,0,0,1,0,0,14
viceroyalty_of_rio_de_la_plata,Viceroyalty of Río de la Plata,venezuela,Republic of Venezuela,unknown,3,,0,0,0,1,0,0,14
viceroyalty_of_rio_de_la_plata,Viceroyalty of Río de la Plata,colombia,Republic of Colombia,unknown,3,,0,0,0,1,0,0,15
viceroyalty_of_rio_de_la_plata,Viceroyalty of Río de la Plata,dominican_republic,Dominican Republic,unknown,3,,0,0,0,1,0,0,28
viceroyalty_of_rio_de_la_plata,Viceroyalty of Río de la Plata,second_mexican_empire,Second Mexican Empire,unknown,3,,0,0,0,1,0,0,48
gran_colombia,Gran Colombia,dominican_republic,Dominican Republic,unknown,3,,0,0,0,1,0,0,13
gran_colombia,Gran Colombia,second_mexican_empire,Second Mexican Empire,unknown,3,,0,0,0,1,0,0,33
first_mexican_empire,First Mexican Empire,dominican_republic,Dominican Republic,unknown,3,,0,0,0,1,0,0,21
first_mexican_empire,First Mexican Empire,second_mexican_empire,Second Mexican Empire,unknown,3,,0,0,0,1,0,0,41
second_mexican_empire,Second Mexican Empire,cuba,Republic of Cuba,unknown,3,,0,0,0,1,0,0,35
jamestown_colony,Jamestown Colony,thirteen_colonies,Thirteen Colonies,unknown,3,,0,0,0,1,0,0,-17
jamestown_colony,Jamestown Colony,rupert_land,Rupert's Land (Hudson's Bay Company),unknown,3,,0,0,0,1,0,0,46
thirteen_colonies,Thirteen Colonies,united_kingdom,United Kingdom of Great Britain and Ireland,unknown,3,,0,0,0,1,0,0,25
plymouth_colony,Plymouth Colony,rupert_land,Rupert's Land (Hudson's Bay Company),unknown,3,,0,0,0,1,0,0,-21
plymouth_colony,Plymouth Colony,kingdom_of_great_britain,Kingdom of Great Britain,unknown,3,,0,0,0,1,0,0,16
british_caribbean,British Caribbean,british_military_administration,British Military Administration,unknown,3,,0,0,0,1,0,0,-19
british_caribbean,British Caribbean,canada,Canada,unknown,3,,0,0,0,1,0,0,20
rupert_land,Rupert's Land (Hudson's Bay Company),texas_republic,Republic of Texas,unknown,3,,0,0,0,1,0,0,-34
rupert_land,Rupert's Land (Hudson's Bay Company),california_republic,California Republic,unknown,3,,0,0,0,1,0,0,-24
rupert_land,Rupert's Land (Hudson's Bay Company),british_raj,British Raj,unknown,3,,0,0,0,1,0,0,-12
rupert_land,Rupert's Land (Hudson's Bay Company),hawaii_republic,Republic of Hawaiʻi,unknown,3,,0,0,0,1,0,0,24
kingdom_of_great_britain,Kingdom of Great Britain,united_states,United States of America,unknown,3,,0,0,0,1,0,0,-25
kingdom_of_great_britain,Kingdom of Great Britain,texas_republic,Republic of Texas,unknown,3,,0,0,0,1,0,0,35
kingdom_of_great_britain,Kingdom of Great Britain,california_republic,California Republic,unknown,3,,0,0,0,1,0,0,45
texas_republic,Republic of Texas,british_raj,British Raj,unknown,3,,0,0,0,1,0,0,12
texas_republic,Republic of Texas,confederate_states,Confederate States of America,unknown,3,,0,0,0,1,0,0,15
texas_republic,Republic of Texas,dominion_of_canada,Dominion of Canada,unknown,3,,0,0,0,1,0,0,21
texas_republic,Republic of Texas,hawaii_republic,Republic of Hawaiʻi,unknown,3,,0,0,0,1,0,0,48
california_republic,California Republic,british_raj,British Raj,unknown,3,,0,0,0,1,0,0,12
california_republic,California Republic,confederate_states,Confederate States of America,unknown,3,,0,0,0,1,0,0,15
california_republic,California Republic,dominion_of_canada,Dominion of Canada,unknown,3,,0,0,0,1,0,0,21
california_republic,California Republic,hawaii_republic,Republic of Hawaiʻi,unknown,3,,0,0,0,1,0,0,48
british_raj,British Raj,canada,Canada,unknown,3,,0,0,0,1,0,0,35
confederate_states,Confederate States of America,hawaii_republic,Republic of Hawaiʻi,unknown,3,,0,0,0,1,0,0,29
dominion_of_canada,Dominion of Canada,british_military_administration,British Military Administration,unknown,3,,0,0,0,1,0,0,-39
hawaii_republic,Republic of Hawaiʻi,british_military_administration,British Military Administration,unknown,3,,0,0,0,1,0,0,45
british_military_administration,British Military Administration,canada,Canada,unknown,3,,0,0,0,1,0,0,31
byzantine_empire,Byzantine Empire,latin_empire,Latin Empire,contraction,2,anatolia|balkans,2,0,0,0,0,0,-249
abbasid_caliphate,Abbasid Caliphate,ajuran_sultanate,Ajuran Sultanate,contraction,2,arabia,1,0,0,0,0,0,42
byzantine_empire,Byzantine Empire,first_bulgarian_empire,First Bulgarian Empire,contraction,2,balkans,1,0,0,0,1,0,-772
byzantine_empire,Byzantine Empire,second_bulgarian_empire,Second Bulgarian Empire,contraction,2,balkans,1,0,0,0,1,0,-268
byzantine_empire,Byzantine Empire,serbian_empire,Serbian Empire (Nemanjić Dynasty),contraction,2,balkans,1,0,0,0,1,0,-263
byzantine_empire,Byzantine Empire,principality_of_wallachia,Principality of Wallachia,contraction,2,balkans,1,0,0,0,1,0,-163
byzantine_empire,Byzantine Empire,principality_of_moldavia,Principality of Moldavia,contraction,2,balkans,1,0,0,0,1,0,-107
byzantine_empire,Byzantine Empire,serbian_despotate,Serbian Despotate,contraction,2,balkans,1,0,0,0,1,0,-51
latin_empire,Latin Empire,principality_of_wallachia,Principality of Wallachia,contraction,2,balkans,1,0,0,0,0,0,29
latin_empire,Latin Empire,bosnian_kingdom,Bosnian Kingdom,contraction,2,balkans,1,0,0,0,1,0,116
ottoman_empire,Ottoman Empire,kingdom_of_romania,Kingdom of Romania,contraction,2,balkans,1,0,0,0,0,0,-41
holy_roman_empire,Holy Roman Empire,czechoslovakia,Czechoslovakia,contraction,2,bohemia,1,0,0,0,1,0,112
achaemenid_empire,Achaemenid Empire,kingdom_of_armenia,Kingdom of Armenia,contraction,2,caucasus,1,0,0,0,1,0,140
golden_horde,Golden Horde,kazakh_khanate,Kazakh Khanate,contraction,2,central_asian_steppe,1,0,0,0,0,0,-37
golden_horde,Golden Horde,yarkand_khanate,Yarkand Khanate,contraction,2,central_asian_steppe,1,0,0,0,0,0,12
maurya_empire,Maurya Empire,pandya_dynasty,Pandya Dynasty,contraction,2,deccan,1,0,0,0,1,0,-115
maurya_empire,Maurya Empire,chola_empire,Chola Empire,contraction,2,deccan,1,0,0,0,1,0,-115
maurya_empire,Maurya Empire,chera_dynasty,Chera Dynasty,contraction,2,deccan,1,0,0,0,1,0,-115
roman_empire,Roman Empire,palmyrene_empire,Palmyrene Empire,contraction,2,egypt|levant,2,0,0,0,0,0,-135
kushan_empire,Kushan Empire,gupta_empire,Gupta Empire,contraction,2,ganges_plain|indus_valley,2,0,0,0,0,0,-55
kushan_empire,Kushan Empire,kamarupa_kingdom,Kamarupa Kingdom,contraction,2,ganges_plain,1,0,0,0,0,0,-25
ghorid_dynasty,Ghorid Sultanate,bengal_sultanate,Bengal Sultanate,contraction,2,ganges_plain,1,0,0,0,1,0,137
kushan_empire,Kushan Empire,kushano_sasanian_kingdom,Kushano-Sasanian Kingdom,contraction,2,indus_valley|khorasan,2,0,0,0,0,0,-145
mughal_empire,Mughal Empire,durrani_empire,Durrani Empire,contraction,2,indus_valley|punjab,2,0,0,0,0,0,-110
mughal_empire,Mughal Empire,pakistan,Pakistan,contraction,2,indus_valley|punjab,2,0,0,0,0,0,90
seleucid_empire,Seleucid Empire,parthian_empire,Parthian Empire (Arsacid),contraction,2,iran_plateau|mesopotamia,2,0,0,0,0,0,-184
abbasid_caliphate,Abbasid Caliphate,saffarid_dynasty,Saffarid Dynasty,contraction,2,iran_plateau|khorasan,2,0,0,0,0,0,-397
abbasid_caliphate,Abbasid Caliphate,buyid_dynasty,Buyid Dynasty,contraction,2,iran_plateau|mesopotamia,2,0,0,0,0,0,-324
abbasid_caliphate,Abbasid Caliphate,jalayirid_sultanate,Jalayirid Sultanate,contraction,2,iran_plateau|mesopotamia,2,0,0,0,0,0,77
abbasid_caliphate,Abbasid Caliphate,timurid_empire,Timurid Empire,contraction,2,iran_plateau,1,0,0,0,1,0,112
abbasid_caliphate,Abbasid Caliphate,kara_koyunlu,Kara Koyunlu (Black Sheep Turkmen),contraction,2,iran_plateau|mesopotamia,2,0,0,0,0,0,116
hotak_dynasty,Hotak Dynasty,zand_dynasty,Zand Dynasty,contraction,2,iran_plateau,1,0,0,0,0,0,13
holy_roman_empire,Holy Roman Empire,kingdom_of_italy,Kingdom of Italy,contraction,2,italy,1,0,0,0,1,0,55
achaemenid_empire,Achaemenid Empire,greco_bactrian_kingdom,Greco-Bactrian Kingdom,contraction,2,khorasan|transoxiana,2,0,0,0,0,0,74
abbasid_caliphate,Abbasid Caliphate,samanid_empire,Samanid Empire,contraction,2,khorasan|transoxiana,2,0,0,0,0,0,-439
safavid_empire,Safavid Empire,durrani_empire,Durrani Empire,contraction,2,khorasan,1,0,0,0,0,0,11
durrani_empire,Durrani Empire,qajar_dynasty,Qajar Dynasty,contraction,2,khorasan,1,0,0,0,0,0,-30
grand_duchy_of_lithuania,Grand Duchy of Lithuania,tsardom_russia,Tsardom of Russia,contraction,2,kievan_rus,1,0,0,0,0,0,-22
golden_horde,Golden Horde,tsardom_russia,Tsardom of Russia,contraction,2,kievan_rus,1,0,0,0,0,0,45
new_kingdom_egypt,New Kingdom Egypt,kingdom_of_israel,United Kingdom of Israel,contraction,2,levant,1,0,0,0,0,0,23
ottoman_empire,Ottoman Empire,kingdom_of_jordan,Hashemite Kingdom of Jordan,contraction,2,levant,1,0,0,0,0,0,24
ottoman_empire,Ottoman Empire,state_of_israel,State of Israel,contraction,2,levant,1,0,0,0,0,0,26
qing_dynasty,Qing Dynasty (Manchu),empire_of_japan,Empire of Japan (Meiji),contraction,2,manchuria,1,0,0,0,0,0,-44
qing_dynasty,Qing Dynasty (Manchu),manchukuo,Manchukuo,contraction,2,manchuria,1,0,0,0,0,0,20
empire_of_japan,Empire of Japan (Meiji),manchukuo,Manchukuo,contraction,2,manchuria,1,0,0,0,0,0,-15
ottoman_empire,Ottoman Empire,republic_of_iraq,Republic of Iraq,contraction,2,mesopotamia,1,0,0,0,0,0,36
qing_dynasty,Qing Dynasty (Manchu),mongolian_peoples_republic,Mongolian People's Republic,contraction,2,mongolian_plateau,1,0,0,0,0,0,12
durrani_empire,Durrani Empire,sikh_empire,Sikh Empire,contraction,2,punjab,1,0,0,0,0,0,-27
hephthalite_empire,Hephthalite Empire,goktürk_khaganate,Göktürk Khaganate,contraction,2,transoxiana,1,0,0,0,0,0,-13
umayyad_caliphate,Umayyad Caliphate,kara_khanid_khanate,Kara-Khanid Khanate,contraction,2,transoxiana,1,0,0,0,1,0,90
qara_khitai,Qara Khitai (Western Liao),khwarazmian_empire,Khwarazmian Empire,contraction,2,transoxiana,1,0,0,0,0,0,-18
akkadian_empire,Akkadian Empire,old_babylonian,Old Babylonian Empire,contraction,2,,0,0,0,1,0,0,260
roman_empire,Roman Empire,lombard_kingdom,Kingdom of the Lombards,contraction,2,,0,0,0,1,0,0,173
hunnic_empire,Hunnic Empire,khazar_khaganate,Khazar Khaganate,contraction,2,,0,0,0,1,0,0,197
rashidun_caliphate,Rashidun Caliphate,tulunid_dynasty,Tulunid Dynasty,contraction,2,,0,0,0,1,0,0,207
rashidun_caliphate,Rashidun Caliphate,ikhshidid_dynasty,Ikhshidid Dynasty,contraction,2,,0,0,0,1,0,0,274
umayyad_caliphate,Umayyad Caliphate,zirid_dynasty,Zirid Dynasty,contraction,2,,0,0,0,1,0,0,222
umayyad_caliphate,Umayyad Caliphate,almoravid_dynasty,Almoravid Dynasty,contraction,2,,0,0,0,1,0,0,290
abbasid_caliphate,Abbasid Caliphate,almohad_caliphate,Almohad Caliphate,contraction,2,,0,0,0,1,0,0,-137
abbasid_caliphate,Abbasid Caliphate,adal_sultanate,Adal Sultanate,contraction,2,,0,0,0,1,0,0,157
abbasid_caliphate,Abbasid Caliphate,saadian_dynasty,Saadian Dynasty,contraction,2,,0,0,0,1,0,0,291
mamluk_sultanate,Mamluk Sultanate,kingdom_of_egypt,Kingdom of Egypt,contraction,2,,0,0,0,1,0,0,288
samanid_empire,Samanid Empire,khwarazmian_empire,Khwarazmian Empire,contraction,2,,0,0,0,1,0,0,201
timurid_empire,Timurid Empire,zand_dynasty,Zand Dynasty,contraction,2,,0,0,0,1,0,0,244
abbasid_caliphate,Abbasid Caliphate,chagatai_khanate,Chagatai Khanate,contraction,2,,0,0,0,0,1,0,-32
cao_wei,Cao Wei,eastern_jin,Eastern Jin Dynasty,displacement,2,,0,0,0,1,0,0,52
cao_wei,Cao Wei,southern_dynasties,Southern Dynasties,displacement,2,,0,0,0,1,0,0,155
shu_han,Shu Han,eastern_jin,Eastern Jin Dynasty,displacement,2,,0,0,0,1,0,0,54
shu_han,Shu Han,southern_dynasties,Southern Dynasties,displacement,2,,0,0,0,1,0,0,157
eastern_wu,Eastern Wu,northern_dynasties,Northern Dynasties,displacement,2,,0,0,0,1,0,0,106
northern_dynasties,Northern Dynasties,southern_dynasties,Southern Dynasties,displacement,2,,0,0,0,1,0,0,-161
phoenician_states,"Phoenician City-States (Tyre, Sidon, Byblos)",carthage,Carthage (Phoenician City-State),displacement,2,,0,0,0,1,0,0,-482
nabataean_kingdom,Nabataean Kingdom,palmyrene_empire,Palmyrene Empire,displacement,2,,0,0,0,1,0,0,154
macedonian_empire,Macedonian Empire (Alexander),indo_greek_kingdom,Indo-Greek Kingdom,displacement,2,,0,0,0,1,0,0,143
greco_bactrian_kingdom,Greco-Bactrian Kingdom,indo_greek_kingdom,Indo-Greek Kingdom,displacement,2,,0,0,0,1,0,0,-55
visigothic_kingdom,Visigothic Kingdom,vandal_kingdom,Vandal Kingdom of North Africa,displacement,2,,0,0,0,1,0,0,-282
visigothic_kingdom,Visigothic Kingdom,odoacer_kingdom,Kingdom of Odoacer,displacement,2,,0,0,0,1,0,0,-235
visigothic_kingdom,Visigothic Kingdom,carolingian_empire,Frankish Kingdom / Carolingian Empire,displacement,2,,0,0,0,1,0,0,-225
visigothic_kingdom,Visigothic Kingdom,ostrogothic_kingdom,Ostrogothic Kingdom of Italy,displacement,2,,0,0,0,1,0,0,-218
visigothic_kingdom,Visigothic Kingdom,lombard_kingdom,Kingdom of the Lombards,displacement,2,,0,0,0,1,0,0,-143
visigothic_kingdom,Visigothic Kingdom,holy_roman_empire,Holy Roman Empire,displacement,2,,0,0,0,1,0,0,251
visigothic_kingdom,Visigothic Kingdom,kingdom_of_poland,Kingdom of Poland,displacement,2,,0,0,0,1,0,0,255
visigothic_kingdom,Visigothic Kingdom,kingdom_of_hungary,Kingdom of Hungary,displacement,2,,0,0,0,1,0,0,289
vandal_kingdom,Vandal Kingdom of North Africa,odoacer_kingdom,Kingdom of Odoacer,displacement,2,,0,0,0,1,0,0,-57
carolingian_empire,Frankish Kingdom / Carolingian Empire,kingdom_of_poland,Kingdom of Poland,displacement,2,,0,0,0,1,0,0,123
carolingian_empire,Frankish Kingdom / Carolingian Empire,kingdom_of_hungary,Kingdom of Hungary,displacement,2,,0,0,0,1,0,0,157
lombard_kingdom,Kingdom of the Lombards,kingdom_of_poland,Kingdom of Poland,displacement,2,,0,0,0,1,0,0,192
lombard_kingdom,Kingdom of the Lombards,kingdom_of_hungary,Kingdom of Hungary,displacement,2,,0,0,0,1,0,0,226
holy_roman_empire,Holy Roman Empire,kingdom_of_poland,Kingdom of Poland,displacement,2,,0,0,0,1,0,0,-840
holy_roman_empire,Holy Roman Empire,kingdom_of_hungary,Kingdom of Hungary,displacement,2,,0,0,0,1,0,0,-806
kingdom_of_poland,Kingdom of Poland,kingdom_of_hungary,Kingdom of Hungary,displacement,2,,0,0,0,1,0,0,-569
nanda_empire,Nanda Empire,indo_scythian_kingdom,Indo-Scythian Kingdom,displacement,2,,0,0,0,1,0,0,122
vakataka_dynasty,Vakataka Dynasty,gupta_empire,Gupta Empire,displacement,2,,0,0,0,1,0,0,-180
vakataka_dynasty,Vakataka Dynasty,kamarupa_kingdom,Kamarupa Kingdom,displacement,2,,0,0,0,1,0,0,-150
vakataka_dynasty,Vakataka Dynasty,harsha_empire,Harsha Empire,displacement,2,,0,0,0,1,0,0,106
vakataka_dynasty,Vakataka Dynasty,pratihara_dynasty,Pratihara Dynasty,displacement,2,,0,0,0,1,0,0,230
gupta_empire,Gupta Empire,rashtrakuta_dynasty,Rashtrakuta Dynasty,displacement,2,,0,0,0,1,0,0,203
gupta_empire,Gupta Empire,yadava_dynasty,Yadava Dynasty (Devagiri),displacement,2,,0,0,0,1,0,0,300
kamarupa_kingdom,Kamarupa Kingdom,chalukya_dynasty,Chalukya Dynasty (Badami),displacement,2,,0,0,0,1,0,0,-597
kamarupa_kingdom,Kamarupa Kingdom,rashtrakuta_dynasty,Rashtrakuta Dynasty,displacement,2,,0,0,0,1,0,0,-387
kamarupa_kingdom,Kamarupa Kingdom,yadava_dynasty,Yadava Dynasty (Devagiri),displacement,2,,0,0,0,1,0,0,-290
kamarupa_kingdom,Kamarupa Kingdom,western_chalukya,Western Chalukya Empire,displacement,2,,0,0,0,1,0,0,-167
kamarupa_kingdom,Kamarupa Kingdom,hoysala_dynasty,Hoysala Empire,displacement,2,,0,0,0,1,0,0,-134
chalukya_dynasty,Chalukya Dynasty (Badami),harsha_empire,Harsha Empire,displacement,2,,0,0,0,1,0,0,-151
harsha_empire,Harsha Empire,rashtrakuta_dynasty,Rashtrakuta Dynasty,displacement,2,,0,0,0,1,0,0,106
harsha_empire,Harsha Empire,yadava_dynasty,Yadava Dynasty (Devagiri),displacement,2,,0,0,0,1,0,0,203
pratihara_dynasty,Pratihara Dynasty,rashtrakuta_dynasty,Rashtrakuta Dynasty,displacement,2,,0,0,0,1,0,0,-283
pratihara_dynasty,Pratihara Dynasty,yadava_dynasty,Yadava Dynasty (Devagiri),displacement,2,,0,0,0,1,0,0,-186
pratihara_dynasty,Pratihara Dynasty,western_chalukya,Western Chalukya Empire,displacement,2,,0,0,0,1,0,0,-63
rashtrakuta_dynasty,Rashtrakuta Dynasty,sena_dynasty,Sena Dynasty,displacement,2,,0,0,0,1,0,0,88
rashtrakuta_dynasty,Rashtrakuta Dynasty,gajapati_dynasty,Gajapati Dynasty (Odisha),displacement,2,,0,0,0,1,0,0,96
yadava_dynasty,Yadava Dynasty (Devagiri),sena_dynasty,Sena Dynasty,displacement,2,,0,0,0,1,0,0,-247
yadava_dynasty,Yadava Dynasty (Devagiri),gajapati_dynasty,Gajapati Dynasty (Odisha),displacement,2,,0,0,0,1,0,0,-239
western_chalukya,Western Chalukya Empire,sena_dynasty,Sena Dynasty,displacement,2,,0,0,0,1,0,0,-119
western_chalukya,Western Chalukya Empire,gajapati_dynasty,Gajapati Dynasty (Odisha),displacement,2,,0,0,0,1,0,0,-111
hoysala_dynasty,Hoysala Empire,sena_dynasty,Sena Dynasty,displacement,2,,0,0,0,1,0,0,-276
hoysala_dynasty,Hoysala Empire,gajapati_dynasty,Gajapati Dynasty (Odisha),displacement,2,,0,0,0,1,0,0,-268
goktürk_khaganate,Göktürk Khaganate,khazar_khaganate,Khazar Khaganate,displacement,2,,0,0,0,1,0,0,-94
avar_khaganate,Avar Khaganate,khazar_khaganate,Khazar Khaganate,displacement,2,,0,0,0,1,0,0,-154
north_yuan,North Yuan,crimean_khanate,Crimean Khanate,displacement,2,,0,0,0,1,0,0,-194
north_yuan,North Yuan,kazakh_khanate,Kazakh Khanate,displacement,2,,0,0,0,1,0,0,-170
crimean_khanate,Crimean Khanate,kazakh_khanate,Kazakh Khanate,displacement,2,,0,0,0,1,0,0,-318
crimean_khanate,Crimean Khanate,mongolian_peoples_republic,Mongolian People's Republic,displacement,2,,0,0,0,1,0,0,141
kazakh_khanate,Kazakh Khanate,mongolian_peoples_republic,Mongolian People's Republic,displacement,2,,0,0,0,1,0,0,193
five_dynasties,Five Dynasties (North China),ten_kingdoms,Ten Kingdoms (South China),displacement,2,,0,0,0,1,0,0,-53
five_dynasties,Five Dynasties (North China),southern_song,Southern Song Dynasty,displacement,2,,0,0,0,1,0,0,167
rashidun_caliphate,Rashidun Caliphate,rustamid_dynasty,Rustamid Dynasty,displacement,2,,0,0,0,1,0,0,115
rashidun_caliphate,Rashidun Caliphate,idrisid_dynasty,Idrisid Dynasty,displacement,2,,0,0,0,1,0,0,127
rashidun_caliphate,Rashidun Caliphate,aghlabid_dynasty,Aghlabid Dynasty,displacement,2,,0,0,0,1,0,0,139
al_andalus,Al-Andalus,abbasid_caliphate,Abbasid Caliphate,displacement,2,,0,0,0,1,0,0,-742
al_andalus,Al-Andalus,rustamid_dynasty,Rustamid Dynasty,displacement,2,,0,0,0,1,0,0,-716
al_andalus,Al-Andalus,idrisid_dynasty,Idrisid Dynasty,displacement,2,,0,0,0,1,0,0,-704
al_andalus,Al-Andalus,aghlabid_dynasty,Aghlabid Dynasty,displacement,2,,0,0,0,1,0,0,-692
al_andalus,Al-Andalus,tulunid_dynasty,Tulunid Dynasty,displacement,2,,0,0,0,1,0,0,-624
al_andalus,Al-Andalus,fatimid_caliphate,Fatimid Caliphate,displacement,2,,0,0,0,1,0,0,-583
al_andalus,Al-Andalus,ikhshidid_dynasty,Ikhshidid Dynasty,displacement,2,,0,0,0,1,0,0,-557
al_andalus,Al-Andalus,zirid_dynasty,Zirid Dynasty,displacement,2,,0,0,0,1,0,0,-520
al_andalus,Al-Andalus,zangid_atabegate,Zangid Atabegate,displacement,2,,0,0,0,1,0,0,-365
al_andalus,Al-Andalus,ayyubid_sultanate,Ayyubid Sultanate,displacement,2,,0,0,0,1,0,0,-321
al_andalus,Al-Andalus,hafsid_dynasty,Hafsid Dynasty,displacement,2,,0,0,0,1,0,0,-263
al_andalus,Al-Andalus,marinid_dynasty,Marinid Dynasty,displacement,2,,0,0,0,1,0,0,-248
al_andalus,Al-Andalus,mamluk_sultanate,Mamluk Sultanate,displacement,2,,0,0,0,1,0,0,-242
al_andalus,Al-Andalus,ifat_sultanate,Ifat Sultanate,displacement,2,,0,0,0,1,0,0,-207
al_andalus,Al-Andalus,bahmani_sultanate,Bahmani Sultanate,displacement,2,,0,0,0,1,0,0,-145
al_andalus,Al-Andalus,adal_sultanate,Adal Sultanate,displacement,2,,0,0,0,1,0,0,-77
al_andalus,Al-Andalus,saadian_dynasty,Saadian Dynasty,displacement,2,,0,0,0,1,0,0,57
al_andalus,Al-Andalus,darfur_sultanate,Darfur Sultanate,displacement,2,,0,0,0,1,0,0,111
al_andalus,Al-Andalus,alawite_dynasty,Alawite Dynasty (Morocco),displacement,2,,0,0,0,1,0,0,139
abbasid_caliphate,Abbasid Caliphate,bahmani_sultanate,Bahmani Sultanate,displacement,2,,0,0,0,1,0,0,89
abbasid_caliphate,Abbasid Caliphate,funj_sultanate,Funj Sultanate,displacement,2,,0,0,0,1,0,0,246
rustamid_dynasty,Rustamid Dynasty,zangid_atabegate,Zangid Atabegate,displacement,2,,0,0,0,1,0,0,218
rustamid_dynasty,Rustamid Dynasty,ayyubid_sultanate,Ayyubid Sultanate,displacement,2,,0,0,0,1,0,0,262
idrisid_dynasty,Idrisid Dynasty,tulunid_dynasty,Tulunid Dynasty,displacement,2,,0,0,0,1,0,0,-106
idrisid_dynasty,Idrisid Dynasty,zangid_atabegate,Zangid Atabegate,displacement,2,,0,0,0,1,0,0,153
idrisid_dynasty,Idrisid Dynasty,ayyubid_sultanate,Ayyubid Sultanate,displacement,2,,0,0,0,1,0,0,197
idrisid_dynasty,Idrisid Dynasty,mamluk_sultanate,Mamluk Sultanate,displacement,2,,0,0,0,1,0,0,276
aghlabid_dynasty,Aghlabid Dynasty,zangid_atabegate,Zangid Atabegate,displacement,2,,0,0,0,1,0,0,218
aghlabid_dynasty,Aghlabid Dynasty,ayyubid_sultanate,Ayyubid Sultanate,displacement,2,,0,0,0,1,0,0,262
tulunid_dynasty,Tulunid Dynasty,zirid_dynasty,Zirid Dynasty,displacement,2,,0,0,0,1,0,0,67
tulunid_dynasty,Tulunid Dynasty,almoravid_dynasty,Almoravid Dynasty,displacement,2,,0,0,0,1,0,0,135
tulunid_dynasty,Tulunid Dynasty,almohad_caliphate,Almohad Caliphate,displacement,2,,0,0,0,1,0,0,216
fatimid_caliphate,Fatimid Caliphate,ifat_sultanate,Ifat Sultanate,displacement,2,,0,0,0,1,0,0,114
fatimid_caliphate,Fatimid Caliphate,bahmani_sultanate,Bahmani Sultanate,displacement,2,,0,0,0,1,0,0,176
fatimid_caliphate,Fatimid Caliphate,adal_sultanate,Adal Sultanate,displacement,2,,0,0,0,1,0,0,244
ikhshidid_dynasty,Ikhshidid Dynasty,almoravid_dynasty,Almoravid Dynasty,displacement,2,,0,0,0,1,0,0,71
ikhshidid_dynasty,Ikhshidid Dynasty,almohad_caliphate,Almohad Caliphate,displacement,2,,0,0,0,1,0,0,152
ikhshidid_dynasty,Ikhshidid Dynasty,hafsid_dynasty,Hafsid Dynasty,displacement,2,,0,0,0,1,0,0,260
ikhshidid_dynasty,Ikhshidid Dynasty,marinid_dynasty,Marinid Dynasty,displacement,2,,0,0,0,1,0,0,275
zirid_dynasty,Zirid Dynasty,mamluk_sultanate,Mamluk Sultanate,displacement,2,,0,0,0,1,0,0,102
zirid_dynasty,Zirid Dynasty,ifat_sultanate,Ifat Sultanate,displacement,2,,0,0,0,1,0,0,137
zirid_dynasty,Zirid Dynasty,bahmani_sultanate,Bahmani Sultanate,displacement,2,,0,0,0,1,0,0,199
zirid_dynasty,Zirid Dynasty,adal_sultanate,Adal Sultanate,displacement,2,,0,0,0,1,0,0,267
almoravid_dynasty,Almoravid Dynasty,mamluk_sultanate,Mamluk Sultanate,displacement,2,,0,0,0,1,0,0,103
almoravid_dynasty,Almoravid Dynasty,ifat_sultanate,Ifat Sultanate,displacement,2,,0,0,0,1,0,0,138
almoravid_dynasty,Almoravid Dynasty,bahmani_sultanate,Bahmani Sultanate,displacement,2,,0,0,0,1,0,0,200
almoravid_dynasty,Almoravid Dynasty,adal_sultanate,Adal Sultanate,displacement,2,,0,0,0,1,0,0,268
almohad_caliphate,Almohad Caliphate,zangid_atabegate,Zangid Atabegate,displacement,2,,0,0,0,1,0,0,-142
almohad_caliphate,Almohad Caliphate,ayyubid_sultanate,Ayyubid Sultanate,displacement,2,,0,0,0,1,0,0,-98
almohad_caliphate,Almohad Caliphate,bahmani_sultanate,Bahmani Sultanate,displacement,2,,0,0,0,1,0,0,78
almohad_caliphate,Almohad Caliphate,adal_sultanate,Adal Sultanate,displacement,2,,0,0,0,1,0,0,146
almohad_caliphate,Almohad Caliphate,funj_sultanate,Funj Sultanate,displacement,2,,0,0,0,1,0,0,235
zangid_atabegate,Zangid Atabegate,bahmani_sultanate,Bahmani Sultanate,displacement,2,,0,0,0,1,0,0,97
zangid_atabegate,Zangid Atabegate,adal_sultanate,Adal Sultanate,displacement,2,,0,0,0,1,0,0,165
zangid_atabegate,Zangid Atabegate,funj_sultanate,Funj Sultanate,displacement,2,,0,0,0,1,0,0,254
zangid_atabegate,Zangid Atabegate,saadian_dynasty,Saadian Dynasty,displacement,2,,0,0,0,1,0,0,299
ayyubid_sultanate,Ayyubid Sultanate,bahmani_sultanate,Bahmani Sultanate,displacement,2,,0,0,0,1,0,0,87
ayyubid_sultanate,Ayyubid Sultanate,adal_sultanate,Adal Sultanate,displacement,2,,0,0,0,1,0,0,155
ayyubid_sultanate,Ayyubid Sultanate,funj_sultanate,Funj Sultanate,displacement,2,,0,0,0,1,0,0,244
ayyubid_sultanate,Ayyubid Sultanate,saadian_dynasty,Saadian Dynasty,displacement,2,,0,0,0,1,0,0,289
hafsid_dynasty,Hafsid Dynasty,mamluk_sultanate,Mamluk Sultanate,displacement,2,,0,0,0,1,0,0,-324
hafsid_dynasty,Hafsid Dynasty,ifat_sultanate,Ifat Sultanate,displacement,2,,0,0,0,1,0,0,-289
hafsid_dynasty,Hafsid Dynasty,bahmani_sultanate,Bahmani Sultanate,displacement,2,,0,0,0,1,0,0,-227
hafsid_dynasty,Hafsid Dynasty,adal_sultanate,Adal Sultanate,displacement,2,,0,0,0,1,0,0,-159
hafsid_dynasty,Hafsid Dynasty,funj_sultanate,Funj Sultanate,displacement,2,,0,0,0,1,0,0,-70
hafsid_dynasty,Hafsid Dynasty,kingdom_of_egypt,Kingdom of Egypt,displacement,2,,0,0,0,1,0,0,231
marinid_dynasty,Marinid Dynasty,mamluk_sultanate,Mamluk Sultanate,displacement,2,,0,0,0,1,0,0,-215
marinid_dynasty,Marinid Dynasty,ifat_sultanate,Ifat Sultanate,displacement,2,,0,0,0,1,0,0,-180
marinid_dynasty,Marinid Dynasty,bahmani_sultanate,Bahmani Sultanate,displacement,2,,0,0,0,1,0,0,-118
marinid_dynasty,Marinid Dynasty,darfur_sultanate,Darfur Sultanate,displacement,2,,0,0,0,1,0,0,138
mamluk_sultanate,Mamluk Sultanate,ifat_sultanate,Ifat Sultanate,displacement,2,,0,0,0,1,0,0,-232
mamluk_sultanate,Mamluk Sultanate,bahmani_sultanate,Bahmani Sultanate,displacement,2,,0,0,0,1,0,0,-170
mamluk_sultanate,Mamluk Sultanate,adal_sultanate,Adal Sultanate,displacement,2,,0,0,0,1,0,0,-102
mamluk_sultanate,Mamluk Sultanate,darfur_sultanate,Darfur Sultanate,displacement,2,,0,0,0,1,0,0,86
mamluk_sultanate,Mamluk Sultanate,alawite_dynasty,Alawite Dynasty (Morocco),displacement,2,,0,0,0,1,0,0,114
ifat_sultanate,Ifat Sultanate,bahmani_sultanate,Bahmani Sultanate,displacement,2,,0,0,0,1,0,0,-68
ifat_sultanate,Ifat Sultanate,funj_sultanate,Funj Sultanate,displacement,2,,0,0,0,1,0,0,89
ifat_sultanate,Ifat Sultanate,saadian_dynasty,Saadian Dynasty,displacement,2,,0,0,0,1,0,0,134
ifat_sultanate,Ifat Sultanate,darfur_sultanate,Darfur Sultanate,displacement,2,,0,0,0,1,0,0,188
ifat_sultanate,Ifat Sultanate,alawite_dynasty,Alawite Dynasty (Morocco),displacement,2,,0,0,0,1,0,0,216
bahmani_sultanate,Bahmani Sultanate,adal_sultanate,Adal Sultanate,displacement,2,,0,0,0,1,0,0,-112
bahmani_sultanate,Bahmani Sultanate,darfur_sultanate,Darfur Sultanate,displacement,2,,0,0,0,1,0,0,76
bahmani_sultanate,Bahmani Sultanate,alawite_dynasty,Alawite Dynasty (Morocco),displacement,2,,0,0,0,1,0,0,104
bahmani_sultanate,Bahmani Sultanate,kingdom_of_egypt,Kingdom of Egypt,displacement,2,,0,0,0,1,0,0,278
adal_sultanate,Adal Sultanate,funj_sultanate,Funj Sultanate,displacement,2,,0,0,0,1,0,0,-73
adal_sultanate,Adal Sultanate,alawite_dynasty,Alawite Dynasty (Morocco),displacement,2,,0,0,0,1,0,0,54
adal_sultanate,Adal Sultanate,kingdom_of_egypt,Kingdom of Egypt,displacement,2,,0,0,0,1,0,0,228
funj_sultanate,Funj Sultanate,saadian_dynasty,Saadian Dynasty,displacement,2,,0,0,0,1,0,0,-272
funj_sultanate,Funj Sultanate,alawite_dynasty,Alawite Dynasty (Morocco),displacement,2,,0,0,0,1,0,0,-190
funj_sultanate,Funj Sultanate,kingdom_of_iraq,Kingdom of Iraq,displacement,2,,0,0,0,1,0,0,100
funj_sultanate,Funj Sultanate,saudi_arabia,Kingdom of Saudi Arabia,displacement,2,,0,0,0,1,0,0,111
funj_sultanate,Funj Sultanate,kingdom_of_jordan,Hashemite Kingdom of Jordan,displacement,2,,0,0,0,1,0,0,125
funj_sultanate,Funj Sultanate,republic_of_egypt,Republic of Egypt,displacement,2,,0,0,0,1,0,0,131
funj_sultanate,Funj Sultanate,republic_of_iraq,Republic of Iraq,displacement,2,,0,0,0,1,0,0,137
saadian_dynasty,Saadian Dynasty,darfur_sultanate,Darfur Sultanate,displacement,2,,0,0,0,1,0,0,-56
saadian_dynasty,Saadian Dynasty,kingdom_of_egypt,Kingdom of Egypt,displacement,2,,0,0,0,1,0,0,146
saadian_dynasty,Saadian Dynasty,mahdist_state,Mahdist State,displacement,2,,0,0,0,1,0,0,226
saadian_dynasty,Saadian Dynasty,kingdom_of_iraq,Kingdom of Iraq,displacement,2,,0,0,0,1,0,0,262
saadian_dynasty,Saadian Dynasty,saudi_arabia,Kingdom of Saudi Arabia,displacement,2,,0,0,0,1,0,0,273
saadian_dynasty,Saadian Dynasty,kingdom_of_jordan,Hashemite Kingdom of Jordan,displacement,2,,0,0,0,1,0,0,287
saadian_dynasty,Saadian Dynasty,republic_of_egypt,Republic of Egypt,displacement,2,,0,0,0,1,0,0,293
saadian_dynasty,Saadian Dynasty,republic_of_iraq,Republic of Iraq,displacement,2,,0,0,0,1,0,0,299
darfur_sultanate,Darfur Sultanate,alawite_dynasty,Alawite Dynasty (Morocco),displacement,2,,0,0,0,1,0,0,-285
darfur_sultanate,Darfur Sultanate,kingdom_of_egypt,Kingdom of Egypt,displacement,2,,0,0,0,1,0,0,-111
kingdom_of_egypt,Kingdom of Egypt,mahdist_state,Mahdist State,displacement,2,,0,0,0,1,0,0,-67
mahdist_state,Mahdist State,republic_of_egypt,Republic of Egypt,displacement,2,,0,0,0,1,0,0,54
mahdist_state,Mahdist State,republic_of_iraq,Republic of Iraq,displacement,2,,0,0,0,1,0,0,60
first_bulgarian_empire,First Bulgarian Empire,kievan_rus,Kievan Rus,displacement,2,,0,0,0,1,0,0,-136
kievan_rus,Kievan Rus,second_bulgarian_empire,Second Bulgarian Empire,displacement,2,,0,0,0,1,0,0,-55
kievan_rus,Kievan Rus,bosnian_kingdom,Bosnian Kingdom,displacement,2,,0,0,0,1,0,0,137
samanid_empire,Samanid Empire,buyid_dynasty,Buyid Dynasty,displacement,2,,0,0,0,1,0,0,-65
samanid_empire,Samanid Empire,seljuk_rum,Sultanate of Rum,displacement,2,,0,0,0,1,0,0,78
samanid_empire,Samanid Empire,delhi_sultanate,Delhi Sultanate,displacement,2,,0,0,0,1,0,0,207
saffarid_dynasty,Saffarid Dynasty,seljuk_rum,Sultanate of Rum,displacement,2,,0,0,0,1,0,0,74
saffarid_dynasty,Saffarid Dynasty,khwarazmian_empire,Khwarazmian Empire,displacement,2,,0,0,0,1,0,0,197
saffarid_dynasty,Saffarid Dynasty,delhi_sultanate,Delhi Sultanate,displacement,2,,0,0,0,1,0,0,203
buyid_dynasty,Buyid Dynasty,ghaznavid_empire,Ghaznavid Empire,displacement,2,,0,0,0,1,0,0,-85
buyid_dynasty,Buyid Dynasty,ghorid_dynasty,Ghorid Sultanate,displacement,2,,0,0,0,1,0,0,86
buyid_dynasty,Buyid Dynasty,khwarazmian_empire,Khwarazmian Empire,displacement,2,,0,0,0,1,0,0,138
buyid_dynasty,Buyid Dynasty,delhi_sultanate,Delhi Sultanate,displacement,2,,0,0,0,1,0,0,144
buyid_dynasty,Buyid Dynasty,madurai_sultanate,Madurai Sultanate,displacement,2,,0,0,0,1,0,0,273
ghaznavid_empire,Ghaznavid Empire,seljuk_rum,Sultanate of Rum,displacement,2,,0,0,0,1,0,0,-109
ghaznavid_empire,Ghaznavid Empire,jalayirid_sultanate,Jalayirid Sultanate,displacement,2,,0,0,0,1,0,0,149
ghaznavid_empire,Ghaznavid Empire,madurai_sultanate,Madurai Sultanate,displacement,2,,0,0,0,1,0,0,149
ghaznavid_empire,Ghaznavid Empire,malwa_sultanate,Malwa Sultanate,displacement,2,,0,0,0,1,0,0,206
ghaznavid_empire,Ghaznavid Empire,jaunpur_sultanate,Jaunpur Sultanate,displacement,2,,0,0,0,1,0,0,208
seljuk_empire,Seljuk Empire,seljuk_rum,Sultanate of Rum,displacement,2,,0,0,0,1,0,0,-117
seljuk_empire,Seljuk Empire,madurai_sultanate,Madurai Sultanate,displacement,2,,0,0,0,1,0,0,141
seljuk_empire,Seljuk Empire,malwa_sultanate,Malwa Sultanate,displacement,2,,0,0,0,1,0,0,198
seljuk_empire,Seljuk Empire,jaunpur_sultanate,Jaunpur Sultanate,displacement,2,,0,0,0,1,0,0,200
seljuk_empire,Seljuk Empire,gujarat_sultanate,Gujarat Sultanate,displacement,2,,0,0,0,1,0,0,213
seljuk_rum,Sultanate of Rum,ghorid_dynasty,Ghorid Sultanate,displacement,2,,0,0,0,1,0,0,-159
seljuk_rum,Sultanate of Rum,khwarazmian_empire,Khwarazmian Empire,displacement,2,,0,0,0,1,0,0,-107
seljuk_rum,Sultanate of Rum,delhi_sultanate,Delhi Sultanate,displacement,2,,0,0,0,1,0,0,-101
seljuk_rum,Sultanate of Rum,ilkhanate,Ilkhanate,displacement,2,,0,0,0,1,0,0,-51
seljuk_rum,Sultanate of Rum,timurid_empire,Timurid Empire,displacement,2,,0,0,0,1,0,0,63
seljuk_rum,Sultanate of Rum,malwa_sultanate,Malwa Sultanate,displacement,2,,0,0,0,1,0,0,85
seljuk_rum,Sultanate of Rum,jaunpur_sultanate,Jaunpur Sultanate,displacement,2,,0,0,0,1,0,0,87
seljuk_rum,Sultanate of Rum,gujarat_sultanate,Gujarat Sultanate,displacement,2,,0,0,0,1,0,0,100
seljuk_rum,Sultanate of Rum,safavid_empire,Safavid Empire,displacement,2,,0,0,0,1,0,0,194
seljuk_rum,Sultanate of Rum,mughal_empire,Mughal Empire,displacement,2,,0,0,0,1,0,0,219
seljuk_rum,Sultanate of Rum,sur_empire,Sur Empire,displacement,2,,0,0,0,1,0,0,233
ghorid_dynasty,Ghorid Sultanate,jalayirid_sultanate,Jalayirid Sultanate,displacement,2,,0,0,0,1,0,0,120
ghorid_dynasty,Ghorid Sultanate,madurai_sultanate,Madurai Sultanate,displacement,2,,0,0,0,1,0,0,120
ghorid_dynasty,Ghorid Sultanate,gujarat_sultanate,Gujarat Sultanate,displacement,2,,0,0,0,1,0,0,192
khwarazmian_empire,Khwarazmian Empire,jalayirid_sultanate,Jalayirid Sultanate,displacement,2,,0,0,0,1,0,0,115
khwarazmian_empire,Khwarazmian Empire,madurai_sultanate,Madurai Sultanate,displacement,2,,0,0,0,1,0,0,115
khwarazmian_empire,Khwarazmian Empire,malwa_sultanate,Malwa Sultanate,displacement,2,,0,0,0,1,0,0,172
khwarazmian_empire,Khwarazmian Empire,jaunpur_sultanate,Jaunpur Sultanate,displacement,2,,0,0,0,1,0,0,174
khwarazmian_empire,Khwarazmian Empire,gujarat_sultanate,Gujarat Sultanate,displacement,2,,0,0,0,1,0,0,187
khwarazmian_empire,Khwarazmian Empire,safavid_empire,Safavid Empire,displacement,2,,0,0,0,1,0,0,281
delhi_sultanate,Delhi Sultanate,ilkhanate,Ilkhanate,displacement,2,,0,0,0,1,0,0,-270
delhi_sultanate,Delhi Sultanate,jalayirid_sultanate,Jalayirid Sultanate,displacement,2,,0,0,0,1,0,0,-191
delhi_sultanate,Delhi Sultanate,madurai_sultanate,Madurai Sultanate,displacement,2,,0,0,0,1,0,0,-191
delhi_sultanate,Delhi Sultanate,timurid_empire,Timurid Empire,displacement,2,,0,0,0,1,0,0,-156
delhi_sultanate,Delhi Sultanate,hyderabad_state,Nizam of Hyderabad,displacement,2,,0,0,0,1,0,0,198
delhi_sultanate,Delhi Sultanate,zand_dynasty,Zand Dynasty,displacement,2,,0,0,0,1,0,0,225
ilkhanate,Ilkhanate,malwa_sultanate,Malwa Sultanate,displacement,2,,0,0,0,1,0,0,57
ilkhanate,Ilkhanate,jaunpur_sultanate,Jaunpur Sultanate,displacement,2,,0,0,0,1,0,0,59
ilkhanate,Ilkhanate,gujarat_sultanate,Gujarat Sultanate,displacement,2,,0,0,0,1,0,0,72
ilkhanate,Ilkhanate,mughal_empire,Mughal Empire,displacement,2,,0,0,0,1,0,0,191
ilkhanate,Ilkhanate,sur_empire,Sur Empire,displacement,2,,0,0,0,1,0,0,205
jalayirid_sultanate,Jalayirid Sultanate,madurai_sultanate,Madurai Sultanate,displacement,2,,0,0,0,1,0,0,-97
jalayirid_sultanate,Jalayirid Sultanate,mughal_empire,Mughal Empire,displacement,2,,0,0,0,1,0,0,94
jalayirid_sultanate,Jalayirid Sultanate,sur_empire,Sur Empire,displacement,2,,0,0,0,1,0,0,108
jalayirid_sultanate,Jalayirid Sultanate,hyderabad_state,Nizam of Hyderabad,displacement,2,,0,0,0,1,0,0,292
madurai_sultanate,Madurai Sultanate,safavid_empire,Safavid Empire,displacement,2,,0,0,0,1,0,0,123
madurai_sultanate,Madurai Sultanate,sur_empire,Sur Empire,displacement,2,,0,0,0,1,0,0,162
timurid_empire,Timurid Empire,malwa_sultanate,Malwa Sultanate,displacement,2,,0,0,0,1,0,0,-115
timurid_empire,Timurid Empire,jaunpur_sultanate,Jaunpur Sultanate,displacement,2,,0,0,0,1,0,0,-113
timurid_empire,Timurid Empire,gujarat_sultanate,Gujarat Sultanate,displacement,2,,0,0,0,1,0,0,-100
timurid_empire,Timurid Empire,hyderabad_state,Nizam of Hyderabad,displacement,2,,0,0,0,1,0,0,217
malwa_sultanate,Malwa Sultanate,gujarat_sultanate,Gujarat Sultanate,displacement,2,,0,0,0,1,0,0,-155
malwa_sultanate,Malwa Sultanate,safavid_empire,Safavid Empire,displacement,2,,0,0,0,1,0,0,-61
malwa_sultanate,Malwa Sultanate,hyderabad_state,Nizam of Hyderabad,displacement,2,,0,0,0,1,0,0,162
malwa_sultanate,Malwa Sultanate,zand_dynasty,Zand Dynasty,displacement,2,,0,0,0,1,0,0,189
jaunpur_sultanate,Jaunpur Sultanate,gujarat_sultanate,Gujarat Sultanate,displacement,2,,0,0,0,1,0,0,-72
jaunpur_sultanate,Jaunpur Sultanate,hyderabad_state,Nizam of Hyderabad,displacement,2,,0,0,0,1,0,0,245
jaunpur_sultanate,Jaunpur Sultanate,zand_dynasty,Zand Dynasty,displacement,2,,0,0,0,1,0,0,272
gujarat_sultanate,Gujarat Sultanate,safavid_empire,Safavid Empire,displacement,2,,0,0,0,1,0,0,-72
gujarat_sultanate,Gujarat Sultanate,hyderabad_state,Nizam of Hyderabad,displacement,2,,0,0,0,1,0,0,151
gujarat_sultanate,Gujarat Sultanate,zand_dynasty,Zand Dynasty,displacement,2,,0,0,0,1,0,0,178
safavid_empire,Safavid Empire,mughal_empire,Mughal Empire,displacement,2,,0,0,0,1,0,0,-210
safavid_empire,Safavid Empire,sur_empire,Sur Empire,displacement,2,,0,0,0,1,0,0,-196
mughal_empire,Mughal Empire,zand_dynasty,Zand Dynasty,displacement,2,,0,0,0,1,0,0,-106
sur_empire,Sur Empire,hyderabad_state,Nizam of Hyderabad,displacement,2,,0,0,0,1,0,0,168
sur_empire,Sur Empire,zand_dynasty,Zand Dynasty,displacement,2,,0,0,0,1,0,0,195
hyderabad_state,Nizam of Hyderabad,zand_dynasty,Zand Dynasty,displacement,2,,0,0,0,1,0,0,-197
kara_khanid_khanate,Kara-Khanid Khanate,kazan_khanate,Kazan Khanate,displacement,2,,0,0,0,1,0,0,226
moghulistan,Moghulistan Khanate,khanate_of_kokand,Khanate of Kokand,displacement,2,,0,0,0,1,0,0,247
kazan_khanate,Kazan Khanate,khanate_of_bukhara,Khanate of Bukhara,displacement,2,,0,0,0,1,0,0,-52
kazan_khanate,Kazan Khanate,khanate_of_kokand,Khanate of Kokand,displacement,2,,0,0,0,1,0,0,157
khanate_of_bukhara,Khanate of Bukhara,yarkand_khanate,Yarkand Khanate,displacement,2,,0,0,0,1,0,0,-271
khanate_of_khiva,Khanate of Khiva,yarkand_khanate,Yarkand Khanate,displacement,2,,0,0,0,1,0,0,-406
kingdom_of_france,Kingdom of France,kingdom_of_jerusalem,Kingdom of Jerusalem,displacement,2,,0,0,0,1,0,0,-693
kingdom_of_france,Kingdom of France,latin_empire,Latin Empire,displacement,2,,0,0,0,1,0,0,-588
kingdom_of_jerusalem,Kingdom of Jerusalem,angevin_empire,Angevin Empire,displacement,2,,0,0,0,1,0,0,-137
kingdom_of_jerusalem,Kingdom of Jerusalem,latin_empire,Latin Empire,displacement,2,,0,0,0,1,0,0,-87
novgorod_republic,Novgorod Republic,cossack_hetmanate,Cossack Hetmanate,displacement,2,,0,0,0,1,0,0,171
galicia_volhynia,Principality of Galicia-Volhynia,cossack_hetmanate,Cossack Hetmanate,displacement,2,,0,0,0,1,0,0,300
grand_duchy_of_lithuania,Grand Duchy of Lithuania,cossack_hetmanate,Cossack Hetmanate,displacement,2,,0,0,0,1,0,0,80
teutonic_order,Teutonic Order (Monastic State),kalmar_union,Kalmar Union,displacement,2,,0,0,0,1,0,0,-128
teutonic_order,Teutonic Order (Monastic State),habsburg_monarchy,Habsburg Monarchy,displacement,2,,0,0,0,1,0,0,-87
kalmar_union,Kalmar Union,habsburg_monarchy,Habsburg Monarchy,displacement,2,,0,0,0,1,0,0,-85
kalmar_union,Kalmar Union,kingdom_of_prussia,Kingdom of Prussia,displacement,2,,0,0,0,1,0,0,178
kingdom_of_great_britain,Kingdom of Great Britain,british_raj,British Raj,displacement,2,,0,0,0,1,0,0,57
byzantine_empire,Byzantine Empire,ottoman_empire,Ottoman Empire,expansion,2,anatolia|balkans,2,0,0,0,0,0,-154
croatian_kingdom,Croatian Kingdom,latin_empire,Latin Empire,expansion,2,balkans,1,0,0,0,1,0,102
kingdom_of_bohemia,Kingdom of Bohemia,holy_roman_empire,Holy Roman Empire,expansion,2,bohemia,1,0,0,0,1,0,-564
kingdom_of_bohemia,Kingdom of Bohemia,habsburg_monarchy,Habsburg Monarchy,expansion,2,bohemia,1,0,0,0,1,0,-88
kingdom_of_england,Kingdom of England,angevin_empire,Angevin Empire,expansion,2,britannia,1,0,0,0,1,0,-553
kingdom_of_urartu,Kingdom of Urartu,median_kingdom,Median Kingdom,expansion,2,caucasus,1,0,0,0,1,0,-88
kingdom_of_armenia,Kingdom of Armenia,sassanid_empire,Sassanid Empire,expansion,2,caucasus,1,0,0,0,1,0,-204
safavid_empire,Safavid Empire,russian_empire,Russian Empire,expansion,2,caucasus,1,0,0,0,0,0,-15
kara_khanid_khanate,Kara-Khanid Khanate,golden_horde,Golden Horde,expansion,2,central_asian_steppe,1,0,0,0,0,0,30
western_xia,Western Xia (Tangut Empire),qara_khitai,Qara Khitai (Western Liao),expansion,2,central_asian_steppe,1,0,0,0,1,0,-103
western_xia,Western Xia (Tangut Empire),mongol_empire,Mongol Empire,expansion,2,central_asian_steppe,1,0,0,0,0,0,-21
western_xia,Western Xia (Tangut Empire),golden_horde,Golden Horde,expansion,2,central_asian_steppe,1,0,0,0,0,0,15
qara_khitai,Qara Khitai (Western Liao),golden_horde,Golden Horde,expansion,2,central_asian_steppe,1,0,0,0,0,0,24
yarkand_khanate,Yarkand Khanate,russian_empire,Russian Empire,expansion,2,central_asian_steppe,1,0,0,0,0,0,16
dzungar_khanate,Dzungar Khanate,russian_empire,Russian Empire,expansion,2,central_asian_steppe,1,0,0,0,0,0,-34
mysore_kingdom,Mysore Kingdom,republic_of_india,Republic of India,expansion,2,deccan,1,0,0,0,1,0,148
maratha_empire,Maratha Empire,british_raj,British Raj,expansion,2,deccan,1,0,0,0,0,0,40
palmyrene_empire,Palmyrene Empire,roman_empire,Roman Empire,expansion,2,egypt|levant,2,0,0,0,0,0,-300
palmyrene_empire,Palmyrene Empire,byzantine_empire,Byzantine Empire,expansion,2,egypt|levant,2,0,0,0,0,0,122
sena_dynasty,Sena Dynasty,delhi_sultanate,Delhi Sultanate,expansion,2,ganges_plain,1,0,0,0,0,0,-24
gajapati_dynasty,Gajapati Dynasty (Odisha),mughal_empire,Mughal Empire,expansion,2,ganges_plain,1,0,0,0,0,0,-15
kingdom_of_hungary,Kingdom of Hungary,habsburg_monarchy,Habsburg Monarchy,expansion,2,hungary,1,0,0,0,1,0,-88
visigothic_kingdom,Visigothic Kingdom,umayyad_caliphate,Umayyad Caliphate,expansion,2,iberia,1,0,0,0,0,0,-50
kushano_sasanian_kingdom,Kushano-Sasanian Kingdom,hephthalite_empire,Hephthalite Empire,expansion,2,indus_valley|khorasan,2,0,0,0,0,0,75
pratihara_dynasty,Pratihara Dynasty,ghaznavid_empire,Ghaznavid Empire,expansion,2,indus_valley|punjab,2,0,0,0,0,0,-59
abbasid_caliphate,Abbasid Caliphate,mongol_empire,Mongol Empire,expansion,2,iran_plateau|mesopotamia,2,0,0,0,0,0,-52
buyid_dynasty,Buyid Dynasty,mongol_empire,Mongol Empire,expansion,2,iran_plateau|mesopotamia,2,0,0,0,0,0,144
ryukyu_kingdom,Ryukyu Kingdom,empire_of_japan,Empire of Japan (Meiji),expansion,2,japanese_archipelago,1,0,0,0,0,0,-11
hephthalite_empire,Hephthalite Empire,umayyad_caliphate,Umayyad Caliphate,expansion,2,khorasan|transoxiana,2,0,0,0,0,0,96
ghaznavid_empire,Ghaznavid Empire,mongol_empire,Mongol Empire,expansion,2,khorasan,1,0,0,0,0,0,20
afsharid_dynasty,Afsharid Dynasty,durrani_empire,Durrani Empire,expansion,2,khorasan,1,0,0,0,0,0,-49
grand_duchy_moscow,Grand Duchy of Moscow,polish_lithuanian_commonwealth,Polish-Lithuanian Commonwealth,expansion,2,kievan_rus,1,0,0,0,0,0,22
polish_lithuanian_commonwealth,Polish-Lithuanian Commonwealth,soviet_union,Soviet Union,expansion,2,kievan_rus|lithuania,2,0,0,0,0,0,127
joseon,Joseon Dynasty,empire_of_japan,Empire of Japan (Meiji),expansion,2,korean_peninsula,1,0,0,0,0,0,-29
phoenician_states,"Phoenician City-States (Tyre, Sidon, Byblos)",seleucid_empire,Seleucid Empire,expansion,2,levant,1,0,0,0,0,0,20
phoenician_states,"Phoenician City-States (Tyre, Sidon, Byblos)",ptolemaic_egypt,Ptolemaic Kingdom,expansion,2,levant,1,0,0,0,0,0,27
kingdom_of_israel,United Kingdom of Israel,neo_assyrian_empire,Neo-Assyrian Empire,expansion,2,levant,1,0,0,0,0,0,19
kingdom_of_judah,Kingdom of Judah,neo_babylonian,Neo-Babylonian (Chaldean) Empire,expansion,2,levant,1,0,0,0,0,0,-40
kingdom_of_judah,Kingdom of Judah,achaemenid_empire,Achaemenid Empire,expansion,2,levant,1,0,0,0,0,0,36
kingdom_of_jerusalem,Kingdom of Jerusalem,mamluk_sultanate,Mamluk Sultanate,expansion,2,levant,1,0,0,0,0,0,-41
liao_dynasty,Liao Dynasty (Khitan),mongol_empire,Mongol Empire,expansion,2,manchuria|yellow_river,2,0,0,0,0,0,81
liao_dynasty,Liao Dynasty (Khitan),yuan_dynasty,Yuan Dynasty,expansion,2,manchuria|yellow_river,2,0,0,0,0,0,146
jin_jurchen,Jin Dynasty (Jurchen),ming_dynasty,Ming Dynasty,expansion,2,manchuria|yellow_river,2,0,0,0,0,0,134
old_babylonian,Old Babylonian Empire,mitanni_empire,Mitanni Empire,expansion,2,mesopotamia,1,0,0,0,1,0,95
lakhmid_kingdom,Lakhmid Kingdom,rashidun_caliphate,Rashidun Caliphate,expansion,2,mesopotamia,1,0,0,0,0,0,30
zangid_atabegate,Zangid Atabegate,mongol_empire,Mongol Empire,expansion,2,mesopotamia,1,0,0,0,0,0,-44
numidia,Kingdom of Numidia,roman_empire,Roman Empire,expansion,2,north_africa,1,0,0,0,0,0,19
khwarazmian_empire,Khwarazmian Empire,mongol_empire,Mongol Empire,expansion,2,transoxiana,1,0,0,0,0,0,-14
khanate_of_kokand,Khanate of Kokand,soviet_union,Soviet Union,expansion,2,transoxiana,1,0,0,0,0,0,46
northern_song,Northern Song Dynasty,mongol_empire,Mongol Empire,expansion,2,yangtze|yellow_river,2,0,0,0,0,0,79
northern_song,Northern Song Dynasty,yuan_dynasty,Yuan Dynasty,expansion,2,yangtze|yellow_river,2,0,0,0,0,0,144
xiongnu,Xiongnu Confederation,hunnic_empire,Hunnic Empire,expansion,2,,0,0,0,1,0,0,257
rustamid_dynasty,Rustamid Dynasty,almohad_caliphate,Almohad Caliphate,expansion,2,,0,0,0,1,0,0,212
aghlabid_dynasty,Aghlabid Dynasty,almohad_caliphate,Almohad Caliphate,expansion,2,,0,0,0,1,0,0,212
samanid_empire,Samanid Empire,ilkhanate,Ilkhanate,expansion,2,,0,0,0,1,0,0,257
saffarid_dynasty,Saffarid Dynasty,ilkhanate,Ilkhanate,expansion,2,,0,0,0,1,0,0,253
buyid_dynasty,Buyid Dynasty,ilkhanate,Ilkhanate,expansion,2,,0,0,0,1,0,0,194
ghorid_dynasty,Ghorid Sultanate,safavid_empire,Safavid Empire,expansion,2,,0,0,0,1,0,0,286
abbasid_caliphate,Abbasid Caliphate,ottoman_empire,Ottoman Empire,expansion,2,,0,0,0,0,1,0,41
second_bulgarian_empire,Second Bulgarian Empire,principality_of_wallachia,Principality of Wallachia,same,2,balkans,1,0,0,0,1,0,-106
serbian_empire,Serbian Empire (Nemanjić Dynasty),principality_of_wallachia,Principality of Wallachia,same,2,balkans,1,0,0,0,1,0,-99
principality_of_wallachia,Principality of Wallachia,serbian_despotate,Serbian Despotate,same,2,balkans,1,0,0,0,1,0,-457
principality_of_moldavia,Principality of Moldavia,serbian_despotate,Serbian Despotate,same,2,balkans,1,0,0,0,1,0,-457
kingdom_of_greece,Kingdom of Greece,kingdom_of_romania,Kingdom of Romania,same,2,balkans,1,0,0,0,1,0,-92
avar_khaganate,Avar Khaganate,kara_khanid_khanate,Kara-Khanid Khanate,same,2,central_asian_steppe,1,0,0,0,0,0,36
kara_khanid_khanate,Kara-Khanid Khanate,qara_khitai,Qara Khitai (Western Liao),same,2,central_asian_steppe|transoxiana,2,0,0,0,0,0,-88
pandya_dynasty,Pandya Dynasty,vakataka_dynasty,Vakataka Dynasty,same,2,deccan,1,0,0,0,1,0,-1095
pandya_dynasty,Pandya Dynasty,yadava_dynasty,Yadava Dynasty (Devagiri),same,2,deccan,1,0,0,0,1,0,-495
chola_empire,Chola Empire,vakataka_dynasty,Vakataka Dynasty,same,2,deccan,1,0,0,0,1,0,-1029
chola_empire,Chola Empire,yadava_dynasty,Yadava Dynasty (Devagiri),same,2,deccan,1,0,0,0,1,0,-429
chera_dynasty,Chera Dynasty,vakataka_dynasty,Vakataka Dynasty,same,2,deccan,1,0,0,0,1,0,-852
chera_dynasty,Chera Dynasty,yadava_dynasty,Yadava Dynasty (Devagiri),same,2,deccan,1,0,0,0,1,0,-252
vakataka_dynasty,Vakataka Dynasty,pallava_dynasty,Pallava Dynasty,same,2,deccan,1,0,0,0,1,0,-225
vakataka_dynasty,Vakataka Dynasty,kadamba_dynasty,Kadamba Dynasty,same,2,deccan,1,0,0,0,1,0,-155
yadava_dynasty,Yadava Dynasty (Devagiri),kakatiya_dynasty,Kakatiya Dynasty,same,2,deccan,1,0,0,0,1,0,-234
yadava_dynasty,Yadava Dynasty (Devagiri),madurai_sultanate,Madurai Sultanate,same,2,deccan,1,0,0,0,0,0,18
yadava_dynasty,Yadava Dynasty (Devagiri),bahmani_sultanate,Bahmani Sultanate,same,2,deccan,1,0,0,0,0,0,30
yadava_dynasty,Yadava Dynasty (Devagiri),mysore_kingdom,Mysore Kingdom,same,2,deccan,1,0,0,0,1,0,82
hoysala_dynasty,Hoysala Empire,madurai_sultanate,Madurai Sultanate,same,2,deccan,1,0,0,0,0,0,-11
kakatiya_dynasty,Kakatiya Dynasty,madurai_sultanate,Madurai Sultanate,same,2,deccan,1,0,0,0,0,0,12
kakatiya_dynasty,Kakatiya Dynasty,bahmani_sultanate,Bahmani Sultanate,same,2,deccan,1,0,0,0,0,0,24
madurai_sultanate,Madurai Sultanate,vijayanagara_empire,Vijayanagara Empire,same,2,deccan,1,0,0,0,0,0,-42
madurai_sultanate,Madurai Sultanate,mysore_kingdom,Mysore Kingdom,same,2,deccan,1,0,0,0,0,0,21
mysore_kingdom,Mysore Kingdom,maratha_empire,Maratha Empire,same,2,deccan,1,0,0,0,1,0,-125
byzantine_empire,Byzantine Empire,rashidun_caliphate,Rashidun Caliphate,same,2,egypt|levant,2,0,0,0,0,0,-821
kushano_sasanian_kingdom,Kushano-Sasanian Kingdom,gupta_empire,Gupta Empire,same,2,indus_valley,1,0,0,0,0,0,-45
jalayirid_sultanate,Jalayirid Sultanate,kara_koyunlu,Kara Koyunlu (Black Sheep Turkmen),same,2,iran_plateau|mesopotamia,2,0,0,0,0,0,-58
hotak_dynasty,Hotak Dynasty,qajar_dynasty,Qajar Dynasty,same,2,iran_plateau|khorasan,2,0,0,0,0,0,58
novgorod_republic,Novgorod Republic,grand_duchy_moscow,Grand Duchy of Moscow,same,2,kievan_rus,1,0,0,0,1,0,-195
novgorod_republic,Novgorod Republic,tsardom_russia,Tsardom of Russia,same,2,kievan_rus,1,0,0,0,1,0,69
galicia_volhynia,Principality of Galicia-Volhynia,grand_duchy_moscow,Grand Duchy of Moscow,same,2,kievan_rus,1,0,0,0,1,0,-66
joseon,Joseon Dynasty,japanese_korea,Japanese-Occupied Korea,same,2,korean_peninsula,1,0,0,0,0,0,13
ur_iii,Third Dynasty of Ur (Neo-Sumerian),old_babylonian,Old Babylonian Empire,same,2,mesopotamia,1,0,0,0,1,0,110
zangid_atabegate,Zangid Atabegate,jalayirid_sultanate,Jalayirid Sultanate,same,2,mesopotamia,1,0,0,0,1,0,85
kazan_khanate,Kazan Khanate,crimean_khanate,Crimean Khanate,same,2,pontic_steppe,1,0,0,0,1,0,-111
samanid_empire,Samanid Empire,kara_khanid_khanate,Kara-Khanid Khanate,same,2,transoxiana,1,0,0,0,1,0,-159
northern_song,Northern Song Dynasty,jin_jurchen,Jin Dynasty (Jurchen),same,2,yellow_river,1,0,0,0,0,0,-12
vakataka_dynasty,Vakataka Dynasty,rashtrakuta_dynasty,Rashtrakuta Dynasty,same,2,,0,0,0,1,0,0,253
tulunid_dynasty,Tulunid Dynasty,ayyubid_sultanate,Ayyubid Sultanate,same,2,,0,0,0,1,0,0,266
ikhshidid_dynasty,Ikhshidid Dynasty,ayyubid_sultanate,Ayyubid Sultanate,same,2,,0,0,0,1,0,0,202
croatian_kingdom,Croatian Kingdom,serbian_despotate,Serbian Despotate,same,2,,0,0,0,1,0,0,300
buyid_dynasty,Buyid Dynasty,jalayirid_sultanate,Jalayirid Sultanate,same,2,,0,0,0,1,0,0,273
ghorid_dynasty,Ghorid Sultanate,timurid_empire,Timurid Empire,same,2,,0,0,0,1,0,0,155
ilkhanate,Ilkhanate,safavid_empire,Safavid Empire,same,2,,0,0,0,1,0,0,166
berber,Berber / Mauretania,mauretania_kingdom,Mauretania Kingdom,unknown,2,,0,0,0,1,0,0,-85
mauretania_kingdom,Mauretania Kingdom,numidia,Kingdom of Numidia,unknown,2,,0,0,0,1,0,0,-242
elam,Kingdom of Elam,marhashi_kingdom,Marhashi Kingdom,unknown,2,,0,0,0,1,0,0,-1961
elam,Kingdom of Elam,anshan_kingdom,Anshan Kingdom,unknown,2,,0,0,0,1,0,0,-1861
marhashi_kingdom,Marhashi Kingdom,anshan_kingdom,Anshan Kingdom,unknown,2,,0,0,0,1,0,0,-400
old_babylonian,Old Babylonian Empire,middle_assyrian_empire,Middle Assyrian Empire,unknown,2,,0,0,0,1,0,0,203
kassite_babylon,Kassite Babylon,middle_assyrian_empire,Middle Assyrian Empire,unknown,2,,0,0,0,1,0,0,-237
shang_dynasty,Shang Dynasty,eastern_zhou,Eastern Zhou (东周),unknown,2,,0,0,0,1,0,0,276
zhou_dynasty,Zhou Dynasty,western_zhou,Western Zhou (西周),unknown,2,,0,0,0,1,0,0,-790
zhou_dynasty,Zhou Dynasty,eastern_zhou,Eastern Zhou (东周),unknown,2,,0,0,0,1,0,0,-514
zhou_dynasty,Zhou Dynasty,western_han,Western Han,unknown,2,,0,0,0,1,0,0,54
zhou_dynasty,Zhou Dynasty,xin,Xin Dynasty (新),unknown,2,,0,0,0,1,0,0,265
zhou_dynasty,Zhou Dynasty,xuan_han,Xuan Han (玄汉),unknown,2,,0,0,0,1,0,0,279
eastern_zhou,Eastern Zhou (东周),western_han,Western Han,unknown,2,,0,0,0,1,0,0,54
eastern_zhou,Eastern Zhou (东周),xin,Xin Dynasty (新),unknown,2,,0,0,0,1,0,0,265
eastern_zhou,Eastern Zhou (东周),xuan_han,Xuan Han (玄汉),unknown,2,,0,0,0,1,0,0,279
qin_dynasty,Qin Dynasty,xin,Xin Dynasty (新),unknown,2,,0,0,0,1,0,0,215
qin_dynasty,Qin Dynasty,xuan_han,Xuan Han (玄汉),unknown,2,,0,0,0,1,0,0,229
han_dynasty,Han Dynasty,western_han,Western Han,unknown,2,,0,0,0,1,0,0,-422
han_dynasty,Han Dynasty,xin,Xin Dynasty (新),unknown,2,,0,0,0,1,0,0,-211
han_dynasty,Han Dynasty,xuan_han,Xuan Han (玄汉),unknown,2,,0,0,0,1,0,0,-197
han_dynasty,Han Dynasty,northern_wei,Northern Wei tributary,unknown,2,,0,0,0,1,0,0,166
western_han,Western Han,cao_wei,Cao Wei,unknown,2,,0,0,0,1,0,0,211
western_han,Western Han,shu_han,Shu Han,unknown,2,,0,0,0,1,0,0,212
western_han,Western Han,eastern_wu,Eastern Wu,unknown,2,,0,0,0,1,0,0,213
western_han,Western Han,western_jin,Western Jin Dynasty,unknown,2,,0,0,0,1,0,0,256
xin,Xin Dynasty (新),cao_wei,Cao Wei,unknown,2,,0,0,0,1,0,0,197
xin,Xin Dynasty (新),shu_han,Shu Han,unknown,2,,0,0,0,1,0,0,198
xin,Xin Dynasty (新),eastern_wu,Eastern Wu,unknown,2,,0,0,0,1,0,0,199
xin,Xin Dynasty (新),western_jin,Western Jin Dynasty,unknown,2,,0,0,0,1,0,0,242
xin,Xin Dynasty (新),eastern_jin,Eastern Jin Dynasty,unknown,2,,0,0,0,1,0,0,294
xuan_han,Xuan Han (玄汉),cao_wei,Cao Wei,unknown,2,,0,0,0,1,0,0,195
xuan_han,Xuan Han (玄汉),shu_han,Shu Han,unknown,2,,0,0,0,1,0,0,196
xuan_han,Xuan Han (玄汉),eastern_wu,Eastern Wu,unknown,2,,0,0,0,1,0,0,197
xuan_han,Xuan Han (玄汉),western_jin,Western Jin Dynasty,unknown,2,,0,0,0,1,0,0,240
xuan_han,Xuan Han (玄汉),eastern_jin,Eastern Jin Dynasty,unknown,2,,0,0,0,1,0,0,292
cao_wei,Cao Wei,northern_wei,Northern Wei tributary,unknown,2,,0,0,0,1,0,0,121
cao_wei,Cao Wei,western_wei,Western Wei / Northern Zhou tributary,unknown,2,,0,0,0,1,0,0,270
shu_han,Shu Han,northern_wei,Northern Wei tributary,unknown,2,,0,0,0,1,0,0,123
shu_han,Shu Han,western_wei,Western Wei / Northern Zhou tributary,unknown,2,,0,0,0,1,0,0,272
eastern_wu,Eastern Wu,northern_wei,Northern Wei tributary,unknown,2,,0,0,0,1,0,0,106
eastern_wu,Eastern Wu,western_wei,Western Wei / Northern Zhou tributary,unknown,2,,0,0,0,1,0,0,255
western_jin,Western Jin Dynasty,northern_wei,Northern Wei tributary,unknown,2,,0,0,0,1,0,0,70
western_jin,Western Jin Dynasty,western_wei,Western Wei / Northern Zhou tributary,unknown,2,,0,0,0,1,0,0,219
eastern_jin,Eastern Jin Dynasty,western_wei,Western Wei / Northern Zhou tributary,unknown,2,,0,0,0,1,0,0,115
northern_dynasties,Northern Dynasties,northern_wei,Northern Wei tributary,unknown,2,,0,0,0,1,0,0,-195
northern_wei,Northern Wei tributary,southern_dynasties,Southern Dynasties,unknown,2,,0,0,0,1,0,0,-115
southern_dynasties,Southern Dynasties,western_wei,Western Wei / Northern Zhou tributary,unknown,2,,0,0,0,1,0,0,-54
phoenician_states,"Phoenician City-States (Tyre, Sidon, Byblos)",phoenician_colonies,Phoenician Colonies of Sardinia,unknown,2,,0,0,0,1,0,0,-568
phoenician_states,"Phoenician City-States (Tyre, Sidon, Byblos)",punic_coastal_settlements,Punic Coastal Settlements,unknown,2,,0,0,0,1,0,0,-468
phoenician_states,"Phoenician City-States (Tyre, Sidon, Byblos)",carthaginian_sardinia,Carthaginian Sardinia,unknown,2,,0,0,0,1,0,0,-218
phoenician_states,"Phoenician City-States (Tyre, Sidon, Byblos)",carthaginian_western_sicily,Carthaginian Western Sicily,unknown,2,,0,0,0,1,0,0,-218
phoenician_colonies,Phoenician Colonies of Sardinia,carthage,Carthage (Phoenician City-State),unknown,2,,0,0,0,1,0,0,-264
phoenician_colonies,Phoenician Colonies of Sardinia,punic_coastal_settlements,Punic Coastal Settlements,unknown,2,,0,0,0,1,0,0,-250
carthage,Carthage (Phoenician City-State),punic_coastal_settlements,Punic Coastal Settlements,unknown,2,,0,0,0,1,0,0,-654
carthage,Carthage (Phoenician City-State),carthaginian_sardinia,Carthaginian Sardinia,unknown,2,,0,0,0,1,0,0,-404
carthage,Carthage (Phoenician City-State),carthaginian_western_sicily,Carthaginian Western Sicily,unknown,2,,0,0,0,1,0,0,-404
punic_coastal_settlements,Punic Coastal Settlements,carthaginian_sardinia,Carthaginian Sardinia,unknown,2,,0,0,0,1,0,0,-275
punic_coastal_settlements,Punic Coastal Settlements,carthaginian_western_sicily,Carthaginian Western Sicily,unknown,2,,0,0,0,1,0,0,-275
carthaginian_sardinia,Carthaginian Sardinia,carthaginian_western_sicily,Carthaginian Western Sicily,unknown,2,,0,0,0,1,0,0,-312
macedonian_kingdom,Macedonian Kingdom,magna_graecia,Magna Graecia,unknown,2,,0,0,0,1,0,0,-582
macedonian_kingdom,Macedonian Kingdom,kingdom_of_epirus,Kingdom of Epirus,unknown,2,,0,0,0,1,0,0,-302
macedonian_kingdom,Macedonian Kingdom,macedonian_empire,Macedonian Empire (Alexander),unknown,2,,0,0,0,1,0,0,-168
macedonian_kingdom,Macedonian Kingdom,lysimachus,Lysimachus,unknown,2,,0,0,0,1,0,0,-138
macedonian_kingdom,Macedonian Kingdom,greco_bactrian_kingdom,Greco-Bactrian Kingdom,unknown,2,,0,0,0,1,0,0,-88
magna_graecia,Magna Graecia,kingdom_of_epirus,Kingdom of Epirus,unknown,2,,0,0,0,1,0,0,-190
magna_graecia,Magna Graecia,macedonian_empire,Macedonian Empire (Alexander),unknown,2,,0,0,0,1,0,0,-56
magna_graecia,Magna Graecia,indo_greek_kingdom,Indo-Greek Kingdom,unknown,2,,0,0,0,1,0,0,100
kingdom_of_epirus,Kingdom of Epirus,macedonian_empire,Macedonian Empire (Alexander),unknown,2,,0,0,0,1,0,0,-169
kingdom_of_epirus,Kingdom of Epirus,lysimachus,Lysimachus,unknown,2,,0,0,0,1,0,0,-139
kingdom_of_epirus,Kingdom of Epirus,greco_bactrian_kingdom,Greco-Bactrian Kingdom,unknown,2,,0,0,0,1,0,0,-89
lysimachus,Lysimachus,indo_greek_kingdom,Indo-Greek Kingdom,unknown,2,,0,0,0,1,0,0,101
latin_sabine_samnite_peoples,Latin-Sabine-Samnite Peoples,italic_peoples,Italic Peoples,unknown,2,,0,0,0,1,0,0,-500
latin_sabine_samnite_peoples,Latin-Sabine-Samnite Peoples,roman_kingdom,Roman Kingdom,unknown,2,,0,0,0,1,0,0,-253
latin_sabine_samnite_peoples,Latin-Sabine-Samnite Peoples,oscan_samnite_peoples,Oscan-Samnite Peoples,unknown,2,,0,0,0,1,0,0,-100
italic_peoples,Italic Peoples,roman_kingdom,Roman Kingdom,unknown,2,,0,0,0,1,0,0,-253
italic_peoples,Italic Peoples,oscan_samnite_peoples,Oscan-Samnite Peoples,unknown,2,,0,0,0,1,0,0,-100
roman_kingdom,Roman Kingdom,oscan_samnite_peoples,Oscan-Samnite Peoples,unknown,2,,0,0,0,1,0,0,-91
oscan_samnite_peoples,Oscan-Samnite Peoples,roman_republic,Roman Republic,unknown,2,,0,0,0,1,0,0,-219
oscan_samnite_peoples,Oscan-Samnite Peoples,roman_empire,Roman Empire,unknown,2,,0,0,0,1,0,0,263
roman_empire,Roman Empire,lombard_duchy_of_spoleto,Lombard Duchy of Spoleto,unknown,2,,0,0,0,1,0,0,175
roman_empire,Roman Empire,lombard_duchy_of_benevento,Lombard Duchy of Benevento,unknown,2,,0,0,0,1,0,0,176
western_roman_empire,Western Roman Empire,lombard_duchy_of_spoleto,Lombard Duchy of Spoleto,unknown,2,,0,0,0,1,0,0,94
western_roman_empire,Western Roman Empire,lombard_duchy_of_benevento,Lombard Duchy of Benevento,unknown,2,,0,0,0,1,0,0,95
western_roman_empire,Western Roman Empire,papal_states,Papal States,unknown,2,,0,0,0,1,0,0,278
visigothic_kingdom,Visigothic Kingdom,lombard_duchy_of_spoleto,Lombard Duchy of Spoleto,unknown,2,,0,0,0,1,0,0,-141
visigothic_kingdom,Visigothic Kingdom,lombard_duchy_of_benevento,Lombard Duchy of Benevento,unknown,2,,0,0,0,1,0,0,-140
visigothic_kingdom,Visigothic Kingdom,tuscan_march,March of Tuscany,unknown,2,,0,0,0,1,0,0,89
visigothic_kingdom,Visigothic Kingdom,lombard_principalities,Lombard Principalities of Southern Italy,unknown,2,,0,0,0,1,0,0,138
visigothic_kingdom,Visigothic Kingdom,principality_of_salerno,Principality of Salerno,unknown,2,,0,0,0,1,0,0,140
vandal_kingdom,Vandal Kingdom of North Africa,papal_states,Papal States,unknown,2,,0,0,0,1,0,0,221
vandal_kingdom,Vandal Kingdom of North Africa,tuscan_march,March of Tuscany,unknown,2,,0,0,0,1,0,0,267
odoacer_kingdom,Kingdom of Odoacer,lombard_duchy_of_spoleto,Lombard Duchy of Spoleto,unknown,2,,0,0,0,1,0,0,77
odoacer_kingdom,Kingdom of Odoacer,lombard_duchy_of_benevento,Lombard Duchy of Benevento,unknown,2,,0,0,0,1,0,0,78
odoacer_kingdom,Kingdom of Odoacer,papal_states,Papal States,unknown,2,,0,0,0,1,0,0,261
carolingian_empire,Frankish Kingdom / Carolingian Empire,lombard_duchy_of_spoleto,Lombard Duchy of Spoleto,unknown,2,,0,0,0,1,0,0,-273
carolingian_empire,Frankish Kingdom / Carolingian Empire,lombard_duchy_of_benevento,Lombard Duchy of Benevento,unknown,2,,0,0,0,1,0,0,-272
carolingian_empire,Frankish Kingdom / Carolingian Empire,papal_states,Papal States,unknown,2,,0,0,0,1,0,0,-89
carolingian_empire,Frankish Kingdom / Carolingian Empire,norman_county_of_apulia,Norman County of Apulia and Calabria,unknown,2,,0,0,0,1,0,0,216
carolingian_empire,Frankish Kingdom / Carolingian Empire,norman_kingdom_of_sicily,Norman Kingdom of Sicily,unknown,2,,0,0,0,1,0,0,287
ostrogothic_kingdom,Ostrogothic Kingdom of Italy,papal_states,Papal States,unknown,2,,0,0,0,1,0,0,201
ostrogothic_kingdom,Ostrogothic Kingdom of Italy,tuscan_march,March of Tuscany,unknown,2,,0,0,0,1,0,0,247
ostrogothic_kingdom,Ostrogothic Kingdom of Italy,lombard_principalities,Lombard Principalities of Southern Italy,unknown,2,,0,0,0,1,0,0,296
ostrogothic_kingdom,Ostrogothic Kingdom of Italy,principality_of_salerno,Principality of Salerno,unknown,2,,0,0,0,1,0,0,298
lombard_kingdom,Kingdom of the Lombards,lombard_duchy_of_spoleto,Lombard Duchy of Spoleto,unknown,2,,0,0,0,1,0,0,-204
lombard_kingdom,Kingdom of the Lombards,lombard_duchy_of_benevento,Lombard Duchy of Benevento,unknown,2,,0,0,0,1,0,0,-203
lombard_kingdom,Kingdom of the Lombards,lombard_principalities,Lombard Principalities of Southern Italy,unknown,2,,0,0,0,1,0,0,75
lombard_kingdom,Kingdom of the Lombards,principality_of_salerno,Principality of Salerno,unknown,2,,0,0,0,1,0,0,77
lombard_kingdom,Kingdom of the Lombards,norman_county_of_apulia,Norman County of Apulia and Calabria,unknown,2,,0,0,0,1,0,0,285
lombard_duchy_of_spoleto,Lombard Duchy of Spoleto,lombard_duchy_of_benevento,Lombard Duchy of Benevento,unknown,2,,0,0,0,1,0,0,-203
lombard_duchy_of_spoleto,Lombard Duchy of Spoleto,lombard_principalities,Lombard Principalities of Southern Italy,unknown,2,,0,0,0,1,0,0,75
lombard_duchy_of_spoleto,Lombard Duchy of Spoleto,principality_of_salerno,Principality of Salerno,unknown,2,,0,0,0,1,0,0,77
lombard_duchy_of_spoleto,Lombard Duchy of Spoleto,holy_roman_empire,Holy Roman Empire,unknown,2,,0,0,0,1,0,0,188
lombard_duchy_of_spoleto,Lombard Duchy of Spoleto,kingdom_of_poland,Kingdom of Poland,unknown,2,,0,0,0,1,0,0,192
lombard_duchy_of_spoleto,Lombard Duchy of Spoleto,kingdom_of_hungary,Kingdom of Hungary,unknown,2,,0,0,0,1,0,0,226
lombard_duchy_of_spoleto,Lombard Duchy of Spoleto,norman_county_of_apulia,Norman County of Apulia and Calabria,unknown,2,,0,0,0,1,0,0,285
lombard_duchy_of_benevento,Lombard Duchy of Benevento,papal_states,Papal States,unknown,2,,0,0,0,1,0,0,-323
lombard_duchy_of_benevento,Lombard Duchy of Benevento,tuscan_march,March of Tuscany,unknown,2,,0,0,0,1,0,0,-277
lombard_duchy_of_benevento,Lombard Duchy of Benevento,lombard_principalities,Lombard Principalities of Southern Italy,unknown,2,,0,0,0,1,0,0,-228
lombard_duchy_of_benevento,Lombard Duchy of Benevento,principality_of_salerno,Principality of Salerno,unknown,2,,0,0,0,1,0,0,-226
lombard_duchy_of_benevento,Lombard Duchy of Benevento,holy_roman_empire,Holy Roman Empire,unknown,2,,0,0,0,1,0,0,-115
lombard_duchy_of_benevento,Lombard Duchy of Benevento,kingdom_of_poland,Kingdom of Poland,unknown,2,,0,0,0,1,0,0,-111
lombard_duchy_of_benevento,Lombard Duchy of Benevento,kingdom_of_hungary,Kingdom of Hungary,unknown,2,,0,0,0,1,0,0,-77
lombard_duchy_of_benevento,Lombard Duchy of Benevento,norman_kingdom_of_sicily,Norman Kingdom of Sicily,unknown,2,,0,0,0,1,0,0,53
lombard_duchy_of_benevento,Lombard Duchy of Benevento,hohenstaufen_sicily,Hohenstaufen Kingdom of Sicily,unknown,2,,0,0,0,1,0,0,117
lombard_duchy_of_benevento,Lombard Duchy of Benevento,hohenstaufen,Hohenstaufen Imperial Italy,unknown,2,,0,0,0,1,0,0,117
papal_states,Papal States,tuscan_march,March of Tuscany,unknown,2,,0,0,0,1,0,0,-1070
papal_states,Papal States,lombard_principalities,Lombard Principalities of Southern Italy,unknown,2,,0,0,0,1,0,0,-1021
papal_states,Papal States,principality_of_salerno,Principality of Salerno,unknown,2,,0,0,0,1,0,0,-1019
papal_states,Papal States,holy_roman_empire,Holy Roman Empire,unknown,2,,0,0,0,1,0,0,-908
papal_states,Papal States,kingdom_of_poland,Kingdom of Poland,unknown,2,,0,0,0,1,0,0,-904
papal_states,Papal States,kingdom_of_hungary,Kingdom of Hungary,unknown,2,,0,0,0,1,0,0,-870
papal_states,Papal States,norman_county_of_apulia,Norman County of Apulia and Calabria,unknown,2,,0,0,0,1,0,0,-811
papal_states,Papal States,norman_kingdom_of_sicily,Norman Kingdom of Sicily,unknown,2,,0,0,0,1,0,0,-740
papal_states,Papal States,hohenstaufen_sicily,Hohenstaufen Kingdom of Sicily,unknown,2,,0,0,0,1,0,0,-676
papal_states,Papal States,hohenstaufen,Hohenstaufen Imperial Italy,unknown,2,,0,0,0,1,0,0,-676
tuscan_march,March of Tuscany,lombard_principalities,Lombard Principalities of Southern Italy,unknown,2,,0,0,0,1,0,0,-348
tuscan_march,March of Tuscany,principality_of_salerno,Principality of Salerno,unknown,2,,0,0,0,1,0,0,-346
tuscan_march,March of Tuscany,holy_roman_empire,Holy Roman Empire,unknown,2,,0,0,0,1,0,0,-235
tuscan_march,March of Tuscany,kingdom_of_poland,Kingdom of Poland,unknown,2,,0,0,0,1,0,0,-231
tuscan_march,March of Tuscany,kingdom_of_hungary,Kingdom of Hungary,unknown,2,,0,0,0,1,0,0,-197
tuscan_march,March of Tuscany,norman_county_of_apulia,Norman County of Apulia and Calabria,unknown,2,,0,0,0,1,0,0,-138
tuscan_march,March of Tuscany,norman_kingdom_of_sicily,Norman Kingdom of Sicily,unknown,2,,0,0,0,1,0,0,-67
lombard_principalities,Lombard Principalities of Southern Italy,principality_of_salerno,Principality of Salerno,unknown,2,,0,0,0,1,0,0,-226
lombard_principalities,Lombard Principalities of Southern Italy,holy_roman_empire,Holy Roman Empire,unknown,2,,0,0,0,1,0,0,-115
lombard_principalities,Lombard Principalities of Southern Italy,kingdom_of_poland,Kingdom of Poland,unknown,2,,0,0,0,1,0,0,-111
lombard_principalities,Lombard Principalities of Southern Italy,kingdom_of_hungary,Kingdom of Hungary,unknown,2,,0,0,0,1,0,0,-77
lombard_principalities,Lombard Principalities of Southern Italy,norman_kingdom_of_sicily,Norman Kingdom of Sicily,unknown,2,,0,0,0,1,0,0,53
lombard_principalities,Lombard Principalities of Southern Italy,hohenstaufen_sicily,Hohenstaufen Kingdom of Sicily,unknown,2,,0,0,0,1,0,0,117
lombard_principalities,Lombard Principalities of Southern Italy,hohenstaufen,Hohenstaufen Imperial Italy,unknown,2,,0,0,0,1,0,0,117
principality_of_salerno,Principality of Salerno,holy_roman_empire,Holy Roman Empire,unknown,2,,0,0,0,1,0,0,-115
principality_of_salerno,Principality of Salerno,kingdom_of_poland,Kingdom of Poland,unknown,2,,0,0,0,1,0,0,-111
principality_of_salerno,Principality of Salerno,kingdom_of_hungary,Kingdom of Hungary,unknown,2,,0,0,0,1,0,0,-77
principality_of_salerno,Principality of Salerno,norman_kingdom_of_sicily,Norman Kingdom of Sicily,unknown,2,,0,0,0,1,0,0,53
principality_of_salerno,Principality of Salerno,hohenstaufen_sicily,Hohenstaufen Kingdom of Sicily,unknown,2,,0,0,0,1,0,0,117
principality_of_salerno,Principality of Salerno,hohenstaufen,Hohenstaufen Imperial Italy,unknown,2,,0,0,0,1,0,0,117
holy_roman_empire,Holy Roman Empire,norman_county_of_apulia,Norman County of Apulia and Calabria,unknown,2,,0,0,0,1,0,0,-747
holy_roman_empire,Holy Roman Empire,norman_kingdom_of_sicily,Norman Kingdom of Sicily,unknown,2,,0,0,0,1,0,0,-676
holy_roman_empire,Holy Roman Empire,hohenstaufen_sicily,Hohenstaufen Kingdom of Sicily,unknown,2,,0,0,0,1,0,0,-612
holy_roman_empire,Holy Roman Empire,hohenstaufen,Hohenstaufen Imperial Italy,unknown,2,,0,0,0,1,0,0,-612
kingdom_of_poland,Kingdom of Poland,norman_county_of_apulia,Norman County of Apulia and Calabria,unknown,2,,0,0,0,1,0,0,-510
kingdom_of_poland,Kingdom of Poland,norman_kingdom_of_sicily,Norman Kingdom of Sicily,unknown,2,,0,0,0,1,0,0,-439
kingdom_of_poland,Kingdom of Poland,hohenstaufen_sicily,Hohenstaufen Kingdom of Sicily,unknown,2,,0,0,0,1,0,0,-375
kingdom_of_poland,Kingdom of Poland,hohenstaufen,Hohenstaufen Imperial Italy,unknown,2,,0,0,0,1,0,0,-375
kingdom_of_hungary,Kingdom of Hungary,norman_county_of_apulia,Norman County of Apulia and Calabria,unknown,2,,0,0,0,1,0,0,-467
kingdom_of_hungary,Kingdom of Hungary,norman_kingdom_of_sicily,Norman Kingdom of Sicily,unknown,2,,0,0,0,1,0,0,-396
kingdom_of_hungary,Kingdom of Hungary,hohenstaufen_sicily,Hohenstaufen Kingdom of Sicily,unknown,2,,0,0,0,1,0,0,-332
kingdom_of_hungary,Kingdom of Hungary,hohenstaufen,Hohenstaufen Imperial Italy,unknown,2,,0,0,0,1,0,0,-332
norman_county_of_apulia,Norman County of Apulia and Calabria,hohenstaufen_sicily,Hohenstaufen Kingdom of Sicily,unknown,2,,0,0,0,1,0,0,64
norman_county_of_apulia,Norman County of Apulia and Calabria,hohenstaufen,Hohenstaufen Imperial Italy,unknown,2,,0,0,0,1,0,0,64
hohenstaufen_sicily,Hohenstaufen Kingdom of Sicily,hohenstaufen,Hohenstaufen Imperial Italy,unknown,2,,0,0,0,1,0,0,-72
hunnic_empire,Hunnic Empire,first_turkic_khaganate,First Türkic Empire,unknown,2,,0,0,0,1,0,0,99
hunnic_empire,Hunnic Empire,xueyantuo,Xueyantuo,unknown,2,,0,0,0,1,0,0,175
hunnic_empire,Hunnic Empire,second_turkic_khaganate,Second Türkic Khaganate,unknown,2,,0,0,0,1,0,0,229
hunnic_empire,Hunnic Empire,turgesh_khaganate,Turgesh Khaganate,unknown,2,,0,0,0,1,0,0,246
first_turkic_khaganate,First Türkic Empire,goktürk_khaganate,Göktürk Khaganate,unknown,2,,0,0,0,1,0,0,-51
first_turkic_khaganate,First Türkic Empire,second_turkic_khaganate,Second Türkic Khaganate,unknown,2,,0,0,0,1,0,0,79
first_turkic_khaganate,First Türkic Empire,turgesh_khaganate,Turgesh Khaganate,unknown,2,,0,0,0,1,0,0,96
goktürk_khaganate,Göktürk Khaganate,xueyantuo,Xueyantuo,unknown,2,,0,0,0,1,0,0,-116
goktürk_khaganate,Göktürk Khaganate,second_turkic_khaganate,Second Türkic Khaganate,unknown,2,,0,0,0,1,0,0,-62
avar_khaganate,Avar Khaganate,xueyantuo,Xueyantuo,unknown,2,,0,0,0,1,0,0,-176
avar_khaganate,Avar Khaganate,second_turkic_khaganate,Second Türkic Khaganate,unknown,2,,0,0,0,1,0,0,-122
avar_khaganate,Avar Khaganate,turgesh_khaganate,Turgesh Khaganate,unknown,2,,0,0,0,1,0,0,-105
xueyantuo,Xueyantuo,turgesh_khaganate,Turgesh Khaganate,unknown,2,,0,0,0,1,0,0,53
khazar_khaganate,Khazar Khaganate,second_turkic_khaganate,Second Türkic Khaganate,unknown,2,,0,0,0,1,0,0,-287
khazar_khaganate,Khazar Khaganate,turgesh_khaganate,Turgesh Khaganate,unknown,2,,0,0,0,1,0,0,-270
toltec_empire,Toltec Empire,aztec_empire,Aztec Empire (Mexico-Tenochtitlan),unknown,2,,0,0,0,1,0,0,260
kushano_sasanian_kingdom,Kushano-Sasanian Kingdom,dabuyid_dynasty,Dabuyid Dynasty,unknown,2,,0,0,0,1,0,0,277
kushano_sasanian_kingdom,Kushano-Sasanian Kingdom,bavandid_dynasty,Bavandid Dynasty,unknown,2,,0,0,0,1,0,0,286
dabuyid_dynasty,Dabuyid Dynasty,bavandid_dynasty,Bavandid Dynasty,unknown,2,,0,0,0,1,0,0,-109
byzantine_empire,Byzantine Empire,byzantine_sardinia,Byzantine Sardinia,unknown,2,,0,0,0,1,0,0,-919
byzantine_empire,Byzantine Empire,byzantine_sicilian_theme,Byzantine Sicilian Theme,unknown,2,,0,0,0,1,0,0,-918
byzantine_empire,Byzantine Empire,byzantine_exarchate_of_ravenna,Byzantine Exarchate of Ravenna,unknown,2,,0,0,0,1,0,0,-869
byzantine_empire,Byzantine Empire,byzantine_catepanate_of_italy,Byzantine Catepanate of Italy,unknown,2,,0,0,0,1,0,0,-488
byzantine_empire,Byzantine Empire,despotate_of_epirus,Despotate of Epirus,unknown,2,,0,0,0,1,0,0,-248
byzantine_sardinia,Byzantine Sardinia,byzantine_sicilian_theme,Byzantine Sicilian Theme,unknown,2,,0,0,0,1,0,0,-165
byzantine_sardinia,Byzantine Sardinia,byzantine_exarchate_of_ravenna,Byzantine Exarchate of Ravenna,unknown,2,,0,0,0,1,0,0,-116
byzantine_sardinia,Byzantine Sardinia,byzantine_catepanate_of_italy,Byzantine Catepanate of Italy,unknown,2,,0,0,0,1,0,0,265
byzantine_sicilian_theme,Byzantine Sicilian Theme,byzantine_exarchate_of_ravenna,Byzantine Exarchate of Ravenna,unknown,2,,0,0,0,1,0,0,-243
byzantine_sicilian_theme,Byzantine Sicilian Theme,byzantine_catepanate_of_italy,Byzantine Catepanate of Italy,unknown,2,,0,0,0,1,0,0,138
byzantine_exarchate_of_ravenna,Byzantine Exarchate of Ravenna,byzantine_catepanate_of_italy,Byzantine Catepanate of Italy,unknown,2,,0,0,0,1,0,0,214
byzantine_catepanate_of_italy,Byzantine Catepanate of Italy,despotate_of_epirus,Despotate of Epirus,unknown,2,,0,0,0,1,0,0,134
eastern_han,Eastern Han (东汉),huan_chu,Huan Chu (桓楚),unknown,2,,0,0,0,1,0,0,183
eastern_han,Eastern Han (东汉),liu_song,Liu Song (刘宋),unknown,2,,0,0,0,1,0,0,200
eastern_han,Eastern Han (东汉),southern_qi,Southern Qi (南齐),unknown,2,,0,0,0,1,0,0,259
eastern_han,Eastern Han (东汉),liang,Liang Dynasty (梁),unknown,2,,0,0,0,1,0,0,282
huan_chu,Huan Chu (桓楚),southern_qi,Southern Qi (南齐),unknown,2,,0,0,0,1,0,0,75
huan_chu,Huan Chu (桓楚),liang,Liang Dynasty (梁),unknown,2,,0,0,0,1,0,0,98
huan_chu,Huan Chu (桓楚),chen,Chen Dynasty (陈),unknown,2,,0,0,0,1,0,0,153
huan_chu,Huan Chu (桓楚),sui_dynasty,Sui Dynasty,unknown,2,,0,0,0,1,0,0,177
huan_chu,Huan Chu (桓楚),tang_dynasty,Tang Dynasty,unknown,2,,0,0,0,1,0,0,214
huan_chu,Huan Chu (桓楚),wu_zhou,Wu Zhou (武周),unknown,2,,0,0,0,1,0,0,286
liu_song,Liu Song (刘宋),chen,Chen Dynasty (陈),unknown,2,,0,0,0,1,0,0,78
liu_song,Liu Song (刘宋),sui_dynasty,Sui Dynasty,unknown,2,,0,0,0,1,0,0,102
liu_song,Liu Song (刘宋),tang_dynasty,Tang Dynasty,unknown,2,,0,0,0,1,0,0,139
liu_song,Liu Song (刘宋),wu_zhou,Wu Zhou (武周),unknown,2,,0,0,0,1,0,0,211
southern_qi,Southern Qi (南齐),chen,Chen Dynasty (陈),unknown,2,,0,0,0,1,0,0,55
southern_qi,Southern Qi (南齐),sui_dynasty,Sui Dynasty,unknown,2,,0,0,0,1,0,0,79
southern_qi,Southern Qi (南齐),tang_dynasty,Tang Dynasty,unknown,2,,0,0,0,1,0,0,116
southern_qi,Southern Qi (南齐),wu_zhou,Wu Zhou (武周),unknown,2,,0,0,0,1,0,0,188
liang,Liang Dynasty (梁),tang_dynasty,Tang Dynasty,unknown,2,,0,0,0,1,0,0,61
liang,Liang Dynasty (梁),wu_zhou,Wu Zhou (武周),unknown,2,,0,0,0,1,0,0,133
chen,Chen Dynasty (陈),wu_zhou,Wu Zhou (武周),unknown,2,,0,0,0,1,0,0,101
sui_dynasty,Sui Dynasty,wu_zhou,Wu Zhou (武周),unknown,2,,0,0,0,1,0,0,72
tang_dynasty,Tang Dynasty,wu_zhou,Wu Zhou (武周),unknown,2,,0,0,0,1,0,0,-217
tang_dynasty,Tang Dynasty,song_dynasty,Song Dynasty,unknown,2,,0,0,0,1,0,0,53
wu_zhou,Wu Zhou (武周),five_dynasties,Five Dynasties (North China),unknown,2,,0,0,0,1,0,0,202
wu_zhou,Wu Zhou (武周),ten_kingdoms,Ten Kingdoms (South China),unknown,2,,0,0,0,1,0,0,202
wu_zhou,Wu Zhou (武周),later_tang,Later Tang (后唐),unknown,2,,0,0,0,1,0,0,218
wu_zhou,Wu Zhou (武周),later_zhou,Later Zhou (后周),unknown,2,,0,0,0,1,0,0,246
wu_zhou,Wu Zhou (武周),northern_song,Northern Song Dynasty,unknown,2,,0,0,0,1,0,0,255
wu_zhou,Wu Zhou (武周),song_dynasty,Song Dynasty,unknown,2,,0,0,0,1,0,0,255
ten_kingdoms,Ten Kingdoms (South China),later_tang,Later Tang (后唐),unknown,2,,0,0,0,1,0,0,-56
later_tang,Later Tang (后唐),southern_song,Southern Song Dynasty,unknown,2,,0,0,0,1,0,0,190
later_zhou,Later Zhou (后周),southern_song,Southern Song Dynasty,unknown,2,,0,0,0,1,0,0,167
northern_song,Northern Song Dynasty,song_dynasty,Song Dynasty,unknown,2,,0,0,0,1,0,0,-167
song_dynasty,Song Dynasty,southern_song,Southern Song Dynasty,unknown,2,,0,0,0,1,0,0,-152
rashidun_caliphate,Rashidun Caliphate,muhallabid_governors,Muhallabid governors,unknown,2,,0,0,0,1,0,0,110
rashidun_caliphate,Rashidun Caliphate,ziyadid_dynasty,Ziyadid Dynasty,unknown,2,,0,0,0,1,0,0,158
rashidun_caliphate,Rashidun Caliphate,tahirid_dynasty,Tahirid dynasty,unknown,2,,0,0,0,1,0,0,160
rashidun_caliphate,Rashidun Caliphate,dulafid_dynasty,Dulafid Dynasty,unknown,2,,0,0,0,1,0,0,179
rashidun_caliphate,Rashidun Caliphate,sajid_dynasty,Sajid dynasty,unknown,2,,0,0,0,1,0,0,228
rashidun_caliphate,Rashidun Caliphate,hamdanid_emirate,Hamdanid Emirate,unknown,2,,0,0,0,1,0,0,229
umayyad_caliphate,Umayyad Caliphate,ziyadid_dynasty,Ziyadid Dynasty,unknown,2,,0,0,0,1,0,0,69
umayyad_caliphate,Umayyad Caliphate,tahirid_dynasty,Tahirid dynasty,unknown,2,,0,0,0,1,0,0,71
umayyad_caliphate,Umayyad Caliphate,dulafid_dynasty,Dulafid Dynasty,unknown,2,,0,0,0,1,0,0,90
umayyad_caliphate,Umayyad Caliphate,sajid_dynasty,Sajid dynasty,unknown,2,,0,0,0,1,0,0,139
umayyad_caliphate,Umayyad Caliphate,hamdanid_emirate,Hamdanid Emirate,unknown,2,,0,0,0,1,0,0,140
umayyad_caliphate,Umayyad Caliphate,sulayhid_dynasty,Sulayhid Dynasty,unknown,2,,0,0,0,1,0,0,297
al_andalus,Al-Andalus,muhallabid_governors,Muhallabid governors,unknown,2,,0,0,0,1,0,0,-721
al_andalus,Al-Andalus,ziyadid_dynasty,Ziyadid Dynasty,unknown,2,,0,0,0,1,0,0,-673
al_andalus,Al-Andalus,tahirid_dynasty,Tahirid dynasty,unknown,2,,0,0,0,1,0,0,-671
al_andalus,Al-Andalus,dulafid_dynasty,Dulafid Dynasty,unknown,2,,0,0,0,1,0,0,-652
al_andalus,Al-Andalus,sajid_dynasty,Sajid dynasty,unknown,2,,0,0,0,1,0,0,-603
al_andalus,Al-Andalus,hamdanid_emirate,Hamdanid Emirate,unknown,2,,0,0,0,1,0,0,-602
al_andalus,Al-Andalus,sulayhid_dynasty,Sulayhid Dynasty,unknown,2,,0,0,0,1,0,0,-445
al_andalus,Al-Andalus,zengid_dynasty,Zengid Dynasty,unknown,2,,0,0,0,1,0,0,-365
al_andalus,Al-Andalus,banu_ghaniya,Banu Ghaniya,unknown,2,,0,0,0,1,0,0,-344
abbasid_caliphate,Abbasid Caliphate,muhallabid_governors,Muhallabid governors,unknown,2,,0,0,0,1,0,0,-487
abbasid_caliphate,Abbasid Caliphate,ziyadid_dynasty,Ziyadid Dynasty,unknown,2,,0,0,0,1,0,0,-439
abbasid_caliphate,Abbasid Caliphate,tahirid_dynasty,Tahirid dynasty,unknown,2,,0,0,0,1,0,0,-437
abbasid_caliphate,Abbasid Caliphate,dulafid_dynasty,Dulafid Dynasty,unknown,2,,0,0,0,1,0,0,-418
abbasid_caliphate,Abbasid Caliphate,sajid_dynasty,Sajid dynasty,unknown,2,,0,0,0,1,0,0,-369
abbasid_caliphate,Abbasid Caliphate,hamdanid_emirate,Hamdanid Emirate,unknown,2,,0,0,0,1,0,0,-368
abbasid_caliphate,Abbasid Caliphate,sulayhid_dynasty,Sulayhid Dynasty,unknown,2,,0,0,0,1,0,0,-211
abbasid_caliphate,Abbasid Caliphate,zengid_dynasty,Zengid Dynasty,unknown,2,,0,0,0,1,0,0,-131
abbasid_caliphate,Abbasid Caliphate,banu_ghaniya,Banu Ghaniya,unknown,2,,0,0,0,1,0,0,-110
muhallabid_governors,Muhallabid governors,tulunid_dynasty,Tulunid Dynasty,unknown,2,,0,0,0,1,0,0,75
muhallabid_governors,Muhallabid governors,sajid_dynasty,Sajid dynasty,unknown,2,,0,0,0,1,0,0,96
muhallabid_governors,Muhallabid governors,hamdanid_emirate,Hamdanid Emirate,unknown,2,,0,0,0,1,0,0,97
muhallabid_governors,Muhallabid governors,fatimid_caliphate,Fatimid Caliphate,unknown,2,,0,0,0,1,0,0,116
muhallabid_governors,Muhallabid governors,ikhshidid_dynasty,Ikhshidid Dynasty,unknown,2,,0,0,0,1,0,0,142
muhallabid_governors,Muhallabid governors,zirid_dynasty,Zirid Dynasty,unknown,2,,0,0,0,1,0,0,179
muhallabid_governors,Muhallabid governors,almoravid_dynasty,Almoravid Dynasty,unknown,2,,0,0,0,1,0,0,247
muhallabid_governors,Muhallabid governors,sulayhid_dynasty,Sulayhid Dynasty,unknown,2,,0,0,0,1,0,0,254
rustamid_dynasty,Rustamid Dynasty,ziyadid_dynasty,Ziyadid Dynasty,unknown,2,,0,0,0,1,0,0,-90
rustamid_dynasty,Rustamid Dynasty,tahirid_dynasty,Tahirid dynasty,unknown,2,,0,0,0,1,0,0,-88
rustamid_dynasty,Rustamid Dynasty,dulafid_dynasty,Dulafid Dynasty,unknown,2,,0,0,0,1,0,0,-69
rustamid_dynasty,Rustamid Dynasty,sulayhid_dynasty,Sulayhid Dynasty,unknown,2,,0,0,0,1,0,0,138
rustamid_dynasty,Rustamid Dynasty,zengid_dynasty,Zengid Dynasty,unknown,2,,0,0,0,1,0,0,218
rustamid_dynasty,Rustamid Dynasty,banu_ghaniya,Banu Ghaniya,unknown,2,,0,0,0,1,0,0,239
idrisid_dynasty,Idrisid Dynasty,ziyadid_dynasty,Ziyadid Dynasty,unknown,2,,0,0,0,1,0,0,-155
idrisid_dynasty,Idrisid Dynasty,tahirid_dynasty,Tahirid dynasty,unknown,2,,0,0,0,1,0,0,-153
idrisid_dynasty,Idrisid Dynasty,dulafid_dynasty,Dulafid Dynasty,unknown,2,,0,0,0,1,0,0,-134
idrisid_dynasty,Idrisid Dynasty,sajid_dynasty,Sajid dynasty,unknown,2,,0,0,0,1,0,0,-85
idrisid_dynasty,Idrisid Dynasty,hamdanid_emirate,Hamdanid Emirate,unknown,2,,0,0,0,1,0,0,-84
idrisid_dynasty,Idrisid Dynasty,sulayhid_dynasty,Sulayhid Dynasty,unknown,2,,0,0,0,1,0,0,73
idrisid_dynasty,Idrisid Dynasty,zengid_dynasty,Zengid Dynasty,unknown,2,,0,0,0,1,0,0,153
idrisid_dynasty,Idrisid Dynasty,banu_ghaniya,Banu Ghaniya,unknown,2,,0,0,0,1,0,0,174
aghlabid_dynasty,Aghlabid Dynasty,ziyadid_dynasty,Ziyadid Dynasty,unknown,2,,0,0,0,1,0,0,-90
aghlabid_dynasty,Aghlabid Dynasty,tahirid_dynasty,Tahirid dynasty,unknown,2,,0,0,0,1,0,0,-88
aghlabid_dynasty,Aghlabid Dynasty,dulafid_dynasty,Dulafid Dynasty,unknown,2,,0,0,0,1,0,0,-69
aghlabid_dynasty,Aghlabid Dynasty,sulayhid_dynasty,Sulayhid Dynasty,unknown,2,,0,0,0,1,0,0,138
aghlabid_dynasty,Aghlabid Dynasty,zengid_dynasty,Zengid Dynasty,unknown,2,,0,0,0,1,0,0,218
aghlabid_dynasty,Aghlabid Dynasty,banu_ghaniya,Banu Ghaniya,unknown,2,,0,0,0,1,0,0,239
ziyadid_dynasty,Ziyadid Dynasty,tahirid_dynasty,Tahirid dynasty,unknown,2,,0,0,0,1,0,0,-197
ziyadid_dynasty,Ziyadid Dynasty,dulafid_dynasty,Dulafid Dynasty,unknown,2,,0,0,0,1,0,0,-178
ziyadid_dynasty,Ziyadid Dynasty,tulunid_dynasty,Tulunid Dynasty,unknown,2,,0,0,0,1,0,0,-150
ziyadid_dynasty,Ziyadid Dynasty,sajid_dynasty,Sajid dynasty,unknown,2,,0,0,0,1,0,0,-129
ziyadid_dynasty,Ziyadid Dynasty,hamdanid_emirate,Hamdanid Emirate,unknown,2,,0,0,0,1,0,0,-128
ziyadid_dynasty,Ziyadid Dynasty,fatimid_caliphate,Fatimid Caliphate,unknown,2,,0,0,0,1,0,0,-109
ziyadid_dynasty,Ziyadid Dynasty,ikhshidid_dynasty,Ikhshidid Dynasty,unknown,2,,0,0,0,1,0,0,-83
ziyadid_dynasty,Ziyadid Dynasty,almohad_caliphate,Almohad Caliphate,unknown,2,,0,0,0,1,0,0,103
ziyadid_dynasty,Ziyadid Dynasty,zangid_atabegate,Zangid Atabegate,unknown,2,,0,0,0,1,0,0,109
ziyadid_dynasty,Ziyadid Dynasty,zengid_dynasty,Zengid Dynasty,unknown,2,,0,0,0,1,0,0,109
ziyadid_dynasty,Ziyadid Dynasty,banu_ghaniya,Banu Ghaniya,unknown,2,,0,0,0,1,0,0,130
ziyadid_dynasty,Ziyadid Dynasty,ayyubid_sultanate,Ayyubid Sultanate,unknown,2,,0,0,0,1,0,0,153
ziyadid_dynasty,Ziyadid Dynasty,hafsid_dynasty,Hafsid Dynasty,unknown,2,,0,0,0,1,0,0,211
ziyadid_dynasty,Ziyadid Dynasty,marinid_dynasty,Marinid Dynasty,unknown,2,,0,0,0,1,0,0,226
ziyadid_dynasty,Ziyadid Dynasty,mamluk_sultanate,Mamluk Sultanate,unknown,2,,0,0,0,1,0,0,232
ziyadid_dynasty,Ziyadid Dynasty,ifat_sultanate,Ifat Sultanate,unknown,2,,0,0,0,1,0,0,267
tahirid_dynasty,Tahirid dynasty,ikhshidid_dynasty,Ikhshidid Dynasty,unknown,2,,0,0,0,1,0,0,62
tahirid_dynasty,Tahirid dynasty,zirid_dynasty,Zirid Dynasty,unknown,2,,0,0,0,1,0,0,99
tahirid_dynasty,Tahirid dynasty,almoravid_dynasty,Almoravid Dynasty,unknown,2,,0,0,0,1,0,0,167
tahirid_dynasty,Tahirid dynasty,sulayhid_dynasty,Sulayhid Dynasty,unknown,2,,0,0,0,1,0,0,174
tahirid_dynasty,Tahirid dynasty,almohad_caliphate,Almohad Caliphate,unknown,2,,0,0,0,1,0,0,248
tahirid_dynasty,Tahirid dynasty,zangid_atabegate,Zangid Atabegate,unknown,2,,0,0,0,1,0,0,254
tahirid_dynasty,Tahirid dynasty,zengid_dynasty,Zengid Dynasty,unknown,2,,0,0,0,1,0,0,254
tahirid_dynasty,Tahirid dynasty,banu_ghaniya,Banu Ghaniya,unknown,2,,0,0,0,1,0,0,275
tahirid_dynasty,Tahirid dynasty,ayyubid_sultanate,Ayyubid Sultanate,unknown,2,,0,0,0,1,0,0,298
dulafid_dynasty,Dulafid Dynasty,zirid_dynasty,Zirid Dynasty,unknown,2,,0,0,0,1,0,0,75
dulafid_dynasty,Dulafid Dynasty,almoravid_dynasty,Almoravid Dynasty,unknown,2,,0,0,0,1,0,0,143
dulafid_dynasty,Dulafid Dynasty,sulayhid_dynasty,Sulayhid Dynasty,unknown,2,,0,0,0,1,0,0,150
dulafid_dynasty,Dulafid Dynasty,almohad_caliphate,Almohad Caliphate,unknown,2,,0,0,0,1,0,0,224
dulafid_dynasty,Dulafid Dynasty,zangid_atabegate,Zangid Atabegate,unknown,2,,0,0,0,1,0,0,230
dulafid_dynasty,Dulafid Dynasty,zengid_dynasty,Zengid Dynasty,unknown,2,,0,0,0,1,0,0,230
dulafid_dynasty,Dulafid Dynasty,banu_ghaniya,Banu Ghaniya,unknown,2,,0,0,0,1,0,0,251
dulafid_dynasty,Dulafid Dynasty,ayyubid_sultanate,Ayyubid Sultanate,unknown,2,,0,0,0,1,0,0,274
tulunid_dynasty,Tulunid Dynasty,sulayhid_dynasty,Sulayhid Dynasty,unknown,2,,0,0,0,1,0,0,142
tulunid_dynasty,Tulunid Dynasty,zengid_dynasty,Zengid Dynasty,unknown,2,,0,0,0,1,0,0,222
tulunid_dynasty,Tulunid Dynasty,banu_ghaniya,Banu Ghaniya,unknown,2,,0,0,0,1,0,0,243
sajid_dynasty,Sajid dynasty,almoravid_dynasty,Almoravid Dynasty,unknown,2,,0,0,0,1,0,0,111
sajid_dynasty,Sajid dynasty,sulayhid_dynasty,Sulayhid Dynasty,unknown,2,,0,0,0,1,0,0,118
sajid_dynasty,Sajid dynasty,almohad_caliphate,Almohad Caliphate,unknown,2,,0,0,0,1,0,0,192
sajid_dynasty,Sajid dynasty,zangid_atabegate,Zangid Atabegate,unknown,2,,0,0,0,1,0,0,198
sajid_dynasty,Sajid dynasty,zengid_dynasty,Zengid Dynasty,unknown,2,,0,0,0,1,0,0,198
sajid_dynasty,Sajid dynasty,banu_ghaniya,Banu Ghaniya,unknown,2,,0,0,0,1,0,0,219
sajid_dynasty,Sajid dynasty,ayyubid_sultanate,Ayyubid Sultanate,unknown,2,,0,0,0,1,0,0,242
sajid_dynasty,Sajid dynasty,hafsid_dynasty,Hafsid Dynasty,unknown,2,,0,0,0,1,0,0,300
hamdanid_emirate,Hamdanid Emirate,fatimid_caliphate,Fatimid Caliphate,unknown,2,,0,0,0,1,0,0,-95
hamdanid_emirate,Hamdanid Emirate,ikhshidid_dynasty,Ikhshidid Dynasty,unknown,2,,0,0,0,1,0,0,-69
hamdanid_emirate,Hamdanid Emirate,almohad_caliphate,Almohad Caliphate,unknown,2,,0,0,0,1,0,0,117
hamdanid_emirate,Hamdanid Emirate,zangid_atabegate,Zangid Atabegate,unknown,2,,0,0,0,1,0,0,123
hamdanid_emirate,Hamdanid Emirate,zengid_dynasty,Zengid Dynasty,unknown,2,,0,0,0,1,0,0,123
hamdanid_emirate,Hamdanid Emirate,banu_ghaniya,Banu Ghaniya,unknown,2,,0,0,0,1,0,0,144
hamdanid_emirate,Hamdanid Emirate,ayyubid_sultanate,Ayyubid Sultanate,unknown,2,,0,0,0,1,0,0,167
hamdanid_emirate,Hamdanid Emirate,hafsid_dynasty,Hafsid Dynasty,unknown,2,,0,0,0,1,0,0,225
hamdanid_emirate,Hamdanid Emirate,marinid_dynasty,Marinid Dynasty,unknown,2,,0,0,0,1,0,0,240
hamdanid_emirate,Hamdanid Emirate,mamluk_sultanate,Mamluk Sultanate,unknown,2,,0,0,0,1,0,0,246
hamdanid_emirate,Hamdanid Emirate,ifat_sultanate,Ifat Sultanate,unknown,2,,0,0,0,1,0,0,281
fatimid_caliphate,Fatimid Caliphate,sulayhid_dynasty,Sulayhid Dynasty,unknown,2,,0,0,0,1,0,0,-124
ikhshidid_dynasty,Ikhshidid Dynasty,sulayhid_dynasty,Sulayhid Dynasty,unknown,2,,0,0,0,1,0,0,78
ikhshidid_dynasty,Ikhshidid Dynasty,zengid_dynasty,Zengid Dynasty,unknown,2,,0,0,0,1,0,0,158
ikhshidid_dynasty,Ikhshidid Dynasty,banu_ghaniya,Banu Ghaniya,unknown,2,,0,0,0,1,0,0,179
zirid_dynasty,Zirid Dynasty,sulayhid_dynasty,Sulayhid Dynasty,unknown,2,,0,0,0,1,0,0,-101
almoravid_dynasty,Almoravid Dynasty,sulayhid_dynasty,Sulayhid Dynasty,unknown,2,,0,0,0,1,0,0,-100
sulayhid_dynasty,Sulayhid Dynasty,hafsid_dynasty,Hafsid Dynasty,unknown,2,,0,0,0,1,0,0,91
sulayhid_dynasty,Sulayhid Dynasty,marinid_dynasty,Marinid Dynasty,unknown,2,,0,0,0,1,0,0,106
sulayhid_dynasty,Sulayhid Dynasty,mamluk_sultanate,Mamluk Sultanate,unknown,2,,0,0,0,1,0,0,112
sulayhid_dynasty,Sulayhid Dynasty,ifat_sultanate,Ifat Sultanate,unknown,2,,0,0,0,1,0,0,147
sulayhid_dynasty,Sulayhid Dynasty,bahmani_sultanate,Bahmani Sultanate,unknown,2,,0,0,0,1,0,0,209
sulayhid_dynasty,Sulayhid Dynasty,adal_sultanate,Adal Sultanate,unknown,2,,0,0,0,1,0,0,277
almohad_caliphate,Almohad Caliphate,zengid_dynasty,Zengid Dynasty,unknown,2,,0,0,0,1,0,0,-142
almohad_caliphate,Almohad Caliphate,banu_ghaniya,Banu Ghaniya,unknown,2,,0,0,0,1,0,0,-121
zangid_atabegate,Zangid Atabegate,zengid_dynasty,Zengid Dynasty,unknown,2,,0,0,0,1,0,0,-123
zangid_atabegate,Zangid Atabegate,banu_ghaniya,Banu Ghaniya,unknown,2,,0,0,0,1,0,0,-102
zengid_dynasty,Zengid Dynasty,banu_ghaniya,Banu Ghaniya,unknown,2,,0,0,0,1,0,0,-74
zengid_dynasty,Zengid Dynasty,ayyubid_sultanate,Ayyubid Sultanate,unknown,2,,0,0,0,1,0,0,-51
zengid_dynasty,Zengid Dynasty,ifat_sultanate,Ifat Sultanate,unknown,2,,0,0,0,1,0,0,63
zengid_dynasty,Zengid Dynasty,bahmani_sultanate,Bahmani Sultanate,unknown,2,,0,0,0,1,0,0,125
zengid_dynasty,Zengid Dynasty,adal_sultanate,Adal Sultanate,unknown,2,,0,0,0,1,0,0,193
zengid_dynasty,Zengid Dynasty,funj_sultanate,Funj Sultanate,unknown,2,,0,0,0,1,0,0,282
banu_ghaniya,Banu Ghaniya,ayyubid_sultanate,Ayyubid Sultanate,unknown,2,,0,0,0,1,0,0,-66
banu_ghaniya,Banu Ghaniya,bahmani_sultanate,Bahmani Sultanate,unknown,2,,0,0,0,1,0,0,110
banu_ghaniya,Banu Ghaniya,adal_sultanate,Adal Sultanate,unknown,2,,0,0,0,1,0,0,178
banu_ghaniya,Banu Ghaniya,funj_sultanate,Funj Sultanate,unknown,2,,0,0,0,1,0,0,267
hafsid_dynasty,Hafsid Dynasty,muhammad_ali_dynasty,Muhammad Ali dynasty,unknown,2,,0,0,0,1,0,0,231
mamluk_sultanate,Mamluk Sultanate,muhammad_ali_dynasty,Muhammad Ali dynasty,unknown,2,,0,0,0,1,0,0,288
bahmani_sultanate,Bahmani Sultanate,muhammad_ali_dynasty,Muhammad Ali dynasty,unknown,2,,0,0,0,1,0,0,278
adal_sultanate,Adal Sultanate,muhammad_ali_dynasty,Muhammad Ali dynasty,unknown,2,,0,0,0,1,0,0,228
funj_sultanate,Funj Sultanate,united_arab_republic,United Arab Republic,unknown,2,,0,0,0,1,0,0,137
funj_sultanate,Funj Sultanate,republic_of_yemen,Republic of Yemen,unknown,2,,0,0,0,1,0,0,169
saadian_dynasty,Saadian Dynasty,muhammad_ali_dynasty,Muhammad Ali dynasty,unknown,2,,0,0,0,1,0,0,146
saadian_dynasty,Saadian Dynasty,united_arab_republic,United Arab Republic,unknown,2,,0,0,0,1,0,0,299
darfur_sultanate,Darfur Sultanate,muhammad_ali_dynasty,Muhammad Ali dynasty,unknown,2,,0,0,0,1,0,0,-111
darfur_sultanate,Darfur Sultanate,republic_of_yemen,Republic of Yemen,unknown,2,,0,0,0,1,0,0,74
kingdom_of_egypt,Kingdom of Egypt,muhammad_ali_dynasty,Muhammad Ali dynasty,unknown,2,,0,0,0,1,0,0,-147
muhammad_ali_dynasty,Muhammad Ali dynasty,mahdist_state,Mahdist State,unknown,2,,0,0,0,1,0,0,-68
mahdist_state,Mahdist State,united_arab_republic,United Arab Republic,unknown,2,,0,0,0,1,0,0,60
mahdist_state,Mahdist State,republic_of_yemen,Republic of Yemen,unknown,2,,0,0,0,1,0,0,92
first_bulgarian_empire,First Bulgarian Empire,great_moravia,Great Moravia,unknown,2,,0,0,0,1,0,0,-185
great_moravia,Great Moravia,second_bulgarian_empire,Second Bulgarian Empire,unknown,2,,0,0,0,1,0,0,278
great_moravia,Great Moravia,serbian_empire,Serbian Empire (Nemanjić Dynasty),unknown,2,,0,0,0,1,0,0,283
republic_of_venice,Venice,republic_of_genoa,Republic of Genoa,unknown,2,,0,0,0,1,0,0,-792
republic_of_venice,Venice,republic_of_florence,Republic of Florence,unknown,2,,0,0,0,1,0,0,-682
republic_of_venice,Venice,pisan_county_of_cagliari,Pisan County of Cagliari,unknown,2,,0,0,0,1,0,0,-539
republic_of_venice,Venice,grand_duchy_of_tuscany,Grand Duchy of Tuscany,unknown,2,,0,0,0,1,0,0,-228
republic_of_venice,Venice,italy,Italy,unknown,2,,0,0,0,1,0,0,64
republic_of_venice,Venice,kingdom_of_italy,Kingdom of Italy,unknown,2,,0,0,0,1,0,0,64
republic_of_venice,Venice,fascist_italy,Fascist Italy,unknown,2,,0,0,0,1,0,0,125
republic_of_venice,Venice,italian_east_africa,Italian East Africa,unknown,2,,0,0,0,1,0,0,139
republic_of_venice,Venice,italian_albania,Italian Albania,unknown,2,,0,0,0,1,0,0,142
republic_of_venice,Venice,italian_social_republic,Italian Social Republic,unknown,2,,0,0,0,1,0,0,146
republic_of_venice,Venice,italian_republic,Italian Republic,unknown,2,,0,0,0,1,0,0,149
republic_of_genoa,Republic of Genoa,republic_of_florence,Republic of Florence,unknown,2,,0,0,0,1,0,0,-682
republic_of_genoa,Republic of Genoa,pisan_county_of_cagliari,Pisan County of Cagliari,unknown,2,,0,0,0,1,0,0,-539
republic_of_genoa,Republic of Genoa,grand_duchy_of_tuscany,Grand Duchy of Tuscany,unknown,2,,0,0,0,1,0,0,-228
republic_of_genoa,Republic of Genoa,italy,Italy,unknown,2,,0,0,0,1,0,0,64
republic_of_genoa,Republic of Genoa,kingdom_of_italy,Kingdom of Italy,unknown,2,,0,0,0,1,0,0,64
republic_of_genoa,Republic of Genoa,fascist_italy,Fascist Italy,unknown,2,,0,0,0,1,0,0,125
republic_of_genoa,Republic of Genoa,italian_east_africa,Italian East Africa,unknown,2,,0,0,0,1,0,0,139
republic_of_genoa,Republic of Genoa,italian_albania,Italian Albania,unknown,2,,0,0,0,1,0,0,142
republic_of_genoa,Republic of Genoa,italian_social_republic,Italian Social Republic,unknown,2,,0,0,0,1,0,0,146
republic_of_genoa,Republic of Genoa,italian_republic,Italian Republic,unknown,2,,0,0,0,1,0,0,149
republic_of_florence,Republic of Florence,pisan_county_of_cagliari,Pisan County of Cagliari,unknown,2,,0,0,0,1,0,0,-274
republic_of_florence,Republic of Florence,cisalpine,Cisalpine / Italian Republic,unknown,2,,0,0,0,1,0,0,265
pisan_county_of_cagliari,Pisan County of Cagliari,grand_duchy_of_tuscany,Grand Duchy of Tuscany,unknown,2,,0,0,0,1,0,0,246
grand_duchy_of_tuscany,Grand Duchy of Tuscany,cisalpine,Cisalpine / Italian Republic,unknown,2,,0,0,0,1,0,0,-62
grand_duchy_of_tuscany,Grand Duchy of Tuscany,fascist_italy,Fascist Italy,unknown,2,,0,0,0,1,0,0,63
grand_duchy_of_tuscany,Grand Duchy of Tuscany,italian_east_africa,Italian East Africa,unknown,2,,0,0,0,1,0,0,77
grand_duchy_of_tuscany,Grand Duchy of Tuscany,italian_albania,Italian Albania,unknown,2,,0,0,0,1,0,0,80
grand_duchy_of_tuscany,Grand Duchy of Tuscany,italian_social_republic,Italian Social Republic,unknown,2,,0,0,0,1,0,0,84
grand_duchy_of_tuscany,Grand Duchy of Tuscany,italian_republic,Italian Republic,unknown,2,,0,0,0,1,0,0,87
cisalpine,Cisalpine / Italian Republic,italy,Italy,unknown,2,,0,0,0,1,0,0,56
cisalpine,Cisalpine / Italian Republic,kingdom_of_italy,Kingdom of Italy,unknown,2,,0,0,0,1,0,0,56
cisalpine,Cisalpine / Italian Republic,fascist_italy,Fascist Italy,unknown,2,,0,0,0,1,0,0,117
cisalpine,Cisalpine / Italian Republic,italian_east_africa,Italian East Africa,unknown,2,,0,0,0,1,0,0,131
cisalpine,Cisalpine / Italian Republic,italian_albania,Italian Albania,unknown,2,,0,0,0,1,0,0,134
cisalpine,Cisalpine / Italian Republic,italian_social_republic,Italian Social Republic,unknown,2,,0,0,0,1,0,0,138
cisalpine,Cisalpine / Italian Republic,italian_republic,Italian Republic,unknown,2,,0,0,0,1,0,0,141
italy,Italy,kingdom_of_italy,Kingdom of Italy,unknown,2,,0,0,0,1,0,0,-85
samanid_empire,Samanid Empire,ziyarid_dynasty,Ziyarid Dynasty,unknown,2,,0,0,0,1,0,0,-69
samanid_empire,Samanid Empire,eldiguzid_dynasty,Eldiguzid Dynasty (Ildeguzids),unknown,2,,0,0,0,1,0,0,137
samanid_empire,Samanid Empire,salgurid_dynasty,Salgurid Dynasty,unknown,2,,0,0,0,1,0,0,149
samanid_empire,Samanid Empire,kartid_dynasty,Kartid Dynasty,unknown,2,,0,0,0,1,0,0,246
samanid_empire,Samanid Empire,khalji_dynasty,Khalji Dynasty,unknown,2,,0,0,0,1,0,0,291
saffarid_dynasty,Saffarid Dynasty,ziyarid_dynasty,Ziyarid Dynasty,unknown,2,,0,0,0,1,0,0,-73
saffarid_dynasty,Saffarid Dynasty,eldiguzid_dynasty,Eldiguzid Dynasty (Ildeguzids),unknown,2,,0,0,0,1,0,0,133
saffarid_dynasty,Saffarid Dynasty,salgurid_dynasty,Salgurid Dynasty,unknown,2,,0,0,0,1,0,0,145
saffarid_dynasty,Saffarid Dynasty,kartid_dynasty,Kartid Dynasty,unknown,2,,0,0,0,1,0,0,242
saffarid_dynasty,Saffarid Dynasty,khalji_dynasty,Khalji Dynasty,unknown,2,,0,0,0,1,0,0,287
saffarid_dynasty,Saffarid Dynasty,hormuz_kingdom,Hormuz Kingdom,unknown,2,,0,0,0,1,0,0,297
ziyarid_dynasty,Ziyarid Dynasty,buyid_dynasty,Buyid Dynasty,unknown,2,,0,0,0,1,0,0,-156
ziyarid_dynasty,Ziyarid Dynasty,rawwadid_dynasty,Rawwadid Dynasty,unknown,2,,0,0,0,1,0,0,-135
ziyarid_dynasty,Ziyarid Dynasty,ghaznavid_empire,Ghaznavid Empire,unknown,2,,0,0,0,1,0,0,-113
ziyarid_dynasty,Ziyarid Dynasty,kakuyid_dynasty,Kakuyid Dynasty,unknown,2,,0,0,0,1,0,0,-82
ziyarid_dynasty,Ziyarid Dynasty,seljuk_empire,Seljuk Empire,unknown,2,,0,0,0,1,0,0,-53
ziyarid_dynasty,Ziyarid Dynasty,ghorid_dynasty,Ghorid Sultanate,unknown,2,,0,0,0,1,0,0,58
ziyarid_dynasty,Ziyarid Dynasty,salgurid_dynasty,Salgurid Dynasty,unknown,2,,0,0,0,1,0,0,58
ziyarid_dynasty,Ziyarid Dynasty,khwarazmian_empire,Khwarazmian Empire,unknown,2,,0,0,0,1,0,0,110
ziyarid_dynasty,Ziyarid Dynasty,delhi_sultanate,Delhi Sultanate,unknown,2,,0,0,0,1,0,0,116
ziyarid_dynasty,Ziyarid Dynasty,kartid_dynasty,Kartid Dynasty,unknown,2,,0,0,0,1,0,0,155
ziyarid_dynasty,Ziyarid Dynasty,ilkhanate,Ilkhanate,unknown,2,,0,0,0,1,0,0,166
ziyarid_dynasty,Ziyarid Dynasty,khalji_dynasty,Khalji Dynasty,unknown,2,,0,0,0,1,0,0,200
ziyarid_dynasty,Ziyarid Dynasty,hormuz_kingdom,Hormuz Kingdom,unknown,2,,0,0,0,1,0,0,210
ziyarid_dynasty,Ziyarid Dynasty,jalayirid_sultanate,Jalayirid Sultanate,unknown,2,,0,0,0,1,0,0,245
ziyarid_dynasty,Ziyarid Dynasty,madurai_sultanate,Madurai Sultanate,unknown,2,,0,0,0,1,0,0,245
ziyarid_dynasty,Ziyarid Dynasty,injuid_dynasty,Injuid Dynasty,unknown,2,,0,0,0,1,0,0,245
ziyarid_dynasty,Ziyarid Dynasty,timurid_empire,Timurid Empire,unknown,2,,0,0,0,1,0,0,280
ziyarid_dynasty,Ziyarid Dynasty,karkiya_dynasty,Kar-Kiya Dynasty,unknown,2,,0,0,0,1,0,0,280
buyid_dynasty,Buyid Dynasty,rawwadid_dynasty,Rawwadid Dynasty,unknown,2,,0,0,0,1,0,0,-107
buyid_dynasty,Buyid Dynasty,kakuyid_dynasty,Kakuyid Dynasty,unknown,2,,0,0,0,1,0,0,-54
buyid_dynasty,Buyid Dynasty,eldiguzid_dynasty,Eldiguzid Dynasty (Ildeguzids),unknown,2,,0,0,0,1,0,0,74
buyid_dynasty,Buyid Dynasty,salgurid_dynasty,Salgurid Dynasty,unknown,2,,0,0,0,1,0,0,86
buyid_dynasty,Buyid Dynasty,kartid_dynasty,Kartid Dynasty,unknown,2,,0,0,0,1,0,0,183
buyid_dynasty,Buyid Dynasty,khalji_dynasty,Khalji Dynasty,unknown,2,,0,0,0,1,0,0,228
buyid_dynasty,Buyid Dynasty,hormuz_kingdom,Hormuz Kingdom,unknown,2,,0,0,0,1,0,0,238
buyid_dynasty,Buyid Dynasty,injuid_dynasty,Injuid Dynasty,unknown,2,,0,0,0,1,0,0,273
rawwadid_dynasty,Rawwadid Dynasty,ghaznavid_empire,Ghaznavid Empire,unknown,2,,0,0,0,1,0,0,-94
rawwadid_dynasty,Rawwadid Dynasty,kakuyid_dynasty,Kakuyid Dynasty,unknown,2,,0,0,0,1,0,0,-63
rawwadid_dynasty,Rawwadid Dynasty,eldiguzid_dynasty,Eldiguzid Dynasty (Ildeguzids),unknown,2,,0,0,0,1,0,0,65
rawwadid_dynasty,Rawwadid Dynasty,ghorid_dynasty,Ghorid Sultanate,unknown,2,,0,0,0,1,0,0,77
rawwadid_dynasty,Rawwadid Dynasty,salgurid_dynasty,Salgurid Dynasty,unknown,2,,0,0,0,1,0,0,77
rawwadid_dynasty,Rawwadid Dynasty,khwarazmian_empire,Khwarazmian Empire,unknown,2,,0,0,0,1,0,0,129
rawwadid_dynasty,Rawwadid Dynasty,delhi_sultanate,Delhi Sultanate,unknown,2,,0,0,0,1,0,0,135
rawwadid_dynasty,Rawwadid Dynasty,kartid_dynasty,Kartid Dynasty,unknown,2,,0,0,0,1,0,0,174
rawwadid_dynasty,Rawwadid Dynasty,ilkhanate,Ilkhanate,unknown,2,,0,0,0,1,0,0,185
rawwadid_dynasty,Rawwadid Dynasty,khalji_dynasty,Khalji Dynasty,unknown,2,,0,0,0,1,0,0,219
rawwadid_dynasty,Rawwadid Dynasty,hormuz_kingdom,Hormuz Kingdom,unknown,2,,0,0,0,1,0,0,229
rawwadid_dynasty,Rawwadid Dynasty,jalayirid_sultanate,Jalayirid Sultanate,unknown,2,,0,0,0,1,0,0,264
rawwadid_dynasty,Rawwadid Dynasty,madurai_sultanate,Madurai Sultanate,unknown,2,,0,0,0,1,0,0,264
rawwadid_dynasty,Rawwadid Dynasty,injuid_dynasty,Injuid Dynasty,unknown,2,,0,0,0,1,0,0,264
rawwadid_dynasty,Rawwadid Dynasty,timurid_empire,Timurid Empire,unknown,2,,0,0,0,1,0,0,299
rawwadid_dynasty,Rawwadid Dynasty,karkiya_dynasty,Kar-Kiya Dynasty,unknown,2,,0,0,0,1,0,0,299
ghaznavid_empire,Ghaznavid Empire,kakuyid_dynasty,Kakuyid Dynasty,unknown,2,,0,0,0,1,0,0,-178
ghaznavid_empire,Ghaznavid Empire,kartid_dynasty,Kartid Dynasty,unknown,2,,0,0,0,1,0,0,59
ghaznavid_empire,Ghaznavid Empire,khalji_dynasty,Khalji Dynasty,unknown,2,,0,0,0,1,0,0,104
ghaznavid_empire,Ghaznavid Empire,hormuz_kingdom,Hormuz Kingdom,unknown,2,,0,0,0,1,0,0,114
ghaznavid_empire,Ghaznavid Empire,injuid_dynasty,Injuid Dynasty,unknown,2,,0,0,0,1,0,0,149
ghaznavid_empire,Ghaznavid Empire,karkiya_dynasty,Kar-Kiya Dynasty,unknown,2,,0,0,0,1,0,0,184
kakuyid_dynasty,Kakuyid Dynasty,eldiguzid_dynasty,Eldiguzid Dynasty (Ildeguzids),unknown,2,,0,0,0,1,0,0,85
kakuyid_dynasty,Kakuyid Dynasty,ghorid_dynasty,Ghorid Sultanate,unknown,2,,0,0,0,1,0,0,97
kakuyid_dynasty,Kakuyid Dynasty,salgurid_dynasty,Salgurid Dynasty,unknown,2,,0,0,0,1,0,0,97
kakuyid_dynasty,Kakuyid Dynasty,khwarazmian_empire,Khwarazmian Empire,unknown,2,,0,0,0,1,0,0,149
kakuyid_dynasty,Kakuyid Dynasty,delhi_sultanate,Delhi Sultanate,unknown,2,,0,0,0,1,0,0,155
kakuyid_dynasty,Kakuyid Dynasty,kartid_dynasty,Kartid Dynasty,unknown,2,,0,0,0,1,0,0,194
kakuyid_dynasty,Kakuyid Dynasty,ilkhanate,Ilkhanate,unknown,2,,0,0,0,1,0,0,205
kakuyid_dynasty,Kakuyid Dynasty,khalji_dynasty,Khalji Dynasty,unknown,2,,0,0,0,1,0,0,239
kakuyid_dynasty,Kakuyid Dynasty,hormuz_kingdom,Hormuz Kingdom,unknown,2,,0,0,0,1,0,0,249
kakuyid_dynasty,Kakuyid Dynasty,jalayirid_sultanate,Jalayirid Sultanate,unknown,2,,0,0,0,1,0,0,284
kakuyid_dynasty,Kakuyid Dynasty,madurai_sultanate,Madurai Sultanate,unknown,2,,0,0,0,1,0,0,284
kakuyid_dynasty,Kakuyid Dynasty,injuid_dynasty,Injuid Dynasty,unknown,2,,0,0,0,1,0,0,284
seljuk_empire,Seljuk Empire,eldiguzid_dynasty,Eldiguzid Dynasty (Ildeguzids),unknown,2,,0,0,0,1,0,0,-58
seljuk_empire,Seljuk Empire,kartid_dynasty,Kartid Dynasty,unknown,2,,0,0,0,1,0,0,51
seljuk_empire,Seljuk Empire,khalji_dynasty,Khalji Dynasty,unknown,2,,0,0,0,1,0,0,96
seljuk_empire,Seljuk Empire,hormuz_kingdom,Hormuz Kingdom,unknown,2,,0,0,0,1,0,0,106
seljuk_empire,Seljuk Empire,injuid_dynasty,Injuid Dynasty,unknown,2,,0,0,0,1,0,0,141
seljuk_empire,Seljuk Empire,karkiya_dynasty,Kar-Kiya Dynasty,unknown,2,,0,0,0,1,0,0,176
seljuk_rum,Sultanate of Rum,eldiguzid_dynasty,Eldiguzid Dynasty (Ildeguzids),unknown,2,,0,0,0,1,0,0,-171
seljuk_rum,Sultanate of Rum,salgurid_dynasty,Salgurid Dynasty,unknown,2,,0,0,0,1,0,0,-159
seljuk_rum,Sultanate of Rum,kartid_dynasty,Kartid Dynasty,unknown,2,,0,0,0,1,0,0,-62
seljuk_rum,Sultanate of Rum,karkiya_dynasty,Kar-Kiya Dynasty,unknown,2,,0,0,0,1,0,0,63
eldiguzid_dynasty,Eldiguzid Dynasty (Ildeguzids),ghorid_dynasty,Ghorid Sultanate,unknown,2,,0,0,0,1,0,0,-77
eldiguzid_dynasty,Eldiguzid Dynasty (Ildeguzids),salgurid_dynasty,Salgurid Dynasty,unknown,2,,0,0,0,1,0,0,-77
eldiguzid_dynasty,Eldiguzid Dynasty (Ildeguzids),khalji_dynasty,Khalji Dynasty,unknown,2,,0,0,0,1,0,0,65
eldiguzid_dynasty,Eldiguzid Dynasty (Ildeguzids),hormuz_kingdom,Hormuz Kingdom,unknown,2,,0,0,0,1,0,0,75
eldiguzid_dynasty,Eldiguzid Dynasty (Ildeguzids),jalayirid_sultanate,Jalayirid Sultanate,unknown,2,,0,0,0,1,0,0,110
eldiguzid_dynasty,Eldiguzid Dynasty (Ildeguzids),madurai_sultanate,Madurai Sultanate,unknown,2,,0,0,0,1,0,0,110
eldiguzid_dynasty,Eldiguzid Dynasty (Ildeguzids),injuid_dynasty,Injuid Dynasty,unknown,2,,0,0,0,1,0,0,110
eldiguzid_dynasty,Eldiguzid Dynasty (Ildeguzids),timurid_empire,Timurid Empire,unknown,2,,0,0,0,1,0,0,145
eldiguzid_dynasty,Eldiguzid Dynasty (Ildeguzids),karkiya_dynasty,Kar-Kiya Dynasty,unknown,2,,0,0,0,1,0,0,145
eldiguzid_dynasty,Eldiguzid Dynasty (Ildeguzids),malwa_sultanate,Malwa Sultanate,unknown,2,,0,0,0,1,0,0,167
eldiguzid_dynasty,Eldiguzid Dynasty (Ildeguzids),jaunpur_sultanate,Jaunpur Sultanate,unknown,2,,0,0,0,1,0,0,169
eldiguzid_dynasty,Eldiguzid Dynasty (Ildeguzids),gujarat_sultanate,Gujarat Sultanate,unknown,2,,0,0,0,1,0,0,182
eldiguzid_dynasty,Eldiguzid Dynasty (Ildeguzids),safavid_empire,Safavid Empire,unknown,2,,0,0,0,1,0,0,276
ghorid_dynasty,Ghorid Sultanate,salgurid_dynasty,Salgurid Dynasty,unknown,2,,0,0,0,1,0,0,-67
ghorid_dynasty,Ghorid Sultanate,khalji_dynasty,Khalji Dynasty,unknown,2,,0,0,0,1,0,0,75
ghorid_dynasty,Ghorid Sultanate,hormuz_kingdom,Hormuz Kingdom,unknown,2,,0,0,0,1,0,0,85
ghorid_dynasty,Ghorid Sultanate,injuid_dynasty,Injuid Dynasty,unknown,2,,0,0,0,1,0,0,120
ghorid_dynasty,Ghorid Sultanate,karkiya_dynasty,Kar-Kiya Dynasty,unknown,2,,0,0,0,1,0,0,155
salgurid_dynasty,Salgurid Dynasty,khwarazmian_empire,Khwarazmian Empire,unknown,2,,0,0,0,1,0,0,-86
salgurid_dynasty,Salgurid Dynasty,delhi_sultanate,Delhi Sultanate,unknown,2,,0,0,0,1,0,0,-80
salgurid_dynasty,Salgurid Dynasty,timurid_empire,Timurid Empire,unknown,2,,0,0,0,1,0,0,84
salgurid_dynasty,Salgurid Dynasty,karkiya_dynasty,Kar-Kiya Dynasty,unknown,2,,0,0,0,1,0,0,84
salgurid_dynasty,Salgurid Dynasty,malwa_sultanate,Malwa Sultanate,unknown,2,,0,0,0,1,0,0,106
salgurid_dynasty,Salgurid Dynasty,jaunpur_sultanate,Jaunpur Sultanate,unknown,2,,0,0,0,1,0,0,108
salgurid_dynasty,Salgurid Dynasty,gujarat_sultanate,Gujarat Sultanate,unknown,2,,0,0,0,1,0,0,121
salgurid_dynasty,Salgurid Dynasty,safavid_empire,Safavid Empire,unknown,2,,0,0,0,1,0,0,215
salgurid_dynasty,Salgurid Dynasty,mughal_empire,Mughal Empire,unknown,2,,0,0,0,1,0,0,240
salgurid_dynasty,Salgurid Dynasty,sur_empire,Sur Empire,unknown,2,,0,0,0,1,0,0,254
khwarazmian_empire,Khwarazmian Empire,khalji_dynasty,Khalji Dynasty,unknown,2,,0,0,0,1,0,0,70
khwarazmian_empire,Khwarazmian Empire,hormuz_kingdom,Hormuz Kingdom,unknown,2,,0,0,0,1,0,0,80
khwarazmian_empire,Khwarazmian Empire,injuid_dynasty,Injuid Dynasty,unknown,2,,0,0,0,1,0,0,115
khwarazmian_empire,Khwarazmian Empire,karkiya_dynasty,Kar-Kiya Dynasty,unknown,2,,0,0,0,1,0,0,150
delhi_sultanate,Delhi Sultanate,kartid_dynasty,Kartid Dynasty,unknown,2,,0,0,0,1,0,0,-281
delhi_sultanate,Delhi Sultanate,khalji_dynasty,Khalji Dynasty,unknown,2,,0,0,0,1,0,0,-236
delhi_sultanate,Delhi Sultanate,hormuz_kingdom,Hormuz Kingdom,unknown,2,,0,0,0,1,0,0,-226
delhi_sultanate,Delhi Sultanate,injuid_dynasty,Injuid Dynasty,unknown,2,,0,0,0,1,0,0,-191
delhi_sultanate,Delhi Sultanate,karkiya_dynasty,Kar-Kiya Dynasty,unknown,2,,0,0,0,1,0,0,-156
kartid_dynasty,Kartid Dynasty,ilkhanate,Ilkhanate,unknown,2,,0,0,0,1,0,0,-133
kartid_dynasty,Kartid Dynasty,khalji_dynasty,Khalji Dynasty,unknown,2,,0,0,0,1,0,0,-99
kartid_dynasty,Kartid Dynasty,hormuz_kingdom,Hormuz Kingdom,unknown,2,,0,0,0,1,0,0,-89
kartid_dynasty,Kartid Dynasty,jalayirid_sultanate,Jalayirid Sultanate,unknown,2,,0,0,0,1,0,0,-54
kartid_dynasty,Kartid Dynasty,madurai_sultanate,Madurai Sultanate,unknown,2,,0,0,0,1,0,0,-54
kartid_dynasty,Kartid Dynasty,injuid_dynasty,Injuid Dynasty,unknown,2,,0,0,0,1,0,0,-54
kartid_dynasty,Kartid Dynasty,safavid_empire,Safavid Empire,unknown,2,,0,0,0,1,0,0,112
kartid_dynasty,Kartid Dynasty,mughal_empire,Mughal Empire,unknown,2,,0,0,0,1,0,0,137
kartid_dynasty,Kartid Dynasty,sur_empire,Sur Empire,unknown,2,,0,0,0,1,0,0,151
khalji_dynasty,Khalji Dynasty,malwa_sultanate,Malwa Sultanate,unknown,2,,0,0,0,1,0,0,72
khalji_dynasty,Khalji Dynasty,jaunpur_sultanate,Jaunpur Sultanate,unknown,2,,0,0,0,1,0,0,74
khalji_dynasty,Khalji Dynasty,gujarat_sultanate,Gujarat Sultanate,unknown,2,,0,0,0,1,0,0,87
khalji_dynasty,Khalji Dynasty,safavid_empire,Safavid Empire,unknown,2,,0,0,0,1,0,0,181
khalji_dynasty,Khalji Dynasty,mughal_empire,Mughal Empire,unknown,2,,0,0,0,1,0,0,206
khalji_dynasty,Khalji Dynasty,sur_empire,Sur Empire,unknown,2,,0,0,0,1,0,0,220
hormuz_kingdom,Hormuz Kingdom,jalayirid_sultanate,Jalayirid Sultanate,unknown,2,,0,0,0,1,0,0,-287
hormuz_kingdom,Hormuz Kingdom,madurai_sultanate,Madurai Sultanate,unknown,2,,0,0,0,1,0,0,-287
hormuz_kingdom,Hormuz Kingdom,injuid_dynasty,Injuid Dynasty,unknown,2,,0,0,0,1,0,0,-287
hormuz_kingdom,Hormuz Kingdom,timurid_empire,Timurid Empire,unknown,2,,0,0,0,1,0,0,-252
hormuz_kingdom,Hormuz Kingdom,karkiya_dynasty,Kar-Kiya Dynasty,unknown,2,,0,0,0,1,0,0,-252
hormuz_kingdom,Hormuz Kingdom,malwa_sultanate,Malwa Sultanate,unknown,2,,0,0,0,1,0,0,-230
hormuz_kingdom,Hormuz Kingdom,jaunpur_sultanate,Jaunpur Sultanate,unknown,2,,0,0,0,1,0,0,-228
hormuz_kingdom,Hormuz Kingdom,gujarat_sultanate,Gujarat Sultanate,unknown,2,,0,0,0,1,0,0,-215
hormuz_kingdom,Hormuz Kingdom,safavid_empire,Safavid Empire,unknown,2,,0,0,0,1,0,0,-121
hormuz_kingdom,Hormuz Kingdom,mughal_empire,Mughal Empire,unknown,2,,0,0,0,1,0,0,-96
hormuz_kingdom,Hormuz Kingdom,sur_empire,Sur Empire,unknown,2,,0,0,0,1,0,0,-82
hormuz_kingdom,Hormuz Kingdom,hyderabad_state,Nizam of Hyderabad,unknown,2,,0,0,0,1,0,0,102
hormuz_kingdom,Hormuz Kingdom,zand_dynasty,Zand Dynasty,unknown,2,,0,0,0,1,0,0,129
jalayirid_sultanate,Jalayirid Sultanate,injuid_dynasty,Injuid Dynasty,unknown,2,,0,0,0,1,0,0,-97
jalayirid_sultanate,Jalayirid Sultanate,karkiya_dynasty,Kar-Kiya Dynasty,unknown,2,,0,0,0,1,0,0,-62
injuid_dynasty,Injuid Dynasty,safavid_empire,Safavid Empire,unknown,2,,0,0,0,1,0,0,144
injuid_dynasty,Injuid Dynasty,mughal_empire,Mughal Empire,unknown,2,,0,0,0,1,0,0,169
injuid_dynasty,Injuid Dynasty,sur_empire,Sur Empire,unknown,2,,0,0,0,1,0,0,183
timurid_empire,Timurid Empire,karkiya_dynasty,Kar-Kiya Dynasty,unknown,2,,0,0,0,1,0,0,-137
karkiya_dynasty,Kar-Kiya Dynasty,malwa_sultanate,Malwa Sultanate,unknown,2,,0,0,0,1,0,0,-200
karkiya_dynasty,Kar-Kiya Dynasty,jaunpur_sultanate,Jaunpur Sultanate,unknown,2,,0,0,0,1,0,0,-198
karkiya_dynasty,Kar-Kiya Dynasty,gujarat_sultanate,Gujarat Sultanate,unknown,2,,0,0,0,1,0,0,-185
karkiya_dynasty,Kar-Kiya Dynasty,safavid_empire,Safavid Empire,unknown,2,,0,0,0,1,0,0,-91
karkiya_dynasty,Kar-Kiya Dynasty,mughal_empire,Mughal Empire,unknown,2,,0,0,0,1,0,0,-66
karkiya_dynasty,Kar-Kiya Dynasty,sur_empire,Sur Empire,unknown,2,,0,0,0,1,0,0,-52
karkiya_dynasty,Kar-Kiya Dynasty,hyderabad_state,Nizam of Hyderabad,unknown,2,,0,0,0,1,0,0,132
karkiya_dynasty,Kar-Kiya Dynasty,zand_dynasty,Zand Dynasty,unknown,2,,0,0,0,1,0,0,159
hungary,Hungary,principality_of_transylvania,Principality of Transylvania,unknown,2,,0,0,0,1,0,0,-376
kingdom_of_france,Kingdom of France,angevin_kingdom_of_naples,Angevin Kingdom of Naples,unknown,2,,0,0,0,1,0,0,-526
kingdom_of_france,Kingdom of France,new_france,New France,unknown,2,,0,0,0,1,0,0,-258
kingdom_of_france,Kingdom of France,french_caribbean,French Caribbean,unknown,2,,0,0,0,1,0,0,-157
kingdom_of_france,Kingdom of France,louisiana_territory,Louisiana Territory (French),unknown,2,,0,0,0,1,0,0,-110
kingdom_of_france,Kingdom of France,vichy_france,Vichy France,unknown,2,,0,0,0,1,0,0,148
kingdom_of_jerusalem,Kingdom of Jerusalem,new_france,New France,unknown,2,,0,0,0,1,0,0,243
angevin_empire,Angevin Empire,angevin_kingdom_of_naples,Angevin Kingdom of Naples,unknown,2,,0,0,0,1,0,0,62
latin_empire,Latin Empire,new_france,New France,unknown,2,,0,0,0,1,0,0,273
angevin_kingdom_of_naples,Angevin Kingdom of Naples,new_france,New France,unknown,2,,0,0,0,1,0,0,92
angevin_kingdom_of_naples,Angevin Kingdom of Naples,french_caribbean,French Caribbean,unknown,2,,0,0,0,1,0,0,193
angevin_kingdom_of_naples,Angevin Kingdom of Naples,louisiana_territory,Louisiana Territory (French),unknown,2,,0,0,0,1,0,0,240
new_france,New France,french_caribbean,French Caribbean,unknown,2,,0,0,0,1,0,0,-128
new_france,New France,louisiana_territory,Louisiana Territory (French),unknown,2,,0,0,0,1,0,0,-81
new_france,New France,vichy_france,Vichy France,unknown,2,,0,0,0,1,0,0,177
louisiana_territory,Louisiana Territory (French),vichy_france,Vichy France,unknown,2,,0,0,0,1,0,0,137
french_first_empire,French First Empire,vichy_france,Vichy France,unknown,2,,0,0,0,1,0,0,126
jin_dynasty,Jin Dynasty,jin_jurchen,Jin Dynasty (Jurchen),unknown,2,,0,0,0,1,0,0,-119
shun,Shun Dynasty (顺),taiping_heavenly_kingdom,Taiping Heavenly Kingdom (太平天国),unknown,2,,0,0,0,1,0,0,207
southern_ming,Southern Ming (南明),taiping_heavenly_kingdom,Taiping Heavenly Kingdom (太平天国),unknown,2,,0,0,0,1,0,0,189
kingdom_of_tungning,Kingdom of Tungning (东宁),taiping_heavenly_kingdom,Taiping Heavenly Kingdom (太平天国),unknown,2,,0,0,0,1,0,0,168
crown_of_aragon,Crown of Aragon,aragonese_kingdom_of_sicily,Aragonese Kingdom of Sicily,unknown,2,,0,0,0,1,0,0,-434
crown_of_aragon,Crown of Aragon,aragonese_sardinia,Aragonese Sardinia,unknown,2,,0,0,0,1,0,0,-393
crown_of_aragon,Crown of Aragon,aragonese_kingdom_of_naples,Aragonese Kingdom of Naples,unknown,2,,0,0,0,1,0,0,-274
aragonese_kingdom_of_sicily,Aragonese Kingdom of Sicily,aragonese_sardinia,Aragonese Sardinia,unknown,2,,0,0,0,1,0,0,-86
aragonese_sardinia,Aragonese Sardinia,aragonese_kingdom_of_naples,Aragonese Kingdom of Naples,unknown,2,,0,0,0,1,0,0,-276
teutonic_order,Teutonic Order (Monastic State),austrian_empire,Austrian Empire,unknown,2,,0,0,0,1,0,0,279
teutonic_order,Teutonic Order (Monastic State),german_confederation,German Confederation (Deutscher Bund,unknown,2,,0,0,0,1,0,0,290
kalmar_union,Kalmar Union,austrian_empire,Austrian Empire,unknown,2,,0,0,0,1,0,0,281
kalmar_union,Kalmar Union,german_confederation,German Confederation (Deutscher Bund,unknown,2,,0,0,0,1,0,0,292
habsburg_monarchy,Habsburg Monarchy,austrian_empire,Austrian Empire,unknown,2,,0,0,0,1,0,0,-114
habsburg_monarchy,Habsburg Monarchy,german_confederation,German Confederation (Deutscher Bund,unknown,2,,0,0,0,1,0,0,-103
habsburg_monarchy,Habsburg Monarchy,austria_hungary,Austria-Hungary / Italian occupation zones,unknown,2,,0,0,0,1,0,0,-51
kingdom_of_prussia,Kingdom of Prussia,austrian_empire,Austrian Empire,unknown,2,,0,0,0,1,0,0,-114
kingdom_of_prussia,Kingdom of Prussia,german_confederation,German Confederation (Deutscher Bund,unknown,2,,0,0,0,1,0,0,-103
kingdom_of_prussia,Kingdom of Prussia,austria_hungary,Austria-Hungary / Italian occupation zones,unknown,2,,0,0,0,1,0,0,-51
austrian_empire,Austrian Empire,german_confederation,German Confederation (Deutscher Bund,unknown,2,,0,0,0,1,0,0,-52
austrian_empire,Austrian Empire,weimar_republic,Weimar Republic,unknown,2,,0,0,0,1,0,0,51
austrian_empire,Austrian Empire,nazi_germany,Nazi Germany (Third Reich),unknown,2,,0,0,0,1,0,0,66
austrian_empire,Austrian Empire,east_germany,German Democratic Republic (East Germany),unknown,2,,0,0,0,1,0,0,82
austrian_empire,Austrian Empire,federal_republic_germany,Federal Republic of Germany,unknown,2,,0,0,0,1,0,0,82
german_confederation,German Confederation (Deutscher Bund,weimar_republic,Weimar Republic,unknown,2,,0,0,0,1,0,0,52
german_confederation,German Confederation (Deutscher Bund,nazi_germany,Nazi Germany (Third Reich),unknown,2,,0,0,0,1,0,0,67
german_confederation,German Confederation (Deutscher Bund,east_germany,German Democratic Republic (East Germany),unknown,2,,0,0,0,1,0,0,83
german_confederation,German Confederation (Deutscher Bund,federal_republic_germany,Federal Republic of Germany,unknown,2,,0,0,0,1,0,0,83
grand_duchy_moscow,Grand Duchy of Moscow,russian_alaska,Russian America,unknown,2,,0,0,0,1,0,0,186
russian_empire,Russian Empire,russian_alaska,Russian America,unknown,2,,0,0,0,1,0,0,-184
russian_alaska,Russian America,soviet_union,Soviet Union,unknown,2,,0,0,0,1,0,0,55
russian_alaska,Russian America,russian_federation,Russian Federation,unknown,2,,0,0,0,1,0,0,124
ming_dynasty,Ming Dynasty,beiyang_government,Beiyang Government (北洋政府),unknown,2,,0,0,0,1,0,0,268
ming_dynasty,Ming Dynasty,chinese_empire,Empire of China (Yuan Shikai) (中华帝国),unknown,2,,0,0,0,1,0,0,271
ming_dynasty,Ming Dynasty,wuhan_government,Wuhan Government (武汉政府),unknown,2,,0,0,0,1,0,0,283
ming_dynasty,Ming Dynasty,nationalist_government,Nationalist Government (国民政府),unknown,2,,0,0,0,1,0,0,284
ming_dynasty,Ming Dynasty,chinese_soviet_republic,Chinese Soviet Republic (中华苏维埃),unknown,2,,0,0,0,1,0,0,287
ming_dynasty,Ming Dynasty,wang_jingwei_regime,Wang Jingwei Regime (汪精卫政权),unknown,2,,0,0,0,1,0,0,296
kara_koyunlu,Kara Koyunlu (Black Sheep Turkmen),karabakh_khanate,Karabakh Khanate,unknown,2,,0,0,0,1,0,0,279
aq_qoyunlu,Aq Qoyunlu (White Sheep Turkmen),karabakh_khanate,Karabakh Khanate,unknown,2,,0,0,0,1,0,0,239
karabakh_khanate,Karabakh Khanate,azerbaijan_peoples_government,Azerbaijan Peoples Government,unknown,2,,0,0,0,1,0,0,123
spanish_caribbean,Spanish Caribbean (Cuba/Hispaniola/Puerto Rico),spanish_florida,Spanish Florida,unknown,2,,0,0,0,1,0,0,-385
spanish_caribbean,Spanish Caribbean (Cuba/Hispaniola/Puerto Rico),new_spain,Viceroyalty of New Spain,unknown,2,,0,0,0,1,0,0,-377
spanish_caribbean,Spanish Caribbean (Cuba/Hispaniola/Puerto Rico),spanish_duchy_of_milan,Spanish Duchy of Milan,unknown,2,,0,0,0,1,0,0,-363
spanish_caribbean,Spanish Caribbean (Cuba/Hispaniola/Puerto Rico),viceroyalty_of_peru,Viceroyalty of Peru,unknown,2,,0,0,0,1,0,0,-356
spanish_caribbean,Spanish Caribbean (Cuba/Hispaniola/Puerto Rico),viceroyalty_of_new_granada,Viceroyalty of New Granada,unknown,2,,0,0,0,1,0,0,-181
spanish_caribbean,Spanish Caribbean (Cuba/Hispaniola/Puerto Rico),viceroyalty_of_rio_de_la_plata,Viceroyalty of Río de la Plata,unknown,2,,0,0,0,1,0,0,-122
spanish_caribbean,Spanish Caribbean (Cuba/Hispaniola/Puerto Rico),paraguay,Republic of Paraguay,unknown,2,,0,0,0,1,0,0,-87
spanish_caribbean,Spanish Caribbean (Cuba/Hispaniola/Puerto Rico),argentina,Argentine Republic,unknown,2,,0,0,0,1,0,0,-82
spanish_caribbean,Spanish Caribbean (Cuba/Hispaniola/Puerto Rico),chile,Republic of Chile,unknown,2,,0,0,0,1,0,0,-80
spanish_caribbean,Spanish Caribbean (Cuba/Hispaniola/Puerto Rico),gran_colombia,Gran Colombia,unknown,2,,0,0,0,1,0,0,-79
spanish_caribbean,Spanish Caribbean (Cuba/Hispaniola/Puerto Rico),first_mexican_empire,First Mexican Empire,unknown,2,,0,0,0,1,0,0,-77
spanish_caribbean,Spanish Caribbean (Cuba/Hispaniola/Puerto Rico),mexico,Mexico (United Mexican States),unknown,2,,0,0,0,1,0,0,-77
spanish_caribbean,Spanish Caribbean (Cuba/Hispaniola/Puerto Rico),peru,Republic of Peru,unknown,2,,0,0,0,1,0,0,-74
spanish_caribbean,Spanish Caribbean (Cuba/Hispaniola/Puerto Rico),bolivia,Republic of Bolivia,unknown,2,,0,0,0,1,0,0,-73
spanish_caribbean,Spanish Caribbean (Cuba/Hispaniola/Puerto Rico),uruguay,Oriental Republic of Uruguay,unknown,2,,0,0,0,1,0,0,-70
spanish_caribbean,Spanish Caribbean (Cuba/Hispaniola/Puerto Rico),ecuador,Republic of Ecuador,unknown,2,,0,0,0,1,0,0,-68
spanish_caribbean,Spanish Caribbean (Cuba/Hispaniola/Puerto Rico),venezuela,Republic of Venezuela,unknown,2,,0,0,0,1,0,0,-68
spanish_caribbean,Spanish Caribbean (Cuba/Hispaniola/Puerto Rico),colombia,Republic of Colombia,unknown,2,,0,0,0,1,0,0,-67
spanish_caribbean,Spanish Caribbean (Cuba/Hispaniola/Puerto Rico),dominican_republic,Dominican Republic,unknown,2,,0,0,0,1,0,0,-54
spanish_florida,Spanish Florida,new_spain,Viceroyalty of New Spain,unknown,2,,0,0,0,1,0,0,-300
spanish_florida,Spanish Florida,spanish_duchy_of_milan,Spanish Duchy of Milan,unknown,2,,0,0,0,1,0,0,-286
spanish_florida,Spanish Florida,viceroyalty_of_peru,Viceroyalty of Peru,unknown,2,,0,0,0,1,0,0,-279
spanish_florida,Spanish Florida,viceroyalty_of_new_granada,Viceroyalty of New Granada,unknown,2,,0,0,0,1,0,0,-104
spanish_florida,Spanish Florida,cuba,Republic of Cuba,unknown,2,,0,0,0,1,0,0,81
new_spain,Viceroyalty of New Spain,spanish_duchy_of_milan,Spanish Duchy of Milan,unknown,2,,0,0,0,1,0,0,-286
new_spain,Viceroyalty of New Spain,viceroyalty_of_peru,Viceroyalty of Peru,unknown,2,,0,0,0,1,0,0,-279
new_spain,Viceroyalty of New Spain,viceroyalty_of_new_granada,Viceroyalty of New Granada,unknown,2,,0,0,0,1,0,0,-104
new_spain,Viceroyalty of New Spain,cuba,Republic of Cuba,unknown,2,,0,0,0,1,0,0,81
spanish_duchy_of_milan,Spanish Duchy of Milan,viceroyalty_of_peru,Viceroyalty of Peru,unknown,2,,0,0,0,1,0,0,-164
spanish_duchy_of_milan,Spanish Duchy of Milan,viceroyalty_of_rio_de_la_plata,Viceroyalty of Río de la Plata,unknown,2,,0,0,0,1,0,0,70
spanish_duchy_of_milan,Spanish Duchy of Milan,paraguay,Republic of Paraguay,unknown,2,,0,0,0,1,0,0,105
spanish_duchy_of_milan,Spanish Duchy of Milan,argentina,Argentine Republic,unknown,2,,0,0,0,1,0,0,110
spanish_duchy_of_milan,Spanish Duchy of Milan,chile,Republic of Chile,unknown,2,,0,0,0,1,0,0,112
spanish_duchy_of_milan,Spanish Duchy of Milan,gran_colombia,Gran Colombia,unknown,2,,0,0,0,1,0,0,113
spanish_duchy_of_milan,Spanish Duchy of Milan,first_mexican_empire,First Mexican Empire,unknown,2,,0,0,0,1,0,0,115
spanish_duchy_of_milan,Spanish Duchy of Milan,mexico,Mexico (United Mexican States),unknown,2,,0,0,0,1,0,0,115
spanish_duchy_of_milan,Spanish Duchy of Milan,peru,Republic of Peru,unknown,2,,0,0,0,1,0,0,118
spanish_duchy_of_milan,Spanish Duchy of Milan,bolivia,Republic of Bolivia,unknown,2,,0,0,0,1,0,0,119
spanish_duchy_of_milan,Spanish Duchy of Milan,uruguay,Oriental Republic of Uruguay,unknown,2,,0,0,0,1,0,0,122
spanish_duchy_of_milan,Spanish Duchy of Milan,ecuador,Republic of Ecuador,unknown,2,,0,0,0,1,0,0,124
spanish_duchy_of_milan,Spanish Duchy of Milan,venezuela,Republic of Venezuela,unknown,2,,0,0,0,1,0,0,124
spanish_duchy_of_milan,Spanish Duchy of Milan,colombia,Republic of Colombia,unknown,2,,0,0,0,1,0,0,125
spanish_duchy_of_milan,Spanish Duchy of Milan,dominican_republic,Dominican Republic,unknown,2,,0,0,0,1,0,0,138
spanish_duchy_of_milan,Spanish Duchy of Milan,second_mexican_empire,Second Mexican Empire,unknown,2,,0,0,0,1,0,0,158
spanish_duchy_of_milan,Spanish Duchy of Milan,cuba,Republic of Cuba,unknown,2,,0,0,0,1,0,0,196
viceroyalty_of_peru,Viceroyalty of Peru,viceroyalty_of_new_granada,Viceroyalty of New Granada,unknown,2,,0,0,0,1,0,0,-107
viceroyalty_of_peru,Viceroyalty of Peru,cuba,Republic of Cuba,unknown,2,,0,0,0,1,0,0,78
viceroyalty_of_new_granada,Viceroyalty of New Granada,cuba,Republic of Cuba,unknown,2,,0,0,0,1,0,0,83
viceroyalty_of_rio_de_la_plata,Viceroyalty of Río de la Plata,cuba,Republic of Cuba,unknown,2,,0,0,0,1,0,0,86
gran_colombia,Gran Colombia,cuba,Republic of Cuba,unknown,2,,0,0,0,1,0,0,71
first_mexican_empire,First Mexican Empire,cuba,Republic of Cuba,unknown,2,,0,0,0,1,0,0,79
portuguese_brazil,Portuguese Brazil,republic_of_brazil,Federative Republic of Brazil,unknown,2,,0,0,0,1,0,0,67
polish_lithuanian_commonwealth,Polish-Lithuanian Commonwealth,second_polish_republic,Second Polish Republic,unknown,2,,0,0,0,1,0,0,123
jamestown_colony,Jamestown Colony,kingdom_of_great_britain,Kingdom of Great Britain,unknown,2,,0,0,0,1,0,0,83
jamestown_colony,Jamestown Colony,united_states,United States of America,unknown,2,,0,0,0,1,0,0,152
jamestown_colony,Jamestown Colony,united_kingdom,United Kingdom of Great Britain and Ireland,unknown,2,,0,0,0,1,0,0,177
jamestown_colony,Jamestown Colony,texas_republic,Republic of Texas,unknown,2,,0,0,0,1,0,0,212
jamestown_colony,Jamestown Colony,california_republic,California Republic,unknown,2,,0,0,0,1,0,0,222
jamestown_colony,Jamestown Colony,british_raj,British Raj,unknown,2,,0,0,0,1,0,0,234
jamestown_colony,Jamestown Colony,confederate_states,Confederate States of America,unknown,2,,0,0,0,1,0,0,237
jamestown_colony,Jamestown Colony,dominion_of_canada,Dominion of Canada,unknown,2,,0,0,0,1,0,0,243
jamestown_colony,Jamestown Colony,hawaii_republic,Republic of Hawaiʻi,unknown,2,,0,0,0,1,0,0,270
thirteen_colonies,Thirteen Colonies,plymouth_colony,Plymouth Colony,unknown,2,,0,0,0,1,0,0,-156
thirteen_colonies,Thirteen Colonies,british_caribbean,British Caribbean,unknown,2,,0,0,0,1,0,0,-152
thirteen_colonies,Thirteen Colonies,rupert_land,Rupert's Land (Hudson's Bay Company),unknown,2,,0,0,0,1,0,0,-106
thirteen_colonies,Thirteen Colonies,kingdom_of_great_britain,Kingdom of Great Britain,unknown,2,,0,0,0,1,0,0,-69
thirteen_colonies,Thirteen Colonies,texas_republic,Republic of Texas,unknown,2,,0,0,0,1,0,0,60
thirteen_colonies,Thirteen Colonies,california_republic,California Republic,unknown,2,,0,0,0,1,0,0,70
thirteen_colonies,Thirteen Colonies,british_raj,British Raj,unknown,2,,0,0,0,1,0,0,82
thirteen_colonies,Thirteen Colonies,confederate_states,Confederate States of America,unknown,2,,0,0,0,1,0,0,85
thirteen_colonies,Thirteen Colonies,dominion_of_canada,Dominion of Canada,unknown,2,,0,0,0,1,0,0,91
thirteen_colonies,Thirteen Colonies,hawaii_republic,Republic of Hawaiʻi,unknown,2,,0,0,0,1,0,0,118
thirteen_colonies,Thirteen Colonies,british_military_administration,British Military Administration,unknown,2,,0,0,0,1,0,0,167
thirteen_colonies,Thirteen Colonies,canada,Canada,unknown,2,,0,0,0,1,0,0,206
plymouth_colony,Plymouth Colony,british_caribbean,British Caribbean,unknown,2,,0,0,0,1,0,0,-67
plymouth_colony,Plymouth Colony,united_states,United States of America,unknown,2,,0,0,0,1,0,0,85
plymouth_colony,Plymouth Colony,united_kingdom,United Kingdom of Great Britain and Ireland,unknown,2,,0,0,0,1,0,0,110
plymouth_colony,Plymouth Colony,texas_republic,Republic of Texas,unknown,2,,0,0,0,1,0,0,145
plymouth_colony,Plymouth Colony,california_republic,California Republic,unknown,2,,0,0,0,1,0,0,155
plymouth_colony,Plymouth Colony,british_raj,British Raj,unknown,2,,0,0,0,1,0,0,167
plymouth_colony,Plymouth Colony,confederate_states,Confederate States of America,unknown,2,,0,0,0,1,0,0,170
plymouth_colony,Plymouth Colony,dominion_of_canada,Dominion of Canada,unknown,2,,0,0,0,1,0,0,176
plymouth_colony,Plymouth Colony,hawaii_republic,Republic of Hawaiʻi,unknown,2,,0,0,0,1,0,0,203
plymouth_colony,Plymouth Colony,british_military_administration,British Military Administration,unknown,2,,0,0,0,1,0,0,252
plymouth_colony,Plymouth Colony,canada,Canada,unknown,2,,0,0,0,1,0,0,291
british_caribbean,British Caribbean,rupert_land,Rupert's Land (Hudson's Bay Company),unknown,2,,0,0,0,1,0,0,-292
british_caribbean,British Caribbean,kingdom_of_great_britain,Kingdom of Great Britain,unknown,2,,0,0,0,1,0,0,-255
british_caribbean,British Caribbean,united_states,United States of America,unknown,2,,0,0,0,1,0,0,-186
british_caribbean,British Caribbean,united_kingdom,United Kingdom of Great Britain and Ireland,unknown,2,,0,0,0,1,0,0,-161
british_caribbean,British Caribbean,texas_republic,Republic of Texas,unknown,2,,0,0,0,1,0,0,-126
british_caribbean,British Caribbean,california_republic,California Republic,unknown,2,,0,0,0,1,0,0,-116
british_caribbean,British Caribbean,british_raj,British Raj,unknown,2,,0,0,0,1,0,0,-104
british_caribbean,British Caribbean,confederate_states,Confederate States of America,unknown,2,,0,0,0,1,0,0,-101
british_caribbean,British Caribbean,dominion_of_canada,Dominion of Canada,unknown,2,,0,0,0,1,0,0,-95
british_caribbean,British Caribbean,hawaii_republic,Republic of Hawaiʻi,unknown,2,,0,0,0,1,0,0,-68
rupert_land,Rupert's Land (Hudson's Bay Company),kingdom_of_great_britain,Kingdom of Great Britain,unknown,2,,0,0,0,1,0,0,-163
rupert_land,Rupert's Land (Hudson's Bay Company),united_states,United States of America,unknown,2,,0,0,0,1,0,0,-94
rupert_land,Rupert's Land (Hudson's Bay Company),united_kingdom,United Kingdom of Great Britain and Ireland,unknown,2,,0,0,0,1,0,0,-69
rupert_land,Rupert's Land (Hudson's Bay Company),british_military_administration,British Military Administration,unknown,2,,0,0,0,1,0,0,73
rupert_land,Rupert's Land (Hudson's Bay Company),canada,Canada,unknown,2,,0,0,0,1,0,0,112
kingdom_of_great_britain,Kingdom of Great Britain,confederate_states,Confederate States of America,unknown,2,,0,0,0,1,0,0,60
kingdom_of_great_britain,Kingdom of Great Britain,dominion_of_canada,Dominion of Canada,unknown,2,,0,0,0,1,0,0,66
kingdom_of_great_britain,Kingdom of Great Britain,hawaii_republic,Republic of Hawaiʻi,unknown,2,,0,0,0,1,0,0,93
kingdom_of_great_britain,Kingdom of Great Britain,british_military_administration,British Military Administration,unknown,2,,0,0,0,1,0,0,142
kingdom_of_great_britain,Kingdom of Great Britain,canada,Canada,unknown,2,,0,0,0,1,0,0,181
texas_republic,Republic of Texas,british_military_administration,British Military Administration,unknown,2,,0,0,0,1,0,0,97
texas_republic,Republic of Texas,canada,Canada,unknown,2,,0,0,0,1,0,0,136
california_republic,California Republic,british_military_administration,British Military Administration,unknown,2,,0,0,0,1,0,0,97
california_republic,California Republic,canada,Canada,unknown,2,,0,0,0,1,0,0,136
british_raj,British Raj,confederate_states,Confederate States of America,unknown,2,,0,0,0,1,0,0,-86
british_raj,British Raj,dominion_of_canada,Dominion of Canada,unknown,2,,0,0,0,1,0,0,-80
british_raj,British Raj,hawaii_republic,Republic of Hawaiʻi,unknown,2,,0,0,0,1,0,0,-53
confederate_states,Confederate States of America,british_military_administration,British Military Administration,unknown,2,,0,0,0,1,0,0,78
confederate_states,Confederate States of America,canada,Canada,unknown,2,,0,0,0,1,0,0,117
dominion_of_canada,Dominion of Canada,hawaii_republic,Republic of Hawaiʻi,unknown,2,,0,0,0,1,0,0,-88
hawaii_republic,Republic of Hawaiʻi,canada,Canada,unknown,2,,0,0,0,1,0,0,84
celtic_la_tene_migration,Celtic La Tène Migration,celtic_gauls,Cisalpine Celtic Gauls,unknown,2,,0,0,0,1,0,0,-178
emirate_of_sicily,Emirate of Sicily,arab_emirate_of_bari,Arab Emirate of Bari,unknown,2,,0,0,0,1,0,0,-225
countyduchy_of_savoy,County and Duchy of Savoy,kingdom_of_sardinia,Kingdom of Sardinia,unknown,2,,0,0,0,1,0,0,-396
giudicati_of_sardinia,Giudicati of Sardinia,giudicati_torres,Giudicato of Torres,unknown,2,,0,0,0,1,0,0,-520
byzantine_empire,Byzantine Empire,seljuk_rum,Sultanate of Rum,contraction,1,anatolia,1,0,0,0,0,0,-376
byzantine_empire,Byzantine Empire,aq_qoyunlu,Aq Qoyunlu (White Sheep Turkmen),contraction,1,anatolia,1,0,0,0,0,0,-75
roman_republic,Roman Republic,dacian_kingdom,Dacian Kingdom,contraction,1,balkans,1,0,0,0,0,0,-55
byzantine_empire,Byzantine Empire,croatian_kingdom,Croatian Kingdom,contraction,1,balkans,1,0,0,0,0,0,-528
byzantine_empire,Byzantine Empire,bosnian_kingdom,Bosnian Kingdom,contraction,1,balkans,1,0,0,0,0,0,-76
latin_empire,Latin Empire,principality_of_moldavia,Principality of Moldavia,contraction,1,balkans,1,0,0,0,0,0,85
latin_empire,Latin Empire,serbian_despotate,Serbian Despotate,contraction,1,balkans,1,0,0,0,0,0,141
ottoman_empire,Ottoman Empire,principality_of_moldavia,Principality of Moldavia,contraction,1,balkans,1,0,0,0,0,0,-576
ottoman_empire,Ottoman Empire,bosnian_kingdom,Bosnian Kingdom,contraction,1,balkans,1,0,0,0,0,0,-545
ottoman_empire,Ottoman Empire,serbian_despotate,Serbian Despotate,contraction,1,balkans,1,0,0,0,0,0,-520
ottoman_empire,Ottoman Empire,kingdom_of_greece,Kingdom of Greece,contraction,1,balkans,1,0,0,0,0,0,-90
khazar_khaganate,Khazar Khaganate,bagratid_armenia,Bagratid Armenia,contraction,1,caucasus,1,0,0,0,0,0,-84
ottoman_empire,Ottoman Empire,safavid_empire,Safavid Empire,contraction,1,caucasus,1,0,0,0,0,0,-421
ottoman_empire,Ottoman Empire,russian_empire,Russian Empire,contraction,1,caucasus,1,0,0,0,0,0,-201
goktürk_khaganate,Göktürk Khaganate,tibetan_empire,Tibetan Empire,contraction,1,central_asian_steppe,1,0,0,0,0,0,-126
avar_khaganate,Avar Khaganate,tibetan_empire,Tibetan Empire,contraction,1,central_asian_steppe,1,0,0,0,0,0,-186
kara_khanid_khanate,Kara-Khanid Khanate,western_xia,Western Xia (Tangut Empire),contraction,1,central_asian_steppe,1,0,0,0,0,0,-174
qara_khitai,Qara Khitai (Western Liao),moghulistan,Moghulistan Khanate,contraction,1,central_asian_steppe,1,0,0,0,0,0,129
mongol_empire,Mongol Empire,kazakh_khanate,Kazakh Khanate,contraction,1,central_asian_steppe,1,0,0,0,0,0,97
mongol_empire,Mongol Empire,yarkand_khanate,Yarkand Khanate,contraction,1,central_asian_steppe,1,0,0,0,0,0,146
chagatai_khanate,Chagatai Khanate,kazakh_khanate,Kazakh Khanate,contraction,1,central_asian_steppe,1,0,0,0,0,0,118
mughal_empire,Mughal Empire,maratha_empire,Maratha Empire,contraction,1,deccan,1,0,0,0,0,0,-183
ottoman_empire,Ottoman Empire,kingdom_of_egypt,Kingdom of Egypt,contraction,1,egypt,1,0,0,0,0,0,-117
abbasid_caliphate,Abbasid Caliphate,aq_qoyunlu,Aq Qoyunlu (White Sheep Turkmen),contraction,1,iran_plateau,1,0,0,0,0,0,120
kushan_empire,Kushan Empire,sassanid_empire,Sassanid Empire,contraction,1,khorasan,1,0,0,0,0,0,-151
durrani_empire,Durrani Empire,pahlavi_dynasty,Pahlavi Dynasty,contraction,1,khorasan,1,0,0,0,0,0,99
grand_duchy_of_lithuania,Grand Duchy of Lithuania,grand_duchy_moscow,Grand Duchy of Moscow,contraction,1,kievan_rus,1,0,0,0,0,0,-286
golden_horde,Golden Horde,grand_duchy_moscow,Grand Duchy of Moscow,contraction,1,kievan_rus,1,0,0,0,0,0,-219
goguryeo,Goguryeo,baekje,Baekje,contraction,1,korean_peninsula,1,0,0,0,0,0,-686
new_kingdom_egypt,New Kingdom Egypt,mitanni_empire,Mitanni Empire,contraction,1,levant,1,0,0,0,0,0,-430
new_kingdom_egypt,New Kingdom Egypt,phoenician_states,"Phoenician City-States (Tyre, Sidon, Byblos)",contraction,1,levant,1,0,0,0,0,0,-130
new_kingdom_egypt,New Kingdom Egypt,kingdom_of_judah,Kingdom of Judah,contraction,1,levant,1,0,0,0,0,0,140
mitanni_empire,Mitanni Empire,phoenician_states,"Phoenician City-States (Tyre, Sidon, Byblos)",contraction,1,levant,1,0,0,0,0,0,100
seleucid_empire,Seleucid Empire,hasmonean_dynasty,Hasmonean Dynasty,contraction,1,levant,1,0,0,0,0,0,-77
ptolemaic_egypt,Ptolemaic Kingdom,hasmonean_dynasty,Hasmonean Dynasty,contraction,1,levant,1,0,0,0,0,0,-110
abbasid_caliphate,Abbasid Caliphate,kingdom_of_jerusalem,Kingdom of Jerusalem,contraction,1,levant,1,0,0,0,0,0,-159
fatimid_caliphate,Fatimid Caliphate,kingdom_of_jerusalem,Kingdom of Jerusalem,contraction,1,levant,1,0,0,0,0,0,-72
ikhshidid_dynasty,Ikhshidid Dynasty,kingdom_of_jerusalem,Kingdom of Jerusalem,contraction,1,levant,1,0,0,0,0,0,130
parthian_empire,Parthian Empire (Arsacid),lakhmid_kingdom,Lakhmid Kingdom,contraction,1,mesopotamia,1,0,0,0,0,0,76
sassanid_empire,Sassanid Empire,lakhmid_kingdom,Lakhmid Kingdom,contraction,1,mesopotamia,1,0,0,0,0,0,-351
roman_republic,Roman Republic,numidia,Kingdom of Numidia,contraction,1,north_africa,1,0,0,0,0,0,-175
byzantine_empire,Byzantine Empire,rustamid_dynasty,Rustamid Dynasty,contraction,1,north_africa,1,0,0,0,0,0,-677
byzantine_empire,Byzantine Empire,idrisid_dynasty,Idrisid Dynasty,contraction,1,north_africa,1,0,0,0,0,0,-665
byzantine_empire,Byzantine Empire,aghlabid_dynasty,Aghlabid Dynasty,contraction,1,north_africa,1,0,0,0,0,0,-653
ottoman_empire,Ottoman Empire,saadian_dynasty,Saadian Dynasty,contraction,1,north_africa,1,0,0,0,0,0,-373
ottoman_empire,Ottoman Empire,alawite_dynasty,Alawite Dynasty (Morocco),contraction,1,north_africa,1,0,0,0,0,0,-291
golden_horde,Golden Horde,kazan_khanate,Kazan Khanate,contraction,1,pontic_steppe,1,0,0,0,0,0,-64
golden_horde,Golden Horde,crimean_khanate,Crimean Khanate,contraction,1,pontic_steppe,1,0,0,0,0,0,-61
golden_horde,Golden Horde,cossack_hetmanate,Cossack Hetmanate,contraction,1,pontic_steppe,1,0,0,0,0,0,147
mughal_empire,Mughal Empire,sikh_empire,Sikh Empire,contraction,1,punjab,1,0,0,0,0,0,-58
goktürk_khaganate,Göktürk Khaganate,samanid_empire,Samanid Empire,contraction,1,transoxiana,1,0,0,0,0,0,75
abbasid_caliphate,Abbasid Caliphate,kara_khanid_khanate,Kara-Khanid Khanate,contraction,1,transoxiana,1,0,0,0,0,0,-418
ghaznavid_empire,Ghaznavid Empire,qara_khitai,Qara Khitai (Western Liao),contraction,1,transoxiana,1,0,0,0,0,0,-62
seljuk_empire,Seljuk Empire,qara_khitai,Qara Khitai (Western Liao),contraction,1,transoxiana,1,0,0,0,0,0,-70
mongol_empire,Mongol Empire,khanate_of_bukhara,Khanate of Bukhara,contraction,1,transoxiana,1,0,0,0,0,0,132
mongol_empire,Mongol Empire,khanate_of_khiva,Khanate of Khiva,contraction,1,transoxiana,1,0,0,0,0,0,143
liao_dynasty,Liao Dynasty (Khitan),five_dynasties,Five Dynasties (North China),contraction,1,yellow_river,1,0,0,0,0,0,-218
rashidun_caliphate,Rashidun Caliphate,saffarid_dynasty,Saffarid Dynasty,contraction,1,,0,0,0,0,1,0,200
seljuk_rum,Sultanate of Rum,latin_empire,Latin Empire,expansion,1,anatolia,1,0,0,0,0,0,-103
latin_empire,Latin Empire,aq_qoyunlu,Aq Qoyunlu (White Sheep Turkmen),expansion,1,anatolia,1,0,0,0,0,0,117
ifat_sultanate,Ifat Sultanate,ottoman_empire,Ottoman Empire,expansion,1,arabia,1,0,0,0,0,0,-116
ajuran_sultanate,Ajuran Sultanate,ottoman_empire,Ottoman Empire,expansion,1,arabia,1,0,0,0,0,0,-401
adal_sultanate,Adal Sultanate,ottoman_empire,Ottoman Empire,expansion,1,arabia,1,0,0,0,0,0,-278
dacian_kingdom,Dacian Kingdom,roman_empire,Roman Empire,expansion,1,balkans,1,0,0,0,0,0,-133
second_bulgarian_empire,Second Bulgarian Empire,latin_empire,Latin Empire,expansion,1,balkans,1,0,0,0,0,0,-192
second_bulgarian_empire,Second Bulgarian Empire,ottoman_empire,Ottoman Empire,expansion,1,balkans,1,0,0,0,0,0,-97
serbian_empire,Serbian Empire (Nemanjić Dynasty),latin_empire,Latin Empire,expansion,1,balkans,1,0,0,0,0,0,-185
serbian_empire,Serbian Empire (Nemanjić Dynasty),ottoman_empire,Ottoman Empire,expansion,1,balkans,1,0,0,0,0,0,-90
principality_of_wallachia,Principality of Wallachia,ottoman_empire,Ottoman Empire,expansion,1,balkans,1,0,0,0,0,0,-560
tibetan_empire,Tibetan Empire,uyghur_khaganate,Uyghur Khaganate,expansion,1,central_asian_steppe,1,0,0,0,0,0,-98
vijayanagara_empire,Vijayanagara Empire,mughal_empire,Mughal Empire,expansion,1,deccan,1,0,0,0,0,0,-120
mysore_kingdom,Mysore Kingdom,mughal_empire,Mughal Empire,expansion,1,deccan,1,0,0,0,0,0,-273
mysore_kingdom,Mysore Kingdom,british_raj,British Raj,expansion,1,deccan,1,0,0,0,0,0,59
hyderabad_state,Nizam of Hyderabad,british_raj,British Raj,expansion,1,deccan,1,0,0,0,0,0,-90
shunga_dynasty,Shunga Dynasty,kushan_empire,Kushan Empire,expansion,1,ganges_plain,1,0,0,0,0,0,103
kamarupa_kingdom,Kamarupa Kingdom,delhi_sultanate,Delhi Sultanate,expansion,1,ganges_plain,1,0,0,0,0,0,66
pala_empire,Pala Empire,ghorid_dynasty,Ghorid Sultanate,expansion,1,ganges_plain,1,0,0,0,0,0,-52
sena_dynasty,Sena Dynasty,ghorid_dynasty,Ghorid Sultanate,expansion,1,ganges_plain,1,0,0,0,0,0,-82
gajapati_dynasty,Gajapati Dynasty (Odisha),ghorid_dynasty,Ghorid Sultanate,expansion,1,ganges_plain,1,0,0,0,0,0,-393
gajapati_dynasty,Gajapati Dynasty (Odisha),delhi_sultanate,Delhi Sultanate,expansion,1,ganges_plain,1,0,0,0,0,0,-335
kingdom_of_hungary,Kingdom of Hungary,ottoman_empire,Ottoman Empire,expansion,1,hungary,1,0,0,0,0,0,-227
habsburg_monarchy,Habsburg Monarchy,ottoman_empire,Ottoman Empire,expansion,1,hungary,1,0,0,0,0,0,-619
al_andalus,Al-Andalus,umayyad_caliphate,Umayyad Caliphate,expansion,1,iberia,1,0,0,0,0,0,-831
gupta_empire,Gupta Empire,hephthalite_empire,Hephthalite Empire,expansion,1,indus_valley,1,0,0,0,0,0,-110
elam,Kingdom of Elam,median_kingdom,Median Kingdom,expansion,1,iran_plateau,1,0,0,0,0,0,-139
lombard_kingdom,Kingdom of the Lombards,carolingian_empire,Frankish Kingdom / Carolingian Empire,expansion,1,italy,1,0,0,0,0,0,-288
greco_bactrian_kingdom,Greco-Bactrian Kingdom,parthian_empire,Parthian Empire (Arsacid),expansion,1,khorasan,1,0,0,0,0,0,-122
parthian_empire,Parthian Empire (Arsacid),kushan_empire,Kushan Empire,expansion,1,khorasan,1,0,0,0,0,0,-194
novgorod_republic,Novgorod Republic,golden_horde,Golden Horde,expansion,1,kievan_rus,1,0,0,0,0,0,-236
novgorod_republic,Novgorod Republic,polish_lithuanian_commonwealth,Polish-Lithuanian Commonwealth,expansion,1,kievan_rus,1,0,0,0,0,0,91
galicia_volhynia,Principality of Galicia-Volhynia,golden_horde,Golden Horde,expansion,1,kievan_rus,1,0,0,0,0,0,-107
grand_duchy_of_lithuania,Grand Duchy of Lithuania,golden_horde,Golden Horde,expansion,1,kievan_rus,1,0,0,0,0,0,-327
tsardom_russia,Tsardom of Russia,polish_lithuanian_commonwealth,Polish-Lithuanian Commonwealth,expansion,1,kievan_rus,1,0,0,0,0,0,-152
phoenician_states,"Phoenician City-States (Tyre, Sidon, Byblos)",neo_assyrian_empire,Neo-Assyrian Empire,expansion,1,levant,1,0,0,0,0,0,-579
phoenician_states,"Phoenician City-States (Tyre, Sidon, Byblos)",neo_babylonian,Neo-Babylonian (Chaldean) Empire,expansion,1,levant,1,0,0,0,0,0,-294
phoenician_states,"Phoenician City-States (Tyre, Sidon, Byblos)",achaemenid_empire,Achaemenid Empire,expansion,1,levant,1,0,0,0,0,0,-218
kingdom_of_judah,Kingdom of Judah,neo_assyrian_empire,Neo-Assyrian Empire,expansion,1,levant,1,0,0,0,0,0,-325
kingdom_of_jerusalem,Kingdom of Jerusalem,zangid_atabegate,Zangid Atabegate,expansion,1,levant,1,0,0,0,0,0,-164
kingdom_of_jerusalem,Kingdom of Jerusalem,ayyubid_sultanate,Ayyubid Sultanate,expansion,1,levant,1,0,0,0,0,0,-120
lakhmid_kingdom,Lakhmid Kingdom,umayyad_caliphate,Umayyad Caliphate,expansion,1,mesopotamia,1,0,0,0,0,0,59
lakhmid_kingdom,Lakhmid Kingdom,abbasid_caliphate,Abbasid Caliphate,expansion,1,mesopotamia,1,0,0,0,0,0,148
jalayirid_sultanate,Jalayirid Sultanate,ottoman_empire,Ottoman Empire,expansion,1,mesopotamia,1,0,0,0,0,0,-133
kara_koyunlu,Kara Koyunlu (Black Sheep Turkmen),ottoman_empire,Ottoman Empire,expansion,1,mesopotamia,1,0,0,0,0,0,-169
aq_qoyunlu,Aq Qoyunlu (White Sheep Turkmen),ottoman_empire,Ottoman Empire,expansion,1,mesopotamia,1,0,0,0,0,0,-209
safavid_empire,Safavid Empire,ottoman_empire,Ottoman Empire,expansion,1,mesopotamia,1,0,0,0,0,0,-437
carthage,Carthage (Phoenician City-State),roman_republic,Roman Republic,expansion,1,north_africa,1,0,0,0,0,0,-363
carthage,Carthage (Phoenician City-State),roman_empire,Roman Empire,expansion,1,north_africa,1,0,0,0,0,0,119
vandal_kingdom,Vandal Kingdom of North Africa,byzantine_empire,Byzantine Empire,expansion,1,north_africa,1,0,0,0,0,0,-138
vandal_kingdom,Vandal Kingdom of North Africa,umayyad_caliphate,Umayyad Caliphate,expansion,1,north_africa,1,0,0,0,0,0,128
hafsid_dynasty,Hafsid Dynasty,ottoman_empire,Ottoman Empire,expansion,1,north_africa,1,0,0,0,0,0,-275
marinid_dynasty,Marinid Dynasty,ottoman_empire,Ottoman Empire,expansion,1,north_africa,1,0,0,0,0,0,-166
kingdom_of_prussia,Kingdom of Prussia,russian_empire,Russian Empire,expansion,1,poland,1,0,0,0,0,0,-197
crimean_khanate,Crimean Khanate,russian_empire,Russian Empire,expansion,1,pontic_steppe,1,0,0,0,0,0,-62
crimean_khanate,Crimean Khanate,soviet_union,Soviet Union,expansion,1,pontic_steppe,1,0,0,0,0,0,139
sikh_empire,Sikh Empire,pakistan,Pakistan,expansion,1,punjab,1,0,0,0,0,0,98
sikh_empire,Sikh Empire,republic_of_india,Republic of India,expansion,1,punjab,1,0,0,0,0,0,98
kingdom_of_scotland,Kingdom of Scotland,united_kingdom,United Kingdom of Great Britain and Ireland,expansion,1,scotland,1,0,0,0,0,0,94
goktürk_khaganate,Göktürk Khaganate,umayyad_caliphate,Umayyad Caliphate,expansion,1,transoxiana,1,0,0,0,0,0,-83
khanate_of_bukhara,Khanate of Bukhara,russian_empire,Russian Empire,expansion,1,transoxiana,1,0,0,0,0,0,-64
khanate_of_bukhara,Khanate of Bukhara,soviet_union,Soviet Union,expansion,1,transoxiana,1,0,0,0,0,0,137
khanate_of_khiva,Khanate of Khiva,russian_empire,Russian Empire,expansion,1,transoxiana,1,0,0,0,0,0,-199
khanate_of_kokand,Khanate of Kokand,russian_empire,Russian Empire,expansion,1,transoxiana,1,0,0,0,0,0,-155
southern_song,Southern Song Dynasty,mongol_empire,Mongol Empire,expansion,1,yangtze,1,0,0,0,0,0,-73
gujarat_sultanate,Gujarat Sultanate,durrani_empire,Durrani Empire,expansion,1,,0,0,0,0,1,0,174
byzantine_empire,Byzantine Empire,western_roman_empire,Western Roman Empire,same,1,balkans,1,0,0,0,0,0,-1058
first_bulgarian_empire,First Bulgarian Empire,croatian_kingdom,Croatian Kingdom,same,1,balkans,1,0,0,0,0,0,-93
croatian_kingdom,Croatian Kingdom,second_bulgarian_empire,Second Bulgarian Empire,same,1,balkans,1,0,0,0,0,0,83
croatian_kingdom,Croatian Kingdom,serbian_empire,Serbian Empire (Nemanjić Dynasty),same,1,balkans,1,0,0,0,0,0,88
principality_of_wallachia,Principality of Wallachia,bosnian_kingdom,Bosnian Kingdom,same,1,balkans,1,0,0,0,0,0,-482
principality_of_moldavia,Principality of Moldavia,bosnian_kingdom,Bosnian Kingdom,same,1,balkans,1,0,0,0,0,0,-482
bosnian_kingdom,Bosnian Kingdom,serbian_despotate,Serbian Despotate,same,1,balkans,1,0,0,0,0,0,-61
avar_khaganate,Avar Khaganate,uyghur_khaganate,Uyghur Khaganate,same,1,central_asian_steppe,1,0,0,0,0,0,-60
western_xia,Western Xia (Tangut Empire),moghulistan,Moghulistan Khanate,same,1,central_asian_steppe,1,0,0,0,0,0,120
kazakh_khanate,Kazakh Khanate,dzungar_khanate,Dzungar Khanate,same,1,central_asian_steppe,1,0,0,0,0,0,-97
kazakh_khanate,Kazakh Khanate,khoshut_khanate,Khoshut Khanate,same,1,central_asian_steppe,1,0,0,0,0,0,-89
yarkand_khanate,Yarkand Khanate,dzungar_khanate,Dzungar Khanate,same,1,central_asian_steppe,1,0,0,0,0,0,-71
yarkand_khanate,Yarkand Khanate,khoshut_khanate,Khoshut Khanate,same,1,central_asian_steppe,1,0,0,0,0,0,-63
pandya_dynasty,Pandya Dynasty,chola_empire,Chola Empire,same,1,deccan,1,0,0,0,0,0,-1645
pandya_dynasty,Pandya Dynasty,chera_dynasty,Chera Dynasty,same,1,deccan,1,0,0,0,0,0,-1645
chola_empire,Chola Empire,chera_dynasty,Chera Dynasty,same,1,deccan,1,0,0,0,0,0,-1579
chola_empire,Chola Empire,madurai_sultanate,Madurai Sultanate,same,1,deccan,1,0,0,0,0,0,56
chola_empire,Chola Empire,bahmani_sultanate,Bahmani Sultanate,same,1,deccan,1,0,0,0,0,0,68
western_chalukya,Western Chalukya Empire,madurai_sultanate,Madurai Sultanate,same,1,deccan,1,0,0,0,0,0,146
vijayanagara_empire,Vijayanagara Empire,bahmani_sultanate,Bahmani Sultanate,same,1,deccan,1,0,0,0,0,0,-299
vijayanagara_empire,Vijayanagara Empire,hyderabad_state,Nizam of Hyderabad,same,1,deccan,1,0,0,0,0,0,78
bahmani_sultanate,Bahmani Sultanate,mysore_kingdom,Mysore Kingdom,same,1,deccan,1,0,0,0,0,0,-128
bahmani_sultanate,Bahmani Sultanate,maratha_empire,Maratha Empire,same,1,deccan,1,0,0,0,0,0,147
mysore_kingdom,Mysore Kingdom,hyderabad_state,Nizam of Hyderabad,same,1,deccan,1,0,0,0,0,0,-75
maratha_empire,Maratha Empire,hyderabad_state,Nizam of Hyderabad,same,1,deccan,1,0,0,0,0,0,-94
sena_dynasty,Sena Dynasty,bengal_sultanate,Bengal Sultanate,same,1,ganges_plain,1,0,0,0,0,0,122
gajapati_dynasty,Gajapati Dynasty (Odisha),bengal_sultanate,Bengal Sultanate,same,1,ganges_plain,1,0,0,0,0,0,-189
gajapati_dynasty,Gajapati Dynasty (Odisha),malwa_sultanate,Malwa Sultanate,same,1,ganges_plain,1,0,0,0,0,0,-149
gajapati_dynasty,Gajapati Dynasty (Odisha),jaunpur_sultanate,Jaunpur Sultanate,same,1,ganges_plain,1,0,0,0,0,0,-147
indo_scythian_kingdom,Indo-Scythian Kingdom,kushano_sasanian_kingdom,Kushano-Sasanian Kingdom,same,1,indus_valley,1,0,0,0,0,0,-170
indo_scythian_kingdom,Indo-Scythian Kingdom,gupta_empire,Gupta Empire,same,1,indus_valley,1,0,0,0,0,0,-80
indo_parthian_kingdom,Indo-Parthian Kingdom,gupta_empire,Gupta Empire,same,1,indus_valley,1,0,0,0,0,0,94
feudal_japan,Feudal Japan,ryukyu_kingdom,Ryukyu Kingdom,same,1,japanese_archipelago,1,0,0,0,0,0,-174
ryukyu_kingdom,Ryukyu Kingdom,tokugawa_shogunate,Tokugawa Shogunate (Edo Period),same,1,japanese_archipelago,1,0,0,0,0,0,-276
ryukyu_kingdom,Ryukyu Kingdom,modern_japan,Modern Japan (Postwar),same,1,japanese_archipelago,1,0,0,0,0,0,68
sassanid_empire,Sassanid Empire,hephthalite_empire,Hephthalite Empire,same,1,khorasan,1,0,0,0,0,0,-211
golden_horde,Golden Horde,polish_lithuanian_commonwealth,Polish-Lithuanian Commonwealth,same,1,kievan_rus,1,0,0,0,0,0,67
phoenician_states,"Phoenician City-States (Tyre, Sidon, Byblos)",kingdom_of_israel,United Kingdom of Israel,same,1,levant,1,0,0,0,0,0,-715
phoenician_states,"Phoenician City-States (Tyre, Sidon, Byblos)",kingdom_of_judah,Kingdom of Judah,same,1,levant,1,0,0,0,0,0,-598
buyid_dynasty,Buyid Dynasty,zangid_atabegate,Zangid Atabegate,same,1,mesopotamia,1,0,0,0,0,0,65
carthage,Carthage (Phoenician City-State),numidia,Kingdom of Numidia,same,1,north_africa,1,0,0,0,0,0,-56
western_roman_empire,Western Roman Empire,byzantine_empire,Byzantine Empire,same,1,north_africa,1,0,0,0,0,0,-81
aksumite_kingdom,Aksumite Kingdom,makuria_kingdom,Kingdom of Makuria,same,1,nubia,1,0,0,0,0,0,-600
makuria_kingdom,Kingdom of Makuria,zagwe_dynasty,Zagwe Dynasty,same,1,nubia,1,0,0,0,0,0,-464
makuria_kingdom,Kingdom of Makuria,solomonic_dynasty,Ethiopian Empire (Solomonic),same,1,nubia,1,0,0,0,0,0,-94
solomonic_dynasty,Ethiopian Empire (Solomonic),funj_sultanate,Funj Sultanate,same,1,nubia,1,0,0,0,0,0,-470
solomonic_dynasty,Ethiopian Empire (Solomonic),darfur_sultanate,Darfur Sultanate,same,1,nubia,1,0,0,0,0,0,-371
solomonic_dynasty,Ethiopian Empire (Solomonic),mahdist_state,Mahdist State,same,1,nubia,1,0,0,0,0,0,-89
polish_lithuanian_commonwealth,Polish-Lithuanian Commonwealth,kingdom_of_prussia,Kingdom of Prussia,same,1,poland,1,0,0,0,0,0,-94
khazar_khaganate,Khazar Khaganate,kievan_rus,Kievan Rus,same,1,pontic_steppe,1,0,0,0,0,0,-87
kazan_khanate,Kazan Khanate,cossack_hetmanate,Cossack Hetmanate,same,1,pontic_steppe,1,0,0,0,0,0,97
crimean_khanate,Crimean Khanate,cossack_hetmanate,Cossack Hetmanate,same,1,pontic_steppe,1,0,0,0,0,0,-134
pratihara_dynasty,Pratihara Dynasty,ghorid_dynasty,Ghorid Sultanate,same,1,punjab,1,0,0,0,0,0,112
durrani_empire,Durrani Empire,republic_of_india,Republic of India,same,1,punjab,1,0,0,0,0,0,121
kalmar_union,Kalmar Union,kingdom_of_sweden,Kingdom of Sweden,same,1,scandinavia,1,0,0,0,0,0,-553
kalmar_union,Kalmar Union,kingdom_of_denmark,Kingdom of Denmark,same,1,scandinavia,1,0,0,0,0,0,-587
samanid_empire,Samanid Empire,qara_khitai,Qara Khitai (Western Liao),same,1,transoxiana,1,0,0,0,0,0,125
liao_dynasty,Liao Dynasty (Khitan),northern_song,Northern Song Dynasty,same,1,yellow_river,1,0,0,0,0,0,-165
tibetan_empire,Tibetan Empire,western_xia,Western Xia (Tangut Empire),same,1,,0,0,0,0,1,0,196
balhae,Balhae (Bohai),jin_jurchen,Jin Dynasty (Jurchen),same,1,,0,0,0,0,1,0,189
galicia_volhynia,Principality of Galicia-Volhynia,tsardom_russia,Tsardom of Russia,same,1,,0,0,0,0,1,0,198