from_polity_id,from_name,to_polity_id,to_name,territorial_direction,strength,shared_territories,shared_territory_count,same_ethnicity,related_ethnicity,same_language,same_religion,same_civilization,temporal_gap_years,provenance
umayyad_caliphate,Umayyad Caliphate,abbasid_caliphate,Abbasid Caliphate,contraction,15,arabia|egypt|iran_plateau|khorasan|levant|mesopotamia|north_africa|transoxiana,8,1,0,1,0,0,0,stub
rashidun_caliphate,Rashidun Caliphate,umayyad_caliphate,Umayyad Caliphate,expansion,13,arabia|egypt|iran_plateau|levant|mesopotamia,5,1,0,1,1,0,0,stub
roman_empire,Roman Empire,western_roman_empire,Western Roman Empire,contraction,12,balkans|gaul|iberia|italy|north_africa,5,1,0,1,0,0,0,stub
roman_republic,Roman Republic,roman_empire,Roman Empire,expansion,12,balkans|gaul|iberia|italy|north_africa,5,1,0,1,0,0,0,stub
delhi_sultanate,Delhi Sultanate,mughal_empire,Mughal Empire,expansion,11,ganges_plain|indus_valley|punjab,3,1,0,1,1,0,0,stub
republic_of_china,Republic of China,peoples_republic_of_china,People's Republic of China,same,11,manchuria|yangtze|yellow_river,3,1,0,1,1,0,0,stub
russian_empire,Russian Empire,soviet_union,Soviet Union,contraction,10,caucasus|central_asian_steppe|kievan_rus|lithuania|pontic_steppe|transoxiana,6,0,0,1,0,0,5,stub
kushan_empire,Kushan Empire,hephthalite_empire,Hephthalite Empire,contraction,10,indus_valley|khorasan|punjab|transoxiana,4,1,0,1,1,0,65,stub
rashidun_caliphate,Rashidun Caliphate,abbasid_caliphate,Abbasid Caliphate,expansion,10,arabia|egypt|iran_plateau|levant|mesopotamia,5,1,0,1,0,0,89,stub
kingdom_of_great_britain,Kingdom of Great Britain,united_kingdom,United Kingdom of Great Britain and Ireland,expansion,10,britannia|scotland,2,1,0,1,1,0,0,stub
german_empire,German Empire (Deutsches Reich),weimar_republic,Weimar Republic,same,10,germany|prussia,2,1,0,1,1,0,0,stub
achaemenid_empire,Achaemenid Empire,macedonian_empire,Macedonian Empire (Alexander),contraction,9,anatolia|egypt|iran_plateau|khorasan|levant|mesopotamia|transoxiana,7,0,0,0,0,0,-6,stub
macedonian_empire,Macedonian Empire (Alexander),seleucid_empire,Seleucid Empire,contraction,9,anatolia|iran_plateau|levant|mesopotamia,4,1,0,0,1,0,11,stub
maurya_empire,Maurya Empire,shunga_dynasty,Shunga Dynasty,contraction,9,ganges_plain,1,1,0,1,1,0,0,stub
kingdom_of_prussia,Kingdom of Prussia,weimar_republic,Weimar Republic,contraction,9,germany|prussia,2,1,0,1,0,0,0,stub
ilkhanate,Ilkhanate,jalayirid_sultanate,Jalayirid Sultanate,contraction,9,iran_plateau|mesopotamia,2,1,0,1,0,0,0,stub
goguryeo,Goguryeo,unified_silla,Unified Silla,contraction,9,korean_peninsula,1,1,0,1,1,0,0,stub
republic_of_china,Republic of China,manchukuo,Manchukuo,contraction,9,manchuria,1,1,0,1,1,0,0,stub
western_jin,Western Jin Dynasty,eastern_jin,Eastern Jin Dynasty,contraction,9,yangtze,1,1,0,1,1,0,1,stub
northern_song,Northern Song Dynasty,southern_song,Southern Song Dynasty,contraction,9,yangtze,1,1,0,1,1,0,0,stub
roman_kingdom,Roman Kingdom,roman_republic,Roman Republic,expansion,9,italy,1,1,0,1,1,0,0,stub
hotak_dynasty,Hotak Dynasty,durrani_empire,Durrani Empire,expansion,9,khorasan,1,1,0,1,1,0,9,stub
manchukuo,Manchukuo,peoples_republic_of_china,People's Republic of China,expansion,9,manchuria,1,1,0,1,1,0,4,stub
shang_dynasty,Shang Dynasty,zhou_dynasty,Zhou Dynasty,expansion,9,yellow_river,1,1,0,1,1,0,0,stub
cao_wei,Cao Wei,western_jin,Western Jin Dynasty,expansion,9,yellow_river,1,1,0,1,1,0,0,stub
shu_han,Shu Han,western_jin,Western Jin Dynasty,expansion,9,yellow_river,1,1,0,1,1,0,2,stub
ifat_sultanate,Ifat Sultanate,adal_sultanate,Adal Sultanate,same,9,arabia,1,1,0,1,1,0,0,stub
chalukya_dynasty,Chalukya Dynasty (Badami),rashtrakuta_dynasty,Rashtrakuta Dynasty,same,9,deccan,1,1,0,1,1,0,-4,stub
rashtrakuta_dynasty,Rashtrakuta Dynasty,western_chalukya,Western Chalukya Empire,same,9,deccan,1,1,0,1,1,0,-9,stub
tulunid_dynasty,Tulunid Dynasty,ikhshidid_dynasty,Ikhshidid Dynasty,same,9,egypt|levant,2,1,0,1,1,0,30,stub
kingdom_of_egypt,Kingdom of Egypt,republic_of_egypt,Republic of Egypt,same,9,egypt,1,1,0,1,1,0,0,stub
weimar_republic,Weimar Republic,nazi_germany,Nazi Germany (Third Reich),same,9,germany|prussia,2,1,0,1,0,0,0,stub
almoravid_dynasty,Almoravid Dynasty,almohad_caliphate,Almohad Caliphate,same,9,iberia|north_africa,2,1,0,1,1,0,-26,stub
odoacer_kingdom,Kingdom of Odoacer,ostrogothic_kingdom,Ostrogothic Kingdom of Italy,same,9,italy,1,1,0,1,1,0,0,stub
nara_period,Nara Period,heian_period,Heian Period,same,9,japanese_archipelago,1,1,0,1,1,0,0,stub
grand_duchy_moscow,Grand Duchy of Moscow,tsardom_russia,Tsardom of Russia,same,9,kievan_rus,1,1,0,1,1,0,0,stub
silla,Silla,unified_silla,Unified Silla,same,9,korean_peninsula,1,1,0,1,1,0,0,stub
goguryeo,Goguryeo,balhae,Balhae (Bohai),same,9,korean_peninsula|manchuria,2,1,0,1,1,0,30,stub
baekje,Baekje,unified_silla,Unified Silla,same,9,korean_peninsula,1,1,0,1,1,0,8,stub
kingdom_of_israel,United Kingdom of Israel,kingdom_of_judah,Kingdom of Judah,same,9,levant,1,1,0,1,1,0,0,stub
kingdom_of_iraq,Kingdom of Iraq,republic_of_iraq,Republic of Iraq,same,9,mesopotamia,1,1,0,1,1,0,0,stub
idrisid_dynasty,Idrisid Dynasty,zirid_dynasty,Zirid Dynasty,same,9,north_africa,1,1,0,1,1,0,-2,stub
kingdom_of_denmark,Kingdom of Denmark,kingdom_of_sweden,Kingdom of Sweden,same,9,scandinavia,1,1,0,1,1,0,0,stub
zhou_dynasty,Zhou Dynasty,qin_dynasty,Qin Dynasty,same,9,yangtze|yellow_river,2,1,0,1,1,0,35,stub
qin_dynasty,Qin Dynasty,han_dynasty,Han Dynasty,same,9,yangtze|yellow_river,2,1,0,1,0,0,0,stub
eastern_jin,Eastern Jin Dynasty,southern_dynasties,Southern Dynasties,same,9,yangtze,1,1,0,1,1,0,0,stub
sui_dynasty,Sui Dynasty,tang_dynasty,Tang Dynasty,same,9,yangtze|yellow_river,2,1,0,1,0,0,0,stub
hunnic_empire,Hunnic Empire,avar_khaganate,Avar Khaganate,contraction,8,central_asian_steppe|hungary,2,1,0,1,1,0,115,stub
abbasid_caliphate,Abbasid Caliphate,fatimid_caliphate,Fatimid Caliphate,contraction,8,egypt|levant|north_africa,3,1,0,1,0,0,-349,stub
pratihara_dynasty,Pratihara Dynasty,sena_dynasty,Sena Dynasty,contraction,8,ganges_plain,1,1,0,1,1,0,34,stub
pratihara_dynasty,Pratihara Dynasty,gajapati_dynasty,Gajapati Dynasty (Odisha),contraction,8,ganges_plain,1,1,0,1,1,0,42,stub
habsburg_monarchy,Habsburg Monarchy,weimar_republic,Weimar Republic,contraction,8,germany,1,1,0,1,0,0,0,stub
kingdom_of_prussia,Kingdom of Prussia,german_empire,German Empire (Deutsches Reich),contraction,8,germany|prussia,2,1,0,1,0,0,-47,stub
kingdom_of_prussia,Kingdom of Prussia,nazi_germany,Nazi Germany (Third Reich),contraction,8,germany|prussia,2,1,0,1,0,0,15,stub
nazi_germany,Nazi Germany (Third Reich),federal_republic_germany,Federal Republic of Germany,contraction,8,germany,1,1,0,1,0,0,4,stub
nazi_germany,Nazi Germany (Third Reich),east_germany,German Democratic Republic (East Germany),contraction,8,germany,1,1,0,1,0,0,4,stub
ghaznavid_empire,Ghaznavid Empire,delhi_sultanate,Delhi Sultanate,contraction,8,indus_valley|punjab,2,1,0,1,0,0,20,stub
empire_of_japan,Empire of Japan (Meiji),modern_japan,Modern Japan (Postwar),contraction,8,japanese_archipelago,1,1,0,1,0,0,0,stub
macedonian_empire,Macedonian Empire (Alexander),greco_bactrian_kingdom,Greco-Bactrian Kingdom,contraction,8,khorasan|transoxiana,2,1,0,1,1,0,67,stub
soviet_union,Soviet Union,russian_federation,Russian Federation,contraction,8,kievan_rus,1,1,0,1,0,0,0,stub
mongol_empire,Mongol Empire,yuan_dynasty,Yuan Dynasty,contraction,8,manchuria|yangtze|yellow_river,3,1,0,1,0,0,-97,stub
almohad_caliphate,Almohad Caliphate,hafsid_dynasty,Hafsid Dynasty,contraction,8,north_africa,1,1,0,1,1,0,-40,stub
almohad_caliphate,Almohad Caliphate,marinid_dynasty,Marinid Dynasty,contraction,8,north_africa,1,1,0,1,1,0,-25,stub
seljuk_empire,Seljuk Empire,khwarazmian_empire,Khwarazmian Empire,contraction,8,transoxiana,1,1,0,1,0,0,6,stub
han_dynasty,Han Dynasty,eastern_wu,Eastern Wu,contraction,8,yangtze,1,1,0,1,0,0,2,stub
tang_dynasty,Tang Dynasty,ten_kingdoms,Ten Kingdoms (South China),contraction,8,yangtze,1,1,0,1,0,0,0,stub
han_dynasty,Han Dynasty,cao_wei,Cao Wei,contraction,8,yellow_river,1,1,0,1,0,0,0,stub
han_dynasty,Han Dynasty,shu_han,Shu Han,contraction,8,yellow_river,1,1,0,1,0,0,1,stub
tang_dynasty,Tang Dynasty,five_dynasties,Five Dynasties (North China),contraction,8,yellow_river,1,1,0,1,0,0,0,stub
kingdom_of_france,Kingdom of France,angevin_empire,Angevin Empire,expansion,8,aquitaine|gaul,2,1,0,1,1,0,-638,stub
silla,Silla,balhae,Balhae (Bohai),expansion,8,korean_peninsula,1,1,0,1,1,0,30,stub
baekje,Baekje,balhae,Balhae (Bohai),expansion,8,korean_peninsula,1,1,0,1,1,0,38,stub
zirid_dynasty,Zirid Dynasty,almohad_caliphate,Almohad Caliphate,expansion,8,north_africa,1,1,0,1,1,0,-27,stub
pakistan,Pakistan,republic_of_india,Republic of India,expansion,8,punjab,1,1,0,1,0,0,0,stub
eastern_wu,Eastern Wu,western_jin,Western Jin Dynasty,expansion,8,yangtze,1,1,0,1,1,0,-15,stub
ten_kingdoms,Ten Kingdoms (South China),northern_song,Northern Song Dynasty,expansion,8,yangtze,1,1,0,1,1,0,-19,stub
five_dynasties,Five Dynasties (North China),northern_song,Northern Song Dynasty,expansion,8,yellow_river,1,1,0,1,0,0,0,stub
odoacer_kingdom,Kingdom of Odoacer,carolingian_empire,Frankish Kingdom / Carolingian Empire,expansion,8,,0,1,0,1,1,0,-7,stub
principality_of_wallachia,Principality of Wallachia,kingdom_of_romania,Kingdom of Romania,same,8,balkans,1,1,0,1,1,0,22,stub
principality_of_moldavia,Principality of Moldavia,kingdom_of_romania,Kingdom of Romania,same,8,balkans,1,1,0,1,1,0,22,stub
rashtrakuta_dynasty,Rashtrakuta Dynasty,hoysala_dynasty,Hoysala Empire,same,8,deccan,1,1,0,1,1,0,24,stub
german_empire,German Empire (Deutsches Reich),nazi_germany,Nazi Germany (Third Reich),same,8,germany|prussia,2,1,0,1,0,0,15,stub
afsharid_dynasty,Afsharid Dynasty,qajar_dynasty,Qajar Dynasty,same,8,iran_plateau|khorasan,2,1,0,0,1,0,0,stub
qajar_dynasty,Qajar Dynasty,pahlavi_dynasty,Pahlavi Dynasty,same,8,iran_plateau|khorasan,2,1,0,0,1,0,0,stub
pahlavi_dynasty,Pahlavi Dynasty,islamic_republic_iran,Islamic Republic of Iran,same,8,iran_plateau|khorasan,2,1,0,0,1,0,0,stub
ostrogothic_kingdom,Ostrogothic Kingdom of Italy,lombard_kingdom,Kingdom of the Lombards,same,8,italy,1,1,0,1,1,0,15,stub
yamato_period,Yamato Period,nara_period,Nara Period,same,8,japanese_archipelago,1,1,0,1,0,0,0,stub
feudal_japan,Feudal Japan,tokugawa_shogunate,Tokugawa Shogunate (Edo Period),same,8,japanese_archipelago,1,1,0,1,0,0,0,stub
goryeo,Goryeo Dynasty,joseon,Joseon Dynasty,same,8,korean_peninsula,1,1,0,1,0,0,0,stub
zangid_atabegate,Zangid Atabegate,mamluk_sultanate,Mamluk Sultanate,same,8,levant,1,1,0,1,0,0,0,stub
hafsid_dynasty,Hafsid Dynasty,saadian_dynasty,Saadian Dynasty,same,8,north_africa,1,1,0,1,1,0,-25,stub
saadian_dynasty,Saadian Dynasty,alawite_dynasty,Alawite Dynasty (Morocco),same,8,north_africa,1,1,0,1,1,0,-28,stub
zhou_dynasty,Zhou Dynasty,han_dynasty,Han Dynasty,same,8,yangtze|yellow_river,2,1,0,1,0,0,50,stub
han_dynasty,Han Dynasty,western_jin,Western Jin Dynasty,same,8,yangtze|yellow_river,2,1,0,1,0,0,45,stub
eastern_wu,Eastern Wu,eastern_jin,Eastern Jin Dynasty,same,8,yangtze,1,1,0,1,1,0,37,stub
cao_wei,Cao Wei,shu_han,Shu Han,same,8,yellow_river,1,1,0,1,1,0,-44,stub
roman_empire,Roman Empire,byzantine_empire,Byzantine Empire,contraction,7,anatolia|balkans|egypt|levant|north_africa,5,0,0,0,0,0,0,wp:Byzantine_Empire
goktürk_khaganate,Göktürk Khaganate,uyghur_khaganate,Uyghur Khaganate,contraction,7,central_asian_steppe|mongolian_plateau,2,1,0,0,0,0,0,stub
macedonian_empire,Macedonian Empire (Alexander),ptolemaic_egypt,Ptolemaic Kingdom,contraction,7,egypt|levant,2,1,0,0,1,0,18,stub
gupta_empire,Gupta Empire,kamarupa_kingdom,Kamarupa Kingdom,contraction,7,ganges_plain,1,1,0,1,1,0,-200,stub
habsburg_monarchy,Habsburg Monarchy,german_empire,German Empire (Deutsches Reich),contraction,7,germany,1,1,0,1,0,0,-47,stub
habsburg_monarchy,Habsburg Monarchy,nazi_germany,Nazi Germany (Third Reich),contraction,7,germany,1,1,0,1,0,0,15,stub
habsburg_monarchy,Habsburg Monarchy,federal_republic_germany,Federal Republic of Germany,contraction,7,germany,1,1,0,1,0,0,31,stub
habsburg_monarchy,Habsburg Monarchy,east_germany,German Democratic Republic (East Germany),contraction,7,germany,1,1,0,1,0,0,31,stub
kingdom_of_prussia,Kingdom of Prussia,federal_republic_germany,Federal Republic of Germany,contraction,7,germany,1,1,0,1,0,0,31,stub
kingdom_of_prussia,Kingdom of Prussia,east_germany,German Democratic Republic (East Germany),contraction,7,germany,1,1,0,1,0,0,31,stub
german_empire,German Empire (Deutsches Reich),federal_republic_germany,Federal Republic of Germany,contraction,7,germany,1,1,0,1,0,0,31,stub
german_empire,German Empire (Deutsches Reich),east_germany,German Democratic Republic (East Germany),contraction,7,germany,1,1,0,1,0,0,31,stub
weimar_republic,Weimar Republic,federal_republic_germany,Federal Republic of Germany,contraction,7,germany,1,1,0,1,0,0,16,stub
weimar_republic,Weimar Republic,east_germany,German Democratic Republic (East Germany),contraction,7,germany,1,1,0,1,0,0,16,stub
safavid_empire,Safavid Empire,afsharid_dynasty,Afsharid Dynasty,contraction,7,iran_plateau|khorasan,2,1,0,0,0,0,0,stub
safavid_empire,Safavid Empire,zand_dynasty,Zand Dynasty,contraction,7,iran_plateau,1,1,0,1,0,0,15,stub
sassanid_empire,Sassanid Empire,kushano_sasanian_kingdom,Kushano-Sasanian Kingdom,contraction,7,khorasan,1,1,0,1,1,0,-421,stub
balhae,Balhae (Bohai),goryeo,Goryeo Dynasty,contraction,7,korean_peninsula,1,1,0,0,1,0,-8,stub
seleucid_empire,Seleucid Empire,ptolemaic_egypt,Ptolemaic Kingdom,contraction,7,levant,1,1,0,1,1,0,-242,stub
almoravid_dynasty,Almoravid Dynasty,hafsid_dynasty,Hafsid Dynasty,contraction,7,north_africa,1,1,0,1,1,0,82,stub
almoravid_dynasty,Almoravid Dynasty,marinid_dynasty,Marinid Dynasty,contraction,7,north_africa,1,1,0,1,1,0,97,stub
western_jin,Western Jin Dynasty,southern_dynasties,Southern Dynasties,contraction,7,yangtze,1,1,0,1,1,0,104,stub
umayyad_caliphate,Umayyad Caliphate,al_andalus,Al-Andalus,contraction,7,,0,1,0,1,1,0,-39,stub
ghaznavid_empire,Ghaznavid Empire,khwarazmian_empire,Khwarazmian Empire,contraction,7,,0,1,0,1,1,0,14,stub
seljuk_rum,Sultanate of Rum,ottoman_empire,Ottoman Empire,expansion,7,anatolia,1,1,0,0,1,0,-8,wp:Osman_I
nanda_empire,Nanda Empire,maurya_empire,Maurya Empire,expansion,7,ganges_plain,1,1,0,0,1,0,0,stub
kamarupa_kingdom,Kamarupa Kingdom,pratihara_dynasty,Pratihara Dynasty,expansion,7,ganges_plain,1,1,0,1,1,0,-410,stub
malwa_sultanate,Malwa Sultanate,mughal_empire,Mughal Empire,expansion,7,ganges_plain,1,1,0,1,0,0,-36,stub
jaunpur_sultanate,Jaunpur Sultanate,mughal_empire,Mughal Empire,expansion,7,ganges_plain,1,1,0,1,0,0,47,stub
gujarat_sultanate,Gujarat Sultanate,mughal_empire,Mughal Empire,expansion,7,indus_valley,1,1,0,1,0,0,-47,stub
kara_koyunlu,Kara Koyunlu (Black Sheep Turkmen),aq_qoyunlu,Aq Qoyunlu (White Sheep Turkmen),expansion,7,iran_plateau|mesopotamia,2,1,0,1,0,0,-90,stub
zand_dynasty,Zand Dynasty,qajar_dynasty,Qajar Dynasty,expansion,7,iran_plateau,1,1,0,0,1,0,2,stub
silla,Silla,goguryeo,Goguryeo,expansion,7,korean_peninsula,1,1,0,1,1,0,-631,stub
unified_silla,Unified Silla,balhae,Balhae (Bohai),expansion,7,korean_peninsula,1,1,0,1,1,0,-237,stub
idrisid_dynasty,Idrisid Dynasty,almoravid_dynasty,Almoravid Dynasty,expansion,7,north_africa,1,1,0,1,1,0,66,stub
idrisid_dynasty,Idrisid Dynasty,almohad_caliphate,Almohad Caliphate,expansion,7,north_africa,1,1,0,1,1,0,147,stub
zirid_dynasty,Zirid Dynasty,almoravid_dynasty,Almoravid Dynasty,expansion,7,north_africa,1,1,0,1,1,0,-108,stub
kingdom_of_poland,Kingdom of Poland,polish_lithuanian_commonwealth,Polish-Lithuanian Commonwealth,expansion,7,poland,1,1,0,0,1,0,0,stub
northern_dynasties,Northern Dynasties,sui_dynasty,Sui Dynasty,expansion,7,yellow_river,1,1,0,0,1,0,0,stub
second_bulgarian_empire,Second Bulgarian Empire,serbian_empire,Serbian Empire (Nemanjić Dynasty),same,7,balkans,1,1,0,1,1,0,-206,stub
second_bulgarian_empire,Second Bulgarian Empire,bosnian_kingdom,Bosnian Kingdom,same,7,balkans,1,1,0,1,0,0,-19,stub
serbian_empire,Serbian Empire (Nemanjić Dynasty),bosnian_kingdom,Bosnian Kingdom,same,7,balkans,1,1,0,1,0,0,-12,stub
principality_of_wallachia,Principality of Wallachia,principality_of_moldavia,Principality of Moldavia,same,7,balkans,1,1,0,1,1,0,-513,stub
dzungar_khanate,Dzungar Khanate,khoshut_khanate,Khoshut Khanate,same,7,central_asian_steppe,1,1,0,1,1,0,-113,stub
pandya_dynasty,Pandya Dynasty,pallava_dynasty,Pallava Dynasty,same,7,deccan,1,1,0,1,1,0,-1070,stub
pandya_dynasty,Pandya Dynasty,vijayanagara_empire,Vijayanagara Empire,same,7,deccan,1,1,0,0,1,0,-9,stub
chola_empire,Chola Empire,pallava_dynasty,Pallava Dynasty,same,7,deccan,1,1,0,1,1,0,-1004,stub
chera_dynasty,Chera Dynasty,pallava_dynasty,Pallava Dynasty,same,7,deccan,1,1,0,1,1,0,-827,stub
western_chalukya,Western Chalukya Empire,hoysala_dynasty,Hoysala Empire,same,7,deccan,1,1,0,1,1,0,-183,stub
hoysala_dynasty,Hoysala Empire,vijayanagara_empire,Vijayanagara Empire,same,7,deccan,1,1,0,0,1,0,-10,stub
vijayanagara_empire,Vijayanagara Empire,mysore_kingdom,Mysore Kingdom,same,7,deccan,1,1,0,1,1,0,-247,stub
ayyubid_sultanate,Ayyubid Sultanate,mamluk_sultanate,Mamluk Sultanate,same,7,egypt|levant,2,0,0,1,1,0,-10,stub
kamarupa_kingdom,Kamarupa Kingdom,sena_dynasty,Sena Dynasty,same,7,ganges_plain,1,1,0,1,1,0,-70,stub
kamarupa_kingdom,Kamarupa Kingdom,gajapati_dynasty,Gajapati Dynasty (Odisha),same,7,ganges_plain,1,1,0,1,1,0,-62,stub
sena_dynasty,Sena Dynasty,gajapati_dynasty,Gajapati Dynasty (Odisha),same,7,ganges_plain,1,1,0,1,1,0,-152,stub
malwa_sultanate,Malwa Sultanate,jaunpur_sultanate,Jaunpur Sultanate,same,7,ganges_plain,1,1,0,1,1,0,-168,stub
odoacer_kingdom,Kingdom of Odoacer,lombard_kingdom,Kingdom of the Lombards,same,7,italy,1,1,0,1,1,0,75,stub
samanid_empire,Samanid Empire,saffarid_dynasty,Saffarid Dynasty,same,7,khorasan,1,1,0,1,1,0,-138,stub
ghaznavid_empire,Ghaznavid Empire,seljuk_empire,Seljuk Empire,same,7,khorasan|transoxiana,2,1,0,1,0,0,-149,stub
novgorod_republic,Novgorod Republic,galicia_volhynia,Principality of Galicia-Volhynia,same,7,kievan_rus,1,1,0,1,1,0,-279,stub
silla,Silla,baekje,Baekje,same,7,korean_peninsula,1,1,0,1,1,0,-686,stub
zirid_dynasty,Zirid Dynasty,hafsid_dynasty,Hafsid Dynasty,same,7,north_africa,1,1,0,1,1,0,81,stub
zirid_dynasty,Zirid Dynasty,marinid_dynasty,Marinid Dynasty,same,7,north_africa,1,1,0,1,1,0,96,stub
hafsid_dynasty,Hafsid Dynasty,marinid_dynasty,Marinid Dynasty,same,7,north_africa,1,1,0,1,1,0,-330,stub
hafsid_dynasty,Hafsid Dynasty,alawite_dynasty,Alawite Dynasty (Morocco),same,7,north_africa,1,1,0,1,1,0,57,stub
marinid_dynasty,Marinid Dynasty,saadian_dynasty,Saadian Dynasty,same,7,north_africa,1,1,0,1,1,0,84,stub
aksumite_kingdom,Aksumite Kingdom,zagwe_dynasty,Zagwe Dynasty,same,7,nubia,1,1,0,1,0,0,-40,stub
kingdom_of_denmark,Kingdom of Denmark,kalmar_union,Kalmar Union,same,7,scandinavia,1,1,0,0,1,0,0,stub
kingdom_of_sweden,Kingdom of Sweden,kalmar_union,Kalmar Union,same,7,scandinavia,1,1,0,0,1,0,0,stub
khanate_of_bukhara,Khanate of Bukhara,khanate_of_khiva,Khanate of Khiva,same,7,transoxiana,1,1,0,1,1,0,-274,stub
khanate_of_bukhara,Khanate of Bukhara,khanate_of_kokand,Khanate of Kokand,same,7,transoxiana,1,1,0,1,1,0,-76,stub
khanate_of_khiva,Khanate of Khiva,khanate_of_kokand,Khanate of Kokand,same,7,transoxiana,1,1,0,1,1,0,-211,stub
eastern_wu,Eastern Wu,southern_dynasties,Southern Dynasties,same,7,yangtze,1,1,0,1,1,0,140,stub
tang_dynasty,Tang Dynasty,northern_song,Northern Song Dynasty,same,7,yangtze|yellow_river,2,1,0,1,0,0,53,stub
ten_kingdoms,Ten Kingdoms (South China),southern_song,Southern Song Dynasty,same,7,yangtze,1,1,0,1,1,0,148,stub
north_korea,Democratic People's Republic of Korea (North Korea),south_korea,Republic of Korea (South Korea),same,7,,0,1,0,1,0,0,0,stub
ottoman_empire,Ottoman Empire,republic_of_turkey,Republic of Turkey,contraction,6,anatolia,1,1,0,0,0,0,1,stub
chagatai_khanate,Chagatai Khanate,moghulistan,Moghulistan Khanate,contraction,6,central_asian_steppe,1,1,0,0,0,0,0,stub
mughal_empire,Mughal Empire,hyderabad_state,Nizam of Hyderabad,contraction,6,deccan,1,1,0,1,0,0,-133,stub
fatimid_caliphate,Fatimid Caliphate,ayyubid_sultanate,Ayyubid Sultanate,contraction,6,egypt|levant,2,0,0,1,0,0,0,stub
gupta_empire,Gupta Empire,harsha_empire,Harsha Empire,contraction,6,ganges_plain,1,1,0,1,0,0,56,stub
delhi_sultanate,Delhi Sultanate,malwa_sultanate,Malwa Sultanate,contraction,6,ganges_plain,1,1,0,1,0,0,-134,stub
delhi_sultanate,Delhi Sultanate,jaunpur_sultanate,Jaunpur Sultanate,contraction,6,ganges_plain,1,1,0,1,0,0,-132,stub
western_roman_empire,Western Roman Empire,carolingian_empire,Frankish Kingdom / Carolingian Empire,contraction,6,gaul,1,0,0,1,1,0,10,stub
delhi_sultanate,Delhi Sultanate,gujarat_sultanate,Gujarat Sultanate,contraction,6,indus_valley,1,1,0,1,0,0,-119,stub
mongol_empire,Mongol Empire,ilkhanate,Ilkhanate,contraction,6,iran_plateau|khorasan|mesopotamia,3,1,0,0,0,0,-112,stub
mongol_empire,Mongol Empire,jalayirid_sultanate,Jalayirid Sultanate,contraction,6,iran_plateau|mesopotamia,2,1,0,0,0,0,-33,stub
ilkhanate,Ilkhanate,timurid_empire,Timurid Empire,contraction,6,iran_plateau|khorasan,2,0,0,1,1,0,35,stub
afsharid_dynasty,Afsharid Dynasty,zand_dynasty,Zand Dynasty,contraction,6,iran_plateau,1,1,0,0,1,0,-45,stub
western_roman_empire,Western Roman Empire,odoacer_kingdom,Kingdom of Odoacer,contraction,6,italy,1,0,0,1,1,0,0,stub
ghaznavid_empire,Ghaznavid Empire,ghorid_dynasty,Ghorid Sultanate,contraction,6,khorasan|punjab,2,0,0,1,1,0,-38,stub
kievan_rus,Kievan Rus,galicia_volhynia,Principality of Galicia-Volhynia,contraction,6,kievan_rus,1,1,0,0,1,0,-41,stub
mongol_empire,Mongol Empire,north_yuan,North Yuan,contraction,6,mongolian_plateau,1,1,0,0,0,0,0,stub
kara_khanid_khanate,Kara-Khanid Khanate,khwarazmian_empire,Khwarazmian Empire,contraction,6,transoxiana,1,1,0,0,1,0,-12,stub
timurid_empire,Timurid Empire,khanate_of_bukhara,Khanate of Bukhara,contraction,6,transoxiana,1,1,0,0,0,0,-7,stub
timurid_empire,Timurid Empire,khanate_of_khiva,Khanate of Khiva,contraction,6,transoxiana,1,1,0,0,0,0,4,stub
han_dynasty,Han Dynasty,eastern_jin,Eastern Jin Dynasty,contraction,6,yangtze,1,1,0,1,0,0,97,stub
western_jin,Western Jin Dynasty,northern_dynasties,Northern Dynasties,contraction,6,yellow_river,1,1,0,1,0,0,70,stub
seljuk_empire,Seljuk Empire,timurid_empire,Timurid Empire,contraction,6,,0,1,0,1,1,0,176,stub
carolingian_empire,Frankish Kingdom / Carolingian Empire,ostrogothic_kingdom,Ostrogothic Kingdom of Italy,contraction,6,,0,1,0,1,1,0,-350,stub
carolingian_empire,Frankish Kingdom / Carolingian Empire,lombard_kingdom,Kingdom of the Lombards,contraction,6,,0,1,0,1,1,0,-275,stub
kingdom_of_england,Kingdom of England,kingdom_of_great_britain,Kingdom of Great Britain,expansion,6,britannia,1,1,0,0,0,0,0,stub
madurai_sultanate,Madurai Sultanate,mughal_empire,Mughal Empire,expansion,6,deccan,1,1,0,1,0,0,148,stub
bahmani_sultanate,Bahmani Sultanate,mughal_empire,Mughal Empire,expansion,6,deccan,1,1,0,0,0,0,-1,stub
tulunid_dynasty,Tulunid Dynasty,fatimid_caliphate,Fatimid Caliphate,expansion,6,egypt|levant,2,0,0,1,0,0,4,stub
harsha_empire,Harsha Empire,pratihara_dynasty,Pratihara Dynasty,expansion,6,ganges_plain,1,1,0,1,0,0,83,stub
parthian_empire,Parthian Empire (Arsacid),sassanid_empire,Sassanid Empire,expansion,6,iran_plateau|khorasan|mesopotamia,3,0,0,0,1,0,0,stub
timurid_empire,Timurid Empire,safavid_empire,Safavid Empire,expansion,6,iran_plateau|khorasan,2,0,0,1,0,0,-6,stub
tokugawa_shogunate,Tokugawa Shogunate (Edo Period),empire_of_japan,Empire of Japan (Meiji),expansion,6,japanese_archipelago,1,1,0,0,0,0,0,stub
samanid_empire,Samanid Empire,ghaznavid_empire,Ghaznavid Empire,expansion,6,khorasan|transoxiana,2,0,0,1,1,0,-22,stub
tsardom_russia,Tsardom of Russia,russian_empire,Russian Empire,expansion,6,kievan_rus,1,0,0,1,1,0,0,stub
cossack_hetmanate,Cossack Hetmanate,russian_empire,Russian Empire,expansion,6,pontic_steppe,1,1,0,0,1,0,-43,stub
teutonic_order,Teutonic Order (Monastic State),kingdom_of_prussia,Kingdom of Prussia,expansion,6,prussia,1,1,0,1,0,0,176,stub
khwarazmian_empire,Khwarazmian Empire,timurid_empire,Timurid Empire,expansion,6,transoxiana,1,1,0,1,0,0,150,stub
southern_dynasties,Southern Dynasties,sui_dynasty,Sui Dynasty,expansion,6,yangtze,1,1,0,0,0,0,-8,stub
gupta_empire,Gupta Empire,pratihara_dynasty,Pratihara Dynasty,expansion,6,,0,1,0,1,1,0,180,stub
baekje,Baekje,goguryeo,Goguryeo,expansion,6,,0,1,0,1,1,0,-623,stub
holy_roman_empire,Holy Roman Empire,habsburg_monarchy,Habsburg Monarchy,same,6,bohemia|germany,2,1,0,0,1,0,-368,stub
uyghur_khaganate,Uyghur Khaganate,kara_khanid_khanate,Kara-Khanid Khanate,same,6,central_asian_steppe,1,1,0,0,0,0,0,stub
chera_dynasty,Chera Dynasty,kakatiya_dynasty,Kakatiya Dynasty,same,6,deccan,1,1,0,0,1,0,-19,stub
kadamba_dynasty,Kadamba Dynasty,chalukya_dynasty,Chalukya Dynasty (Badami),same,6,deccan,1,1,0,0,1,0,18,stub
kakatiya_dynasty,Kakatiya Dynasty,vijayanagara_empire,Vijayanagara Empire,same,6,deccan,1,1,0,0,1,0,13,stub
madurai_sultanate,Madurai Sultanate,bahmani_sultanate,Bahmani Sultanate,same,6,deccan,1,1,0,0,1,0,-31,stub
mughal_empire,Mughal Empire,british_raj,British Raj,same,6,deccan|ganges_plain|indus_valley|punjab,4,0,0,0,0,0,1,stub
kamarupa_kingdom,Kamarupa Kingdom,harsha_empire,Harsha Empire,same,6,ganges_plain,1,1,0,1,0,0,-534,stub
ghorid_dynasty,Ghorid Sultanate,delhi_sultanate,Delhi Sultanate,same,6,ganges_plain|punjab,2,0,0,1,0,0,-9,stub
habsburg_monarchy,Habsburg Monarchy,kingdom_of_prussia,Kingdom of Prussia,same,6,germany,1,1,0,1,0,0,-217,stub
saffarid_dynasty,Saffarid Dynasty,buyid_dynasty,Buyid Dynasty,same,6,iran_plateau,1,1,0,1,0,0,-69,stub
seljuk_empire,Seljuk Empire,ilkhanate,Ilkhanate,same,6,iran_plateau|khorasan|mesopotamia,3,0,0,1,1,0,62,stub
afsharid_dynasty,Afsharid Dynasty,pahlavi_dynasty,Pahlavi Dynasty,same,6,iran_plateau|khorasan,2,1,0,0,1,0,129,stub
qajar_dynasty,Qajar Dynasty,islamic_republic_iran,Islamic Republic of Iran,same,6,iran_plateau|khorasan,2,1,0,0,1,0,54,stub
yamato_period,Yamato Period,heian_period,Heian Period,same,6,japanese_archipelago,1,1,0,1,0,0,84,stub
heian_period,Heian Period,feudal_japan,Feudal Japan,same,6,japanese_archipelago,1,1,0,0,0,0,0,stub
unified_silla,Unified Silla,goryeo,Goryeo Dynasty,same,6,korean_peninsula,1,1,0,0,1,0,-17,stub
zagwe_dynasty,Zagwe Dynasty,solomonic_dynasty,Ethiopian Empire (Solomonic),same,6,nubia,1,0,0,1,1,0,0,stub
kingdom_of_norway,Kingdom of Norway,kingdom_of_denmark,Kingdom of Denmark,same,6,scandinavia,1,1,0,1,0,0,-444,stub
kingdom_of_norway,Kingdom of Norway,kingdom_of_sweden,Kingdom of Sweden,same,6,scandinavia,1,1,0,1,0,0,-410,stub
cao_wei,Cao Wei,northern_dynasties,Northern Dynasties,same,6,yellow_river,1,1,0,1,0,0,121,stub
shu_han,Shu Han,northern_dynasties,Northern Dynasties,same,6,yellow_river,1,1,0,1,0,0,123,stub
marinid_dynasty,Marinid Dynasty,alawite_dynasty,Alawite Dynasty (Morocco),same,6,,0,1,0,1,1,0,166,stub
chera_dynasty,Chera Dynasty,chola_empire,Chola Empire,same,6,,0,1,0,1,1,0,-1402,stub
chera_dynasty,Chera Dynasty,pandya_dynasty,Pandya Dynasty,same,6,,0,1,0,1,1,0,-1402,stub
chola_empire,Chola Empire,pandya_dynasty,Pandya Dynasty,same,6,,0,1,0,1,1,0,-1579,stub
ikhshidid_dynasty,Ikhshidid Dynasty,zangid_atabegate,Zangid Atabegate,same,6,,0,1,0,1,1,0,158,stub
first_bulgarian_empire,First Bulgarian Empire,second_bulgarian_empire,Second Bulgarian Empire,same,6,,0,1,0,1,1,0,167,stub
first_bulgarian_empire,First Bulgarian Empire,serbian_empire,Serbian Empire (Nemanjić Dynasty),same,6,,0,1,0,1,1,0,172,stub
east_germany,German Democratic Republic (East Germany),federal_republic_germany,Federal Republic of Germany,same,6,,0,1,0,1,0,0,-41,stub
achaemenid_empire,Achaemenid Empire,seleucid_empire,Seleucid Empire,contraction,5,anatolia|iran_plateau|levant|mesopotamia,4,0,0,0,0,0,18,stub
goktürk_khaganate,Göktürk Khaganate,kara_khanid_khanate,Kara-Khanid Khanate,contraction,5,central_asian_steppe|transoxiana,2,1,0,0,0,0,96,stub
mongol_empire,Mongol Empire,chagatai_khanate,Chagatai Khanate,contraction,5,central_asian_steppe|transoxiana,2,1,0,0,0,0,-142,stub
mongol_empire,Mongol Empire,moghulistan,Moghulistan Khanate,contraction,5,central_asian_steppe,1,1,0,0,0,0,-21,stub
british_raj,British Raj,republic_of_india,Republic of India,contraction,5,deccan|ganges_plain|punjab,3,0,0,0,0,0,0,stub
umayyad_caliphate,Umayyad Caliphate,tulunid_dynasty,Tulunid Dynasty,contraction,5,egypt|levant,2,0,0,1,1,0,118,stub
delhi_sultanate,Delhi Sultanate,sur_empire,Sur Empire,contraction,5,ganges_plain|punjab,2,0,0,1,0,0,14,stub
carolingian_empire,Frankish Kingdom / Carolingian Empire,holy_roman_empire,Holy Roman Empire,contraction,5,germany|italy,2,0,0,1,1,0,119,stub
abbasid_caliphate,Abbasid Caliphate,ilkhanate,Ilkhanate,contraction,5,iran_plateau|mesopotamia,2,0,0,0,1,0,-2,stub
mongol_empire,Mongol Empire,timurid_empire,Timurid Empire,contraction,5,iran_plateau|khorasan|transoxiana,3,0,0,0,0,0,2,stub
safavid_empire,Safavid Empire,qajar_dynasty,Qajar Dynasty,contraction,5,iran_plateau|khorasan,2,1,0,0,0,0,60,stub
western_roman_empire,Western Roman Empire,ostrogothic_kingdom,Ostrogothic Kingdom of Italy,contraction,5,italy,1,0,0,1,1,0,17,stub
kievan_rus,Kievan Rus,novgorod_republic,Novgorod Republic,contraction,5,kievan_rus,1,1,0,0,1,0,-104,stub
empire_of_japan,Empire of Japan (Meiji),japanese_korea,Japanese-Occupied Korea,contraction,5,korean_peninsula,1,0,0,1,1,0,-37,stub
abbasid_caliphate,Abbasid Caliphate,mamluk_sultanate,Mamluk Sultanate,contraction,5,levant,1,0,0,1,0,0,-8,stub
mongol_empire,Mongol Empire,ming_dynasty,Ming Dynasty,contraction,5,manchuria|yangtze|yellow_river,3,0,0,0,0,0,0,stub
qing_dynasty,Qing Dynasty (Manchu),republic_of_china,Republic of China,contraction,5,manchuria|yangtze|yellow_river,3,0,0,0,0,0,0,stub
western_roman_empire,Western Roman Empire,vandal_kingdom,Vandal Kingdom of North Africa,contraction,5,north_africa,1,0,0,1,1,0,-47,stub
umayyad_caliphate,Umayyad Caliphate,idrisid_dynasty,Idrisid Dynasty,contraction,5,north_africa,1,0,0,1,1,0,38,stub
umayyad_caliphate,Umayyad Caliphate,aghlabid_dynasty,Aghlabid Dynasty,contraction,5,north_africa,1,0,0,1,1,0,50,stub
almohad_caliphate,Almohad Caliphate,saadian_dynasty,Saadian Dynasty,contraction,5,,0,1,0,1,0,0,280,stub
han_dynasty,Han Dynasty,northern_dynasties,Northern Dynasties,contraction,5,,0,1,0,1,0,0,166,stub
han_dynasty,Han Dynasty,southern_dynasties,Southern Dynasties,contraction,5,,0,1,0,1,0,0,200,stub
sui_dynasty,Sui Dynasty,five_dynasties,Five Dynasties (North China),contraction,5,,0,1,0,1,0,0,289,stub
sui_dynasty,Sui Dynasty,ten_kingdoms,Ten Kingdoms (South China),contraction,5,,0,1,0,1,0,0,289,stub
tang_dynasty,Tang Dynasty,southern_song,Southern Song Dynasty,contraction,5,,0,1,0,1,0,0,220,stub
rashidun_caliphate,Rashidun Caliphate,fatimid_caliphate,Fatimid Caliphate,contraction,5,,0,1,0,1,0,0,248,stub
umayyad_caliphate,Umayyad Caliphate,fatimid_caliphate,Fatimid Caliphate,contraction,5,,0,1,0,1,0,0,159,stub
kara_khanid_khanate,Kara-Khanid Khanate,khanate_of_bukhara,Khanate of Bukhara,contraction,5,,0,1,0,1,0,0,288,stub
kara_khanid_khanate,Kara-Khanid Khanate,khanate_of_khiva,Khanate of Khiva,contraction,5,,0,1,0,1,0,0,299,stub
ghaznavid_empire,Ghaznavid Empire,timurid_empire,Timurid Empire,contraction,5,,0,1,0,1,0,0,184,stub
ghaznavid_empire,Ghaznavid Empire,gujarat_sultanate,Gujarat Sultanate,contraction,5,,0,1,0,1,0,0,221,stub
median_kingdom,Median Kingdom,achaemenid_empire,Achaemenid Empire,expansion,5,caucasus|iran_plateau,2,0,0,0,1,0,0,stub
chagatai_khanate,Chagatai Khanate,golden_horde,Golden Horde,expansion,5,central_asian_steppe,1,1,0,0,1,0,-105,stub
maratha_empire,Maratha Empire,republic_of_india,Republic of India,expansion,5,deccan,1,1,0,0,1,0,129,stub
mamluk_sultanate,Mamluk Sultanate,ottoman_empire,Ottoman Empire,expansion,5,egypt|levant,2,1,0,0,0,0,-218,stub
bengal_sultanate,Bengal Sultanate,mughal_empire,Mughal Empire,expansion,5,ganges_plain,1,1,0,0,0,0,-50,stub
malwa_sultanate,Malwa Sultanate,sur_empire,Sur Empire,expansion,5,ganges_plain,1,0,0,1,1,0,-22,stub
elam,Kingdom of Elam,achaemenid_empire,Achaemenid Empire,expansion,5,iran_plateau,1,1,0,0,0,0,-11,stub
sassanid_empire,Sassanid Empire,umayyad_caliphate,Umayyad Caliphate,expansion,5,iran_plateau|khorasan|mesopotamia,3,0,0,0,0,0,10,stub
saffarid_dynasty,Saffarid Dynasty,seljuk_empire,Seljuk Empire,expansion,5,iran_plateau|khorasan,2,0,0,1,0,0,34,stub
buyid_dynasty,Buyid Dynasty,seljuk_empire,Seljuk Empire,expansion,5,iran_plateau|mesopotamia,2,0,0,1,0,0,-25,stub
seljuk_empire,Seljuk Empire,mongol_empire,Mongol Empire,expansion,5,iran_plateau|khorasan|mesopotamia|transoxiana,4,0,0,0,0,0,12,stub
zand_dynasty,Zand Dynasty,pahlavi_dynasty,Pahlavi Dynasty,expansion,5,iran_plateau,1,1,0,0,1,0,131,stub
samanid_empire,Samanid Empire,seljuk_empire,Seljuk Empire,expansion,5,khorasan|transoxiana,2,0,0,1,0,0,38,stub
saffarid_dynasty,Saffarid Dynasty,ghaznavid_empire,Ghaznavid Empire,expansion,5,khorasan,1,0,0,1,1,0,-26,stub
ming_dynasty,Ming Dynasty,qing_dynasty,Qing Dynasty (Manchu),expansion,5,manchuria|yangtze|yellow_river,3,0,0,0,0,0,0,stub
rustamid_dynasty,Rustamid Dynasty,fatimid_caliphate,Fatimid Caliphate,expansion,5,north_africa,1,0,0,1,0,0,0,stub
aghlabid_dynasty,Aghlabid Dynasty,fatimid_caliphate,Fatimid Caliphate,expansion,5,north_africa,1,0,0,1,0,0,0,stub
kara_khanid_khanate,Kara-Khanid Khanate,ghaznavid_empire,Ghaznavid Empire,expansion,5,transoxiana,1,1,0,0,1,0,-235,stub
southern_dynasties,Southern Dynasties,tang_dynasty,Tang Dynasty,expansion,5,yangtze,1,1,0,0,0,0,29,stub
southern_song,Southern Song Dynasty,ming_dynasty,Ming Dynasty,expansion,5,yangtze,1,1,0,0,1,0,89,stub
northern_dynasties,Northern Dynasties,tang_dynasty,Tang Dynasty,expansion,5,yellow_river,1,1,0,0,0,0,37,stub
tsardom_russia,Tsardom of Russia,soviet_union,Soviet Union,expansion,5,,0,1,0,1,0,0,201,stub
ifat_sultanate,Ifat Sultanate,ajuran_sultanate,Ajuran Sultanate,same,5,arabia,1,1,0,0,1,0,-115,stub
ajuran_sultanate,Ajuran Sultanate,adal_sultanate,Adal Sultanate,same,5,arabia,1,1,0,0,1,0,-285,stub
kazakh_khanate,Kazakh Khanate,yarkand_khanate,Yarkand Khanate,same,5,central_asian_steppe,1,1,0,0,1,0,-217,stub
pandya_dynasty,Pandya Dynasty,satavahana_empire,Satavahana Empire,same,5,deccan,1,1,0,0,1,0,-1575,stub
pandya_dynasty,Pandya Dynasty,kadamba_dynasty,Kadamba Dynasty,same,5,deccan,1,1,0,0,1,0,-1000,stub
pandya_dynasty,Pandya Dynasty,chalukya_dynasty,Chalukya Dynasty (Badami),same,5,deccan,1,1,0,0,1,0,-802,stub
pandya_dynasty,Pandya Dynasty,rashtrakuta_dynasty,Rashtrakuta Dynasty,same,5,deccan,1,1,0,0,1,0,-592,stub
pandya_dynasty,Pandya Dynasty,western_chalukya,Western Chalukya Empire,same,5,deccan,1,1,0,0,1,0,-372,stub
pandya_dynasty,Pandya Dynasty,hoysala_dynasty,Hoysala Empire,same,5,deccan,1,1,0,0,1,0,-339,stub
pandya_dynasty,Pandya Dynasty,kakatiya_dynasty,Kakatiya Dynasty,same,5,deccan,1,1,0,0,1,0,-262,stub
pandya_dynasty,Pandya Dynasty,mysore_kingdom,Mysore Kingdom,same,5,deccan,1,1,0,0,1,0,54,stub
chola_empire,Chola Empire,satavahana_empire,Satavahana Empire,same,5,deccan,1,1,0,0,1,0,-1509,stub
chola_empire,Chola Empire,kadamba_dynasty,Kadamba Dynasty,same,5,deccan,1,1,0,0,1,0,-934,stub
chola_empire,Chola Empire,chalukya_dynasty,Chalukya Dynasty (Badami),same,5,deccan,1,1,0,0,1,0,-736,stub
chola_empire,Chola Empire,rashtrakuta_dynasty,Rashtrakuta Dynasty,same,5,deccan,1,1,0,0,1,0,-526,stub
chola_empire,Chola Empire,western_chalukya,Western Chalukya Empire,same,5,deccan,1,1,0,0,1,0,-306,stub
chola_empire,Chola Empire,hoysala_dynasty,Hoysala Empire,same,5,deccan,1,1,0,0,1,0,-273,stub
chola_empire,Chola Empire,kakatiya_dynasty,Kakatiya Dynasty,same,5,deccan,1,1,0,0,1,0,-196,stub
chola_empire,Chola Empire,vijayanagara_empire,Vijayanagara Empire,same,5,deccan,1,1,0,0,1,0,57,stub
chola_empire,Chola Empire,mysore_kingdom,Mysore Kingdom,same,5,deccan,1,1,0,0,1,0,120,stub
chera_dynasty,Chera Dynasty,satavahana_empire,Satavahana Empire,same,5,deccan,1,1,0,0,1,0,-1332,stub
chera_dynasty,Chera Dynasty,kadamba_dynasty,Kadamba Dynasty,same,5,deccan,1,1,0,0,1,0,-757,stub
chera_dynasty,Chera Dynasty,chalukya_dynasty,Chalukya Dynasty (Badami),same,5,deccan,1,1,0,0,1,0,-559,stub
chera_dynasty,Chera Dynasty,rashtrakuta_dynasty,Rashtrakuta Dynasty,same,5,deccan,1,1,0,0,1,0,-349,stub
chera_dynasty,Chera Dynasty,western_chalukya,Western Chalukya Empire,same,5,deccan,1,1,0,0,1,0,-129,stub
chera_dynasty,Chera Dynasty,hoysala_dynasty,Hoysala Empire,same,5,deccan,1,1,0,0,1,0,-96,stub
satavahana_empire,Satavahana Empire,pallava_dynasty,Pallava Dynasty,same,5,deccan,1,1,0,0,1,0,55,stub
satavahana_empire,Satavahana Empire,kadamba_dynasty,Kadamba Dynasty,same,5,deccan,1,1,0,0,1,0,125,stub
vakataka_dynasty,Vakataka Dynasty,chalukya_dynasty,Chalukya Dynasty (Badami),same,5,deccan,1,0,0,1,1,0,43,stub
pallava_dynasty,Pallava Dynasty,kadamba_dynasty,Kadamba Dynasty,same,5,deccan,1,1,0,0,1,0,-552,stub
pallava_dynasty,Pallava Dynasty,chalukya_dynasty,Chalukya Dynasty (Badami),same,5,deccan,1,1,0,0,1,0,-354,stub
pallava_dynasty,Pallava Dynasty,rashtrakuta_dynasty,Rashtrakuta Dynasty,same,5,deccan,1,1,0,0,1,0,-144,stub
pallava_dynasty,Pallava Dynasty,western_chalukya,Western Chalukya Empire,same,5,deccan,1,1,0,0,1,0,76,stub
pallava_dynasty,Pallava Dynasty,hoysala_dynasty,Hoysala Empire,same,5,deccan,1,1,0,0,1,0,109,stub
rashtrakuta_dynasty,Rashtrakuta Dynasty,kakatiya_dynasty,Kakatiya Dynasty,same,5,deccan,1,1,0,0,1,0,101,stub
western_chalukya,Western Chalukya Empire,kakatiya_dynasty,Kakatiya Dynasty,same,5,deccan,1,1,0,0,1,0,-106,stub
western_chalukya,Western Chalukya Empire,vijayanagara_empire,Vijayanagara Empire,same,5,deccan,1,1,0,0,1,0,147,stub
hoysala_dynasty,Hoysala Empire,kakatiya_dynasty,Kakatiya Dynasty,same,5,deccan,1,1,0,0,1,0,-263,stub
hoysala_dynasty,Hoysala Empire,mysore_kingdom,Mysore Kingdom,same,5,deccan,1,1,0,0,1,0,53,stub
kakatiya_dynasty,Kakatiya Dynasty,mysore_kingdom,Mysore Kingdom,same,5,deccan,1,1,0,0,1,0,76,stub
nanda_empire,Nanda Empire,shunga_dynasty,Shunga Dynasty,same,5,ganges_plain,1,1,0,0,1,0,137,stub
harsha_empire,Harsha Empire,pala_empire,Pala Empire,same,5,ganges_plain,1,1,0,0,1,0,103,stub
bengal_sultanate,Bengal Sultanate,malwa_sultanate,Malwa Sultanate,same,5,ganges_plain,1,1,0,0,1,0,-184,stub
bengal_sultanate,Bengal Sultanate,jaunpur_sultanate,Jaunpur Sultanate,same,5,ganges_plain,1,1,0,0,1,0,-182,stub
indo_scythian_kingdom,Indo-Scythian Kingdom,indo_parthian_kingdom,Indo-Parthian Kingdom,same,5,indus_valley|punjab,2,0,0,1,1,0,-419,stub
indo_greek_kingdom,Indo-Greek Kingdom,indo_parthian_kingdom,Indo-Parthian Kingdom,same,5,indus_valley|punjab,2,0,0,0,1,0,-9,stub
liao_dynasty,Liao Dynasty (Khitan),jin_jurchen,Jin Dynasty (Jurchen),same,5,manchuria|yellow_river,2,0,0,0,1,0,-10,stub
yuan_dynasty,Yuan Dynasty,ming_dynasty,Ming Dynasty,same,5,manchuria|yangtze|yellow_river,3,0,0,0,0,0,0,stub
darfur_sultanate,Darfur Sultanate,mahdist_state,Mahdist State,same,5,nubia,1,0,0,1,1,0,-31,stub
kingdom_of_norway,Kingdom of Norway,kalmar_union,Kalmar Union,same,5,scandinavia,1,1,0,0,0,0,17,stub
sumerian_city_states,"Sumerian City-States (Ur, Uruk, Lagash)",ur_iii,Third Dynasty of Ur (Neo-Sumerian),same,5,,0,1,0,1,0,0,222,stub
idrisid_dynasty,Idrisid Dynasty,hafsid_dynasty,Hafsid Dynasty,same,5,,0,1,0,1,0,0,255,stub
idrisid_dynasty,Idrisid Dynasty,marinid_dynasty,Marinid Dynasty,same,5,,0,1,0,1,0,0,270,stub
kingdom_of_saba,Kingdom of Saba (Sheba),himyarite_kingdom,Himyarite Kingdom,same,5,,0,1,0,1,0,0,165,stub
chalukya_dynasty,Chalukya Dynasty (Badami),western_chalukya,Western Chalukya Empire,same,5,,0,1,0,1,0,0,216,stub
chalukya_dynasty,Chalukya Dynasty (Badami),hoysala_dynasty,Hoysala Empire,same,5,,0,1,0,1,0,0,249,stub
tulunid_dynasty,Tulunid Dynasty,zangid_atabegate,Zangid Atabegate,same,5,,0,1,0,1,0,0,222,stub
ikhshidid_dynasty,Ikhshidid Dynasty,mamluk_sultanate,Mamluk Sultanate,same,5,,0,1,0,1,0,0,281,stub
north_yuan,North Yuan,mongolian_peoples_republic,Mongolian People's Republic,same,5,,0,1,0,1,0,0,289,stub
tsardom_russia,Tsardom of Russia,russian_federation,Russian Federation,same,5,,0,1,0,1,0,0,270,stub
ottoman_empire,Ottoman Empire,aq_qoyunlu,Aq Qoyunlu (White Sheep Turkmen),contraction,4,anatolia,1,1,0,0,0,0,-544,stub
abbasid_caliphate,Abbasid Caliphate,ifat_sultanate,Ifat Sultanate,contraction,4,arabia,1,0,0,1,0,0,27,stub
habsburg_monarchy,Habsburg Monarchy,czechoslovakia,Czechoslovakia,contraction,4,bohemia,1,0,0,0,1,0,0,stub
goktürk_khaganate,Göktürk Khaganate,avar_khaganate,Avar Khaganate,contraction,4,central_asian_steppe,1,0,0,1,1,0,-176,stub
kara_khanid_khanate,Kara-Khanid Khanate,moghulistan,Moghulistan Khanate,contraction,4,central_asian_steppe,1,0,0,1,1,0,135,stub
mongol_empire,Mongol Empire,golden_horde,Golden Horde,contraction,4,central_asian_steppe,1,1,0,0,0,0,-126,stub
golden_horde,Golden Horde,moghulistan,Moghulistan Khanate,contraction,4,central_asian_steppe,1,1,0,0,0,0,-155,stub
golden_horde,Golden Horde,dzungar_khanate,Dzungar Khanate,contraction,4,central_asian_steppe,1,1,0,0,0,0,132,stub
golden_horde,Golden Horde,khoshut_khanate,Khoshut Khanate,contraction,4,central_asian_steppe,1,1,0,0,0,0,140,stub
abbasid_caliphate,Abbasid Caliphate,tulunid_dynasty,Tulunid Dynasty,contraction,4,egypt|levant,2,0,0,1,0,0,-390,stub
abbasid_caliphate,Abbasid Caliphate,ikhshidid_dynasty,Ikhshidid Dynasty,contraction,4,egypt|levant,2,0,0,1,0,0,-323,stub
fatimid_caliphate,Fatimid Caliphate,ikhshidid_dynasty,Ikhshidid Dynasty,contraction,4,egypt|levant,2,0,0,1,0,0,-236,stub
fatimid_caliphate,Fatimid Caliphate,mamluk_sultanate,Mamluk Sultanate,contraction,4,egypt|levant,2,0,0,1,0,0,79,stub
pratihara_dynasty,Pratihara Dynasty,pala_empire,Pala Empire,contraction,4,ganges_plain,1,1,0,0,0,0,-286,stub
delhi_sultanate,Delhi Sultanate,bengal_sultanate,Bengal Sultanate,contraction,4,ganges_plain,1,1,0,0,0,0,-174,stub
mughal_empire,Mughal Empire,sur_empire,Sur Empire,contraction,4,ganges_plain|punjab,2,0,0,1,0,0,-317,stub
holy_roman_empire,Holy Roman Empire,german_empire,German Empire (Deutsches Reich),contraction,4,germany,1,1,0,0,0,0,65,stub
holy_roman_empire,Holy Roman Empire,weimar_republic,Weimar Republic,contraction,4,germany,1,1,0,0,0,0,112,stub
holy_roman_empire,Holy Roman Empire,nazi_germany,Nazi Germany (Third Reich),contraction,4,germany,1,1,0,0,0,0,127,stub
holy_roman_empire,Holy Roman Empire,federal_republic_germany,Federal Republic of Germany,contraction,4,germany,1,1,0,0,0,0,143,stub
holy_roman_empire,Holy Roman Empire,east_germany,German Democratic Republic (East Germany),contraction,4,germany,1,1,0,0,0,0,143,stub
roman_empire,Roman Empire,visigothic_kingdom,Visigothic Kingdom,contraction,4,iberia,1,0,0,1,0,0,23,stub
western_roman_empire,Western Roman Empire,visigothic_kingdom,Visigothic Kingdom,contraction,4,iberia,1,0,0,1,1,0,-58,stub
maurya_empire,Maurya Empire,indo_greek_kingdom,Indo-Greek Kingdom,contraction,4,indus_valley|punjab,2,0,0,0,0,0,5,stub
british_raj,British Raj,pakistan,Pakistan,contraction,4,indus_valley|punjab,2,0,0,0,0,0,0,stub
achaemenid_empire,Achaemenid Empire,parthian_empire,Parthian Empire (Arsacid),contraction,4,iran_plateau|khorasan|mesopotamia,3,0,0,0,1,0,83,stub
seljuk_empire,Seljuk Empire,jalayirid_sultanate,Jalayirid Sultanate,contraction,4,iran_plateau|mesopotamia,2,0,0,1,0,0,141,stub
mongol_empire,Mongol Empire,kara_koyunlu,Kara Koyunlu (Black Sheep Turkmen),contraction,4,iran_plateau|mesopotamia,2,0,0,0,0,0,6,stub
mongol_empire,Mongol Empire,aq_qoyunlu,Aq Qoyunlu (White Sheep Turkmen),contraction,4,iran_plateau|mesopotamia,2,0,0,0,0,0,10,stub
timurid_empire,Timurid Empire,kara_koyunlu,Kara Koyunlu (Black Sheep Turkmen),contraction,4,iran_plateau,1,1,0,0,0,0,-133,stub
western_roman_empire,Western Roman Empire,lombard_kingdom,Kingdom of the Lombards,contraction,4,italy,1,0,0,1,1,0,92,stub
parthian_empire,Parthian Empire (Arsacid),kushano_sasanian_kingdom,Kushano-Sasanian Kingdom,contraction,4,khorasan,1,0,0,0,1,0,6,stub
seljuk_empire,Seljuk Empire,ghorid_dynasty,Ghorid Sultanate,contraction,4,khorasan,1,0,0,1,0,0,-46,stub
neo_assyrian_empire,Neo-Assyrian Empire,neo_babylonian,Neo-Babylonian (Chaldean) Empire,contraction,4,levant|mesopotamia,2,0,0,0,1,0,-17,stub
abbasid_caliphate,Abbasid Caliphate,zangid_atabegate,Zangid Atabegate,contraction,4,levant|mesopotamia,2,0,0,1,0,0,-131,stub
fatimid_caliphate,Fatimid Caliphate,zangid_atabegate,Zangid Atabegate,contraction,4,levant,1,0,0,1,0,0,-44,stub
qing_dynasty,Qing Dynasty (Manchu),peoples_republic_of_china,People's Republic of China,contraction,4,manchuria|yangtze|yellow_river,3,0,0,0,0,0,37,stub
seljuk_empire,Seljuk Empire,zangid_atabegate,Zangid Atabegate,contraction,4,mesopotamia,1,1,0,0,0,0,-67,stub
roman_empire,Roman Empire,vandal_kingdom,Vandal Kingdom of North Africa,contraction,4,north_africa,1,0,0,1,0,0,34,stub
umayyad_caliphate,Umayyad Caliphate,rustamid_dynasty,Rustamid Dynasty,contraction,4,north_africa,1,0,0,1,0,0,26,stub
fatimid_caliphate,Fatimid Caliphate,almohad_caliphate,Almohad Caliphate,contraction,4,north_africa,1,0,0,1,0,0,-50,stub
gupta_empire,Gupta Empire,chalukya_dynasty,Chalukya Dynasty (Badami),displacement,4,,0,0,0,1,0,0,-7,stub
ikhshidid_dynasty,Ikhshidid Dynasty,zirid_dynasty,Zirid Dynasty,displacement,4,,0,0,0,1,0,0,3,stub
zangid_atabegate,Zangid Atabegate,marinid_dynasty,Marinid Dynasty,displacement,4,,0,0,0,1,0,0,-6,stub
darfur_sultanate,Darfur Sultanate,kingdom_of_iraq,Kingdom of Iraq,displacement,4,,0,0,0,1,0,0,5,stub
alawite_dynasty,Alawite Dynasty (Morocco),kingdom_of_egypt,Kingdom of Egypt,displacement,4,,0,0,0,1,0,0,0,stub
alawite_dynasty,Alawite Dynasty (Morocco),mahdist_state,Mahdist State,displacement,4,,0,0,0,1,0,0,0,stub
alawite_dynasty,Alawite Dynasty (Morocco),kingdom_of_iraq,Kingdom of Iraq,displacement,4,,0,0,0,1,0,0,0,stub
alawite_dynasty,Alawite Dynasty (Morocco),saudi_arabia,Kingdom of Saudi Arabia,displacement,4,,0,0,0,1,0,0,0,stub
alawite_dynasty,Alawite Dynasty (Morocco),kingdom_of_jordan,Hashemite Kingdom of Jordan,displacement,4,,0,0,0,1,0,0,0,stub
alawite_dynasty,Alawite Dynasty (Morocco),republic_of_egypt,Republic of Egypt,displacement,4,,0,0,0,1,0,0,0,stub
alawite_dynasty,Alawite Dynasty (Morocco),republic_of_iraq,Republic of Iraq,displacement,4,,0,0,0,1,0,0,0,stub
kingdom_of_egypt,Kingdom of Egypt,kingdom_of_jordan,Hashemite Kingdom of Jordan,displacement,4,,0,0,0,1,0,0,-6,stub
kingdom_of_egypt,Kingdom of Egypt,republic_of_iraq,Republic of Iraq,displacement,4,,0,0,0,1,0,0,6,stub
kingdom_of_iraq,Kingdom of Iraq,republic_of_egypt,Republic of Egypt,displacement,4,,0,0,0,1,0,0,-6,stub
saudi_arabia,Kingdom of Saudi Arabia,kingdom_of_jordan,Hashemite Kingdom of Jordan,displacement,4,,0,0,0,1,0,0,0,stub
saudi_arabia,Kingdom of Saudi Arabia,republic_of_egypt,Republic of Egypt,displacement,4,,0,0,0,1,0,0,0,stub
saudi_arabia,Kingdom of Saudi Arabia,republic_of_iraq,Republic of Iraq,displacement,4,,0,0,0,1,0,0,0,stub
kingdom_of_jordan,Hashemite Kingdom of Jordan,republic_of_egypt,Republic of Egypt,displacement,4,,0,0,0,1,0,0,0,stub
kingdom_of_jordan,Hashemite Kingdom of Jordan,republic_of_iraq,Republic of Iraq,displacement,4,,0,0,0,1,0,0,0,stub
republic_of_egypt,Republic of Egypt,republic_of_iraq,Republic of Iraq,displacement,4,,0,0,0,1,0,0,0,stub
ilkhanate,Ilkhanate,madurai_sultanate,Madurai Sultanate,displacement,4,,0,0,0,1,0,0,0,stub
madurai_sultanate,Madurai Sultanate,timurid_empire,Timurid Empire,displacement,4,,0,0,0,1,0,0,-8,stub
yarkand_khanate,Yarkand Khanate,khanate_of_kokand,Khanate of Kokand,displacement,4,,0,0,0,1,0,0,4,stub
angevin_empire,Angevin Empire,latin_empire,Latin Empire,displacement,4,,0,0,0,1,0,0,0,stub
united_kingdom,United Kingdom of Great Britain and Ireland,british_raj,British Raj,displacement,4,,0,0,0,1,0,0,0,stub
japanese_korea,Japanese-Occupied Korea,modern_japan,Modern Japan (Postwar),displacement,4,,0,0,0,1,0,0,2,stub
neo_assyrian_empire,Neo-Assyrian Empire,achaemenid_empire,Achaemenid Empire,expansion,4,anatolia|egypt|levant|mesopotamia,4,0,0,0,0,0,59,stub
seljuk_rum,Sultanate of Rum,aq_qoyunlu,Aq Qoyunlu (White Sheep Turkmen),expansion,4,anatolia,1,1,0,0,0,0,71,stub
himyarite_kingdom,Himyarite Kingdom,rashidun_caliphate,Rashidun Caliphate,expansion,4,arabia,1,1,0,0,0,0,107,stub
himyarite_kingdom,Himyarite Kingdom,umayyad_caliphate,Umayyad Caliphate,expansion,4,arabia,1,1,0,0,0,0,136,stub
kingdom_of_england,Kingdom of England,united_kingdom,United Kingdom of Great Britain and Ireland,expansion,4,britannia,1,1,0,0,0,0,94,stub
kara_khanid_khanate,Kara-Khanid Khanate,mongol_empire,Mongol Empire,expansion,4,central_asian_steppe|transoxiana,2,0,0,0,0,0,-6,stub
ptolemaic_egypt,Ptolemaic Kingdom,roman_empire,Roman Empire,expansion,4,egypt|levant,2,0,0,0,0,0,3,stub
jaunpur_sultanate,Jaunpur Sultanate,sur_empire,Sur Empire,expansion,4,ganges_plain,1,0,0,1,1,0,61,stub
al_andalus,Al-Andalus,almoravid_dynasty,Almoravid Dynasty,expansion,4,iberia,1,0,0,1,1,0,-452,stub
al_andalus,Al-Andalus,almohad_caliphate,Almohad Caliphate,expansion,4,iberia,1,0,0,1,1,0,-371,stub
indo_scythian_kingdom,Indo-Scythian Kingdom,hephthalite_empire,Hephthalite Empire,expansion,4,indus_valley|punjab,2,0,0,0,1,0,40,stub
indo_greek_kingdom,Indo-Greek Kingdom,kushan_empire,Kushan Empire,expansion,4,indus_valley|punjab,2,0,0,0,1,0,40,stub
jalayirid_sultanate,Jalayirid Sultanate,safavid_empire,Safavid Empire,expansion,4,iran_plateau|mesopotamia,2,0,0,1,0,0,69,stub
aq_qoyunlu,Aq Qoyunlu (White Sheep Turkmen),safavid_empire,Safavid Empire,expansion,4,iran_plateau|mesopotamia,2,0,0,0,0,0,-7,stub
samanid_empire,Samanid Empire,ghorid_dynasty,Ghorid Sultanate,expansion,4,khorasan,1,0,0,1,1,0,149,stub
saffarid_dynasty,Saffarid Dynasty,ghorid_dynasty,Ghorid Sultanate,expansion,4,khorasan,1,0,0,1,1,0,145,stub
ghorid_dynasty,Ghorid Sultanate,ilkhanate,Ilkhanate,expansion,4,khorasan,1,0,0,1,0,0,41,stub
kievan_rus,Kievan Rus,golden_horde,Golden Horde,expansion,4,kievan_rus|pontic_steppe,2,0,0,0,0,0,2,stub
grand_duchy_of_lithuania,Grand Duchy of Lithuania,polish_lithuanian_commonwealth,Polish-Lithuanian Commonwealth,expansion,4,kievan_rus|lithuania,2,0,0,0,0,0,0,stub
sumerian_city_states,"Sumerian City-States (Ur, Uruk, Lagash)",akkadian_empire,Akkadian Empire,expansion,4,mesopotamia,1,0,0,0,1,0,0,stub
aghlabid_dynasty,Aghlabid Dynasty,almoravid_dynasty,Almoravid Dynasty,expansion,4,north_africa,1,0,0,1,1,0,131,stub
kara_khanid_khanate,Kara-Khanid Khanate,seljuk_empire,Seljuk Empire,expansion,4,transoxiana,1,1,0,0,0,0,-175,stub
zand_dynasty,Zand Dynasty,islamic_republic_iran,Islamic Republic of Iran,expansion,4,,0,1,0,0,1,0,185,stub
seljuk_empire,Seljuk Empire,ottoman_empire,Ottoman Empire,expansion,4,,0,1,0,0,1,0,105,stub
zangid_atabegate,Zangid Atabegate,ottoman_empire,Ottoman Empire,expansion,4,,0,1,0,0,0,0,49,stub
zangid_atabegate,Zangid Atabegate,aq_qoyunlu,Aq Qoyunlu (White Sheep Turkmen),expansion,4,,0,1,0,0,1,0,128,stub
sur_empire,Sur Empire,durrani_empire,Durrani Empire,expansion,4,,0,1,0,0,1,0,191,stub
nabataean_kingdom,Nabataean Kingdom,himyarite_kingdom,Himyarite Kingdom,same,4,arabia,1,1,0,0,0,0,-216,stub
second_bulgarian_empire,Second Bulgarian Empire,serbian_despotate,Serbian Despotate,same,4,balkans,1,0,0,0,1,0,6,stub
hunnic_empire,Hunnic Empire,goktürk_khaganate,Göktürk Khaganate,same,4,central_asian_steppe,1,0,0,1,1,0,99,stub
qara_khitai,Qara Khitai (Western Liao),chagatai_khanate,Chagatai Khanate,same,4,central_asian_steppe|transoxiana,2,0,0,0,0,0,8,stub
moghulistan,Moghulistan Khanate,kazakh_khanate,Kazakh Khanate,same,4,central_asian_steppe,1,0,0,0,1,0,3,stub
moghulistan,Moghulistan Khanate,yarkand_khanate,Yarkand Khanate,same,4,central_asian_steppe,1,0,0,1,1,0,52,stub
chalukya_dynasty,Chalukya Dynasty (Badami),yadava_dynasty,Yadava Dynasty (Devagiri),same,4,deccan,1,0,0,1,1,0,93,stub
rashtrakuta_dynasty,Rashtrakuta Dynasty,yadava_dynasty,Yadava Dynasty (Devagiri),same,4,deccan,1,0,0,1,1,0,-132,stub
yadava_dynasty,Yadava Dynasty (Devagiri),western_chalukya,Western Chalukya Empire,same,4,deccan,1,0,0,1,1,0,-344,stub
yadava_dynasty,Yadava Dynasty (Devagiri),hoysala_dynasty,Hoysala Empire,same,4,deccan,1,0,0,1,1,0,-311,stub
kamarupa_kingdom,Kamarupa Kingdom,pala_empire,Pala Empire,same,4,ganges_plain,1,1,0,0,0,0,-390,stub
pala_empire,Pala Empire,sena_dynasty,Sena Dynasty,same,4,ganges_plain,1,1,0,0,0,0,-130,stub
pala_empire,Pala Empire,gajapati_dynasty,Gajapati Dynasty (Odisha),same,4,ganges_plain,1,1,0,0,0,0,-122,stub
holy_roman_empire,Holy Roman Empire,kingdom_of_prussia,Kingdom of Prussia,same,4,germany,1,1,0,0,0,0,-105,stub
timurid_empire,Timurid Empire,aq_qoyunlu,Aq Qoyunlu (White Sheep Turkmen),same,4,iran_plateau,1,1,0,0,0,0,-129,stub
hotak_dynasty,Hotak Dynasty,afsharid_dynasty,Afsharid Dynasty,same,4,iran_plateau|khorasan,2,0,0,0,0,0,-2,stub
tokugawa_shogunate,Tokugawa Shogunate (Edo Period),modern_japan,Modern Japan (Postwar),same,4,japanese_archipelago,1,1,0,0,0,0,79,stub
joseon,Joseon Dynasty,south_korea,Republic of Korea (South Korea),same,4,korean_peninsula,1,1,0,0,0,0,51,stub
joseon,Joseon Dynasty,north_korea,Democratic People's Republic of Korea (North Korea),same,4,korean_peninsula,1,1,0,0,0,0,51,stub
zangid_atabegate,Zangid Atabegate,kara_koyunlu,Kara Koyunlu (Black Sheep Turkmen),same,4,mesopotamia,1,1,0,0,0,0,124,stub
idrisid_dynasty,Idrisid Dynasty,aghlabid_dynasty,Aghlabid Dynasty,same,4,north_africa,1,0,0,1,1,0,-174,stub
aghlabid_dynasty,Aghlabid Dynasty,zirid_dynasty,Zirid Dynasty,same,4,north_africa,1,0,0,1,1,0,63,stub
meroitic_kingdom,Kingdom of Meroe (Meroitic Kingdom),aksumite_kingdom,Aksumite Kingdom,same,4,nubia,1,1,0,0,0,0,-250,stub
makuria_kingdom,Kingdom of Makuria,funj_sultanate,Funj Sultanate,same,4,nubia,1,1,0,0,0,0,140,stub
funj_sultanate,Funj Sultanate,darfur_sultanate,Darfur Sultanate,same,4,nubia,1,0,0,1,1,0,-218,stub
funj_sultanate,Funj Sultanate,mahdist_state,Mahdist State,same,4,nubia,1,0,0,1,1,0,64,stub
afsharid_dynasty,Afsharid Dynasty,islamic_republic_iran,Islamic Republic of Iran,same,4,,0,1,0,0,1,0,183,stub
pallava_dynasty,Pallava Dynasty,kakatiya_dynasty,Kakatiya Dynasty,same,4,,0,1,0,0,1,0,186,stub
bahmani_sultanate,Bahmani Sultanate,hyderabad_state,Nizam of Hyderabad,same,4,,0,1,0,0,1,0,197,stub
berber,Berber / Mauretania,numidia,Kingdom of Numidia,unknown,4,,0,0,0,1,0,0,-2,stub
qin_dynasty,Qin Dynasty,western_han,Western Han,unknown,4,,0,0,0,1,0,0,4,stub
northern_wei,Northern Wei tributary,western_wei,Western Wei / Northern Zhou tributary,unknown,4,,0,0,0,1,0,0,0,stub
later_jin,Later Jin,later_han,Later Han,unknown,4,,0,0,0,1,0,0,0,stub
mongol_il_khanate,Mongol Il-Khanate,chobanid_dynasty,Chobanid dynasty,unknown,4,,0,0,0,1,0,0,0,stub
xueyantuo,Xueyantuo,khazar_khaganate,Khazar Khaganate,unknown,4,,0,0,0,1,0,0,4,stub
maya_city_states,"Maya City-States (Tikal, Calakmul)",postclassic_maya,"Postclassic Maya (Mayapan, K'iche')",unknown,4,,0,0,0,1,0,0,0,stub
muhallabid_governors,Muhallabid governors,idrisid_dynasty,Idrisid Dynasty,unknown,4,,0,0,0,1,0,0,-5,stub
muhallabid_governors,Muhallabid governors,aghlabid_dynasty,Aghlabid Dynasty,unknown,4,,0,0,0,1,0,0,7,stub
tahirid_dynasty,Tahirid dynasty,tulunid_dynasty,Tulunid Dynasty,unknown,4,,0,0,0,1,0,0,-5,stub
sajid_dynasty,Sajid dynasty,ikhshidid_dynasty,Ikhshidid Dynasty,unknown,4,,0,0,0,1,0,0,6,stub
zirid_dynasty,Zirid Dynasty,banu_ghaniya,Banu Ghaniya,unknown,4,,0,0,0,1,0,0,0,stub
almoravid_dynasty,Almoravid Dynasty,banu_ghaniya,Banu Ghaniya,unknown,4,,0,0,0,1,0,0,1,stub
sulayhid_dynasty,Sulayhid Dynasty,banu_ghaniya,Banu Ghaniya,unknown,4,,0,0,0,1,0,0,10,stub
banu_ghaniya,Banu Ghaniya,hafsid_dynasty,Hafsid Dynasty,unknown,4,,0,0,0,1,0,0,-8,stub
banu_ghaniya,Banu Ghaniya,marinid_dynasty,Marinid Dynasty,unknown,4,,0,0,0,1,0,0,7,stub
alawite_dynasty,Alawite Dynasty (Morocco),muhammad_ali_dynasty,Muhammad Ali dynasty,unknown,4,,0,0,0,1,0,0,0,stub
alawite_dynasty,Alawite Dynasty (Morocco),united_arab_republic,United Arab Republic,unknown,4,,0,0,0,1,0,0,0,stub
alawite_dynasty,Alawite Dynasty (Morocco),republic_of_yemen,Republic of Yemen,unknown,4,,0,0,0,1,0,0,0,stub
kingdom_of_egypt,Kingdom of Egypt,united_arab_republic,United Arab Republic,unknown,4,,0,0,0,1,0,0,6,stub
muhammad_ali_dynasty,Muhammad Ali dynasty,kingdom_of_jordan,Hashemite Kingdom of Jordan,unknown,4,,0,0,0,1,0,0,-7,stub
muhammad_ali_dynasty,Muhammad Ali dynasty,republic_of_egypt,Republic of Egypt,unknown,4,,0,0,0,1,0,0,-1,stub
muhammad_ali_dynasty,Muhammad Ali dynasty,republic_of_iraq,Republic of Iraq,unknown,4,,0,0,0,1,0,0,5,stub
muhammad_ali_dynasty,Muhammad Ali dynasty,united_arab_republic,United Arab Republic,unknown,4,,0,0,0,1,0,0,5,stub
kingdom_of_iraq,Kingdom of Iraq,united_arab_republic,United Arab Republic,unknown,4,,0,0,0,1,0,0,0,stub
saudi_arabia,Kingdom of Saudi Arabia,united_arab_republic,United Arab Republic,unknown,4,,0,0,0,1,0,0,0,stub
saudi_arabia,Kingdom of Saudi Arabia,republic_of_yemen,Republic of Yemen,unknown,4,,0,0,0,1,0,0,0,stub
kingdom_of_jordan,Hashemite Kingdom of Jordan,united_arab_republic,United Arab Republic,unknown,4,,0,0,0,1,0,0,0,stub
kingdom_of_jordan,Hashemite Kingdom of Jordan,republic_of_yemen,Republic of Yemen,unknown,4,,0,0,0,1,0,0,0,stub
republic_of_egypt,Republic of Egypt,united_arab_republic,United Arab Republic,unknown,4,,0,0,0,1,0,0,0,stub
republic_of_egypt,Republic of Egypt,republic_of_yemen,Republic of Yemen,unknown,4,,0,0,0,1,0,0,0,stub
republic_of_iraq,Republic of Iraq,united_arab_republic,United Arab Republic,unknown,4,,0,0,0,1,0,0,0,stub
republic_of_iraq,Republic of Iraq,republic_of_yemen,Republic of Yemen,unknown,4,,0,0,0,1,0,0,0,stub
croatian_principality,Croatian Principality,croatian_kingdom,Croatian Kingdom,unknown,4,,0,0,0,1,0,0,0,stub
independent_state_of_croatia,Independent State of Croatia,sfr_yugoslavia,SFR Yugoslavia,unknown,4,,0,0,0,1,0,0,0,stub
italy,Italy,italian_east_africa,Italian East Africa,unknown,4,,0,0,0,1,0,0,-10,stub
italy,Italy,italian_albania,Italian Albania,unknown,4,,0,0,0,1,0,0,-7,stub
kingdom_of_italy,Kingdom of Italy,italian_east_africa,Italian East Africa,unknown,4,,0,0,0,1,0,0,-10,stub
kingdom_of_italy,Kingdom of Italy,italian_albania,Italian Albania,unknown,4,,0,0,0,1,0,0,-7,stub
italian_east_africa,Italian East Africa,italian_albania,Italian Albania,unknown,4,,0,0,0,1,0,0,-2,stub
hungarian_grand_principality,Hungarian Grand Principality,hungary,Hungary,unknown,4,,0,0,0,1,0,0,0,stub
french_caribbean,French Caribbean,louisiana_territory,Louisiana Territory (French),unknown,4,,0,0,0,1,0,0,0,stub
french_caribbean,French Caribbean,french_first_empire,French First Empire,unknown,4,,0,0,0,1,0,0,0,stub
french_caribbean,French Caribbean,haiti,Republic of Haiti,unknown,4,,0,0,0,1,0,0,0,stub
french_caribbean,French Caribbean,vichy_france,Vichy France,unknown,4,,0,0,0,1,0,0,0,stub
louisiana_territory,Louisiana Territory (French),french_first_empire,French First Empire,unknown,4,,0,0,0,1,0,0,1,stub
louisiana_territory,Louisiana Territory (French),haiti,Republic of Haiti,unknown,4,,0,0,0,1,0,0,1,stub
french_first_empire,French First Empire,haiti,Republic of Haiti,unknown,4,,0,0,0,1,0,0,-10,stub
haiti,Republic of Haiti,vichy_france,Vichy France,unknown,4,,0,0,0,1,0,0,0,stub
austrian_empire,Austrian Empire,austria_hungary,Austria-Hungary / Italian occupation zones,unknown,4,,0,0,0,1,0,0,0,stub
austrian_empire,Austrian Empire,german_empire,German Empire (Deutsches Reich),unknown,4,,0,0,0,1,0,0,4,stub
german_confederation,German Confederation (Deutscher Bund,austria_hungary,Austria-Hungary / Italian occupation zones,unknown,4,,0,0,0,1,0,0,1,stub
german_confederation,German Confederation (Deutscher Bund,german_empire,German Empire (Deutsches Reich),unknown,4,,0,0,0,1,0,0,5,stub
austria_hungary,Austria-Hungary / Italian occupation zones,weimar_republic,Weimar Republic,unknown,4,,0,0,0,1,0,0,0,stub
brunei_sultanate,Brunei Sultanate,sulu_sultanate,Sulu Sultanate,unknown,4,,0,0,0,1,0,0,0,stub
spanish_caribbean,Spanish Caribbean (Cuba/Hispaniola/Puerto Rico),cuba,Republic of Cuba,unknown,4,,0,0,0,1,0,0,4,stub
spanish_florida,Spanish Florida,paraguay,Republic of Paraguay,unknown,4,,0,0,0,1,0,0,-10,stub
spanish_florida,Spanish Florida,argentina,Argentine Republic,unknown,4,,0,0,0,1,0,0,-5,stub
spanish_florida,Spanish Florida,chile,Republic of Chile,unknown,4,,0,0,0,1,0,0,-3,stub
spanish_florida,Spanish Florida,gran_colombia,Gran Colombia,unknown,4,,0,0,0,1,0,0,-2,stub
spanish_florida,Spanish Florida,first_mexican_empire,First Mexican Empire,unknown,4,,0,0,0,1,0,0,0,stub
spanish_florida,Spanish Florida,mexico,Mexico (United Mexican States),unknown,4,,0,0,0,1,0,0,0,stub
spanish_florida,Spanish Florida,peru,Republic of Peru,unknown,4,,0,0,0,1,0,0,3,stub
spanish_florida,Spanish Florida,bolivia,Republic of Bolivia,unknown,4,,0,0,0,1,0,0,4,stub
spanish_florida,Spanish Florida,uruguay,Oriental Republic of Uruguay,unknown,4,,0,0,0,1,0,0,7,stub
spanish_florida,Spanish Florida,ecuador,Republic of Ecuador,unknown,4,,0,0,0,1,0,0,9,stub
spanish_florida,Spanish Florida,venezuela,Republic of Venezuela,unknown,4,,0,0,0,1,0,0,9,stub
spanish_florida,Spanish Florida,colombia,Republic of Colombia,unknown,4,,0,0,0,1,0,0,10,stub
new_spain,Viceroyalty of New Spain,paraguay,Republic of Paraguay,unknown,4,,0,0,0,1,0,0,-10,stub
new_spain,Viceroyalty of New Spain,argentina,Argentine Republic,unknown,4,,0,0,0,1,0,0,-5,stub
new_spain,Viceroyalty of New Spain,chile,Republic of Chile,unknown,4,,0,0,0,1,0,0,-3,stub
new_spain,Viceroyalty of New Spain,gran_colombia,Gran Colombia,unknown,4,,0,0,0,1,0,0,-2,stub
new_spain,Viceroyalty of New Spain,first_mexican_empire,First Mexican Empire,unknown,4,,0,0,0,1,0,0,0,stub
new_spain,Viceroyalty of New Spain,mexico,Mexico (United Mexican States),unknown,4,,0,0,0,1,0,0,0,stub
new_spain,Viceroyalty of New Spain,peru,Republic of Peru,unknown,4,,0,0,0,1,0,0,3,stub
new_spain,Viceroyalty of New Spain,bolivia,Republic of Bolivia,unknown,4,,0,0,0,1,0,0,4,stub
new_spain,Viceroyalty of New Spain,uruguay,Oriental Republic of Uruguay,unknown,4,,0,0,0,1,0,0,7,stub
new_spain,Viceroyalty of New Spain,ecuador,Republic of Ecuador,unknown,4,,0,0,0,1,0,0,9,stub
new_spain,Viceroyalty of New Spain,venezuela,Republic of Venezuela,unknown,4,,0,0,0,1,0,0,9,stub
new_spain,Viceroyalty of New Spain,colombia,Republic of Colombia,unknown,4,,0,0,0,1,0,0,10,stub
viceroyalty_of_peru,Viceroyalty of Peru,argentina,Argentine Republic,unknown,4,,0,0,0,1,0,0,-8,stub
viceroyalty_of_peru,Viceroyalty of Peru,chile,Republic of Chile,unknown,4,,0,0,0,1,0,0,-6,stub
viceroyalty_of_peru,Viceroyalty of Peru,gran_colombia,Gran Colombia,unknown,4,,0,0,0,1,0,0,-5,stub
viceroyalty_of_peru,Viceroyalty of Peru,first_mexican_empire,First Mexican Empire,unknown,4,,0,0,0,1,0,0,-3,stub
viceroyalty_of_peru,Viceroyalty of Peru,mexico,Mexico (United Mexican States),unknown,4,,0,0,0,1,0,0,-3,stub
viceroyalty_of_peru,Viceroyalty of Peru,peru,Republic of Peru,unknown,4,,0,0,0,1,0,0,0,stub
viceroyalty_of_peru,Viceroyalty of Peru,bolivia,Republic of Bolivia,unknown,4,,0,0,0,1,0,0,1,stub
viceroyalty_of_peru,Viceroyalty of Peru,uruguay,Oriental Republic of Uruguay,unknown,4,,0,0,0,1,0,0,4,stub
viceroyalty_of_peru,Viceroyalty of Peru,ecuador,Republic of Ecuador,unknown,4,,0,0,0,1,0,0,6,stub
viceroyalty_of_peru,Viceroyalty of Peru,venezuela,Republic of Venezuela,unknown,4,,0,0,0,1,0,0,6,stub
viceroyalty_of_peru,Viceroyalty of Peru,colombia,Republic of Colombia,unknown,4,,0,0,0,1,0,0,7,stub
viceroyalty_of_new_granada,Viceroyalty of New Granada,paraguay,Republic of Paraguay,unknown,4,,0,0,0,1,0,0,-8,stub
viceroyalty_of_new_granada,Viceroyalty of New Granada,argentina,Argentine Republic,unknown,4,,0,0,0,1,0,0,-3,stub
viceroyalty_of_new_granada,Viceroyalty of New Granada,chile,Republic of Chile,unknown,4,,0,0,0,1,0,0,-1,stub
viceroyalty_of_new_granada,Viceroyalty of New Granada,gran_colombia,Gran Colombia,unknown,4,,0,0,0,1,0,0,0,stub
viceroyalty_of_new_granada,Viceroyalty of New Granada,first_mexican_empire,First Mexican Empire,unknown,4,,0,0,0,1,0,0,2,stub
viceroyalty_of_new_granada,Viceroyalty of New Granada,mexico,Mexico (United Mexican States),unknown,4,,0,0,0,1,0,0,2,stub
viceroyalty_of_new_granada,Viceroyalty of New Granada,peru,Republic of Peru,unknown,4,,0,0,0,1,0,0,5,stub
viceroyalty_of_new_granada,Viceroyalty of New Granada,bolivia,Republic of Bolivia,unknown,4,,0,0,0,1,0,0,6,stub
viceroyalty_of_new_granada,Viceroyalty of New Granada,uruguay,Oriental Republic of Uruguay,unknown,4,,0,0,0,1,0,0,9,stub
viceroyalty_of_rio_de_la_plata,Viceroyalty of Río de la Plata,paraguay,Republic of Paraguay,unknown,4,,0,0,0,1,0,0,-5,stub
viceroyalty_of_rio_de_la_plata,Viceroyalty of Río de la Plata,argentina,Argentine Republic,unknown,4,,0,0,0,1,0,0,0,stub
viceroyalty_of_rio_de_la_plata,Viceroyalty of Río de la Plata,chile,Republic of Chile,unknown,4,,0,0,0,1,0,0,2,stub
viceroyalty_of_rio_de_la_plata,Viceroyalty of Río de la Plata,gran_colombia,Gran Colombia,unknown,4,,0,0,0,1,0,0,3,stub
viceroyalty_of_rio_de_la_plata,Viceroyalty of Río de la Plata,first_mexican_empire,First Mexican Empire,unknown,4,,0,0,0,1,0,0,5,stub
viceroyalty_of_rio_de_la_plata,Viceroyalty of Río de la Plata,mexico,Mexico (United Mexican States),unknown,4,,0,0,0,1,0,0,5,stub
viceroyalty_of_rio_de_la_plata,Viceroyalty of Río de la Plata,peru,Republic of Peru,unknown,4,,0,0,0,1,0,0,8,stub
viceroyalty_of_rio_de_la_plata,Viceroyalty of Río de la Plata,bolivia,Republic of Bolivia,unknown,4,,0,0,0,1,0,0,9,stub
paraguay,Republic of Paraguay,argentina,Argentine Republic,unknown,4,,0,0,0,1,0,0,0,stub
paraguay,Republic of Paraguay,chile,Republic of Chile,unknown,4,,0,0,0,1,0,0,0,stub
paraguay,Republic of Paraguay,gran_colombia,Gran Colombia,unknown,4,,0,0,0,1,0,0,0,stub
paraguay,Republic of Paraguay,first_mexican_empire,First Mexican Empire,unknown,4,,0,0,0,1,0,0,0,stub
paraguay,Republic of Paraguay,mexico,Mexico (United Mexican States),unknown,4,,0,0,0,1,0,0,0,stub
paraguay,Republic of Paraguay,peru,Republic of Peru,unknown,4,,0,0,0,1,0,0,0,stub
paraguay,Republic of Paraguay,bolivia,Republic of Bolivia,unknown,4,,0,0,0,1,0,0,0,stub
paraguay,Republic of Paraguay,uruguay,Oriental Republic of Uruguay,unknown,4,,0,0,0,1,0,0,0,stub
paraguay,Republic of Paraguay,ecuador,Republic of Ecuador,unknown,4,,0,0,0,1,0,0,0,stub
paraguay,Republic of Paraguay,venezuela,Republic of Venezuela,unknown,4,,0,0,0,1,0,0,0,stub
paraguay,Republic of Paraguay,colombia,Republic of Colombia,unknown,4,,0,0,0,1,0,0,0,stub
paraguay,Republic of Paraguay,dominican_republic,Dominican Republic,unknown,4,,0,0,0,1,0,0,0,stub
paraguay,Republic of Paraguay,second_mexican_empire,Second Mexican Empire,unknown,4,,0,0,0,1,0,0,0,stub
paraguay,Republic of Paraguay,cuba,Republic of Cuba,unknown,4,,0,0,0,1,0,0,0,stub
argentina,Argentine Republic,chile,Republic of Chile,unknown,4,,0,0,0,1,0,0,0,stub
argentina,Argentine Republic,gran_colombia,Gran Colombia,unknown,4,,0,0,0,1,0,0,0,stub
argentina,Argentine Republic,first_mexican_empire,First Mexican Empire,unknown,4,,0,0,0,1,0,0,0,stub
argentina,Argentine Republic,mexico,Mexico (United Mexican States),unknown,4,,0,0,0,1,0,0,0,stub
argentina,Argentine Republic,peru,Republic of Peru,unknown,4,,0,0,0,1,0,0,0,stub
argentina,Argentine Republic,bolivia,Republic of Bolivia,unknown,4,,0,0,0,1,0,0,0,stub
argentina,Argentine Republic,uruguay,Oriental Republic of Uruguay,unknown,4,,0,0,0,1,0,0,0,stub
argentina,Argentine Republic,ecuador,Republic of Ecuador,unknown,4,,0,0,0,1,0,0,0,stub
argentina,Argentine Republic,venezuela,Republic of Venezuela,unknown,4,,0,0,0,1,0,0,0,stub
argentina,Argentine Republic,colombia,Republic of Colombia,unknown,4,,0,0,0,1,0,0,0,stub
argentina,Argentine Republic,dominican_republic,Dominican Republic,unknown,4,,0,0,0,1,0,0,0,stub
argentina,Argentine Republic,second_mexican_empire,Second Mexican Empire,unknown,4,,0,0,0,1,0,0,0,stub
argentina,Argentine Republic,cuba,Republic of Cuba,unknown,4,,0,0,0,1,0,0,0,stub
chile,Republic of Chile,gran_colombia,Gran Colombia,unknown,4,,0,0,0,1,0,0,0,stub
chile,Republic of Chile,first_mexican_empire,First Mexican Empire,unknown,4,,0,0,0,1,0,0,0,stub
chile,Republic of Chile,mexico,Mexico (United Mexican States),unknown,4,,0,0,0,1,0,0,0,stub
chile,Republic of Chile,peru,Republic of Peru,unknown,4,,0,0,0,1,0,0,0,stub
chile,Republic of Chile,bolivia,Republic of Bolivia,unknown,4,,0,0,0,1,0,0,0,stub
chile,Republic of Chile,uruguay,Oriental Republic of Uruguay,unknown,4,,0,0,0,1,0,0,0,stub
chile,Republic of Chile,ecuador,Republic of Ecuador,unknown,4,,0,0,0,1,0,0,0,stub
chile,Republic of Chile,venezuela,Republic of Venezuela,unknown,4,,0,0,0,1,0,0,0,stub
chile,Republic of Chile,colombia,Republic of Colombia,unknown,4,,0,0,0,1,0,0,0,stub
chile,Republic of Chile,dominican_republic,Dominican Republic,unknown,4,,0,0,0,1,0,0,0,stub
chile,Republic of Chile,second_mexican_empire,Second Mexican Empire,unknown,4,,0,0,0,1,0,0,0,stub
chile,Republic of Chile,cuba,Republic of Cuba,unknown,4,,0,0,0,1,0,0,0,stub
gran_colombia,Gran Colombia,first_mexican_empire,First Mexican Empire,unknown,4,,0,0,0,1,0,0,-10,stub
gran_colombia,Gran Colombia,mexico,Mexico (United Mexican States),unknown,4,,0,0,0,1,0,0,-10,stub
gran_colombia,Gran Colombia,peru,Republic of Peru,unknown,4,,0,0,0,1,0,0,-7,stub
gran_colombia,Gran Colombia,bolivia,Republic of Bolivia,unknown,4,,0,0,0,1,0,0,-6,stub
gran_colombia,Gran Colombia,uruguay,Oriental Republic of Uruguay,unknown,4,,0,0,0,1,0,0,-3,stub
gran_colombia,Gran Colombia,ecuador,Republic of Ecuador,unknown,4,,0,0,0,1,0,0,-1,stub
gran_colombia,Gran Colombia,venezuela,Republic of Venezuela,unknown,4,,0,0,0,1,0,0,-1,stub
gran_colombia,Gran Colombia,colombia,Republic of Colombia,unknown,4,,0,0,0,1,0,0,0,stub
first_mexican_empire,First Mexican Empire,mexico,Mexico (United Mexican States),unknown,4,,0,0,0,1,0,0,-2,stub
first_mexican_empire,First Mexican Empire,peru,Republic of Peru,unknown,4,,0,0,0,1,0,0,1,stub
first_mexican_empire,First Mexican Empire,bolivia,Republic of Bolivia,unknown,4,,0,0,0,1,0,0,2,stub
first_mexican_empire,First Mexican Empire,uruguay,Oriental Republic of Uruguay,unknown,4,,0,0,0,1,0,0,5,stub
first_mexican_empire,First Mexican Empire,ecuador,Republic of Ecuador,unknown,4,,0,0,0,1,0,0,7,stub
first_mexican_empire,First Mexican Empire,venezuela,Republic of Venezuela,unknown,4,,0,0,0,1,0,0,7,stub
first_mexican_empire,First Mexican Empire,colombia,Republic of Colombia,unknown,4,,0,0,0,1,0,0,8,stub
mexico,Mexico (United Mexican States),peru,Republic of Peru,unknown,4,,0,0,0,1,0,0,0,stub
mexico,Mexico (United Mexican States),bolivia,Republic of Bolivia,unknown,4,,0,0,0,1,0,0,0,stub
mexico,Mexico (United Mexican States),uruguay,Oriental Republic of Uruguay,unknown,4,,0,0,0,1,0,0,0,stub
mexico,Mexico (United Mexican States),ecuador,Republic of Ecuador,unknown,4,,0,0,0,1,0,0,0,stub
mexico,Mexico (United Mexican States),venezuela,Republic of Venezuela,unknown,4,,0,0,0,1,0,0,0,stub
mexico,Mexico (United Mexican States),colombia,Republic of Colombia,unknown,4,,0,0,0,1,0,0,0,stub
mexico,Mexico (United Mexican States),dominican_republic,Dominican Republic,unknown,4,,0,0,0,1,0,0,0,stub
mexico,Mexico (United Mexican States),second_mexican_empire,Second Mexican Empire,unknown,4,,0,0,0,1,0,0,0,stub
mexico,Mexico (United Mexican States),cuba,Republic of Cuba,unknown,4,,0,0,0,1,0,0,0,stub
peru,Republic of Peru,bolivia,Republic of Bolivia,unknown,4,,0,0,0,1,0,0,0,stub
peru,Republic of Peru,uruguay,Oriental Republic of Uruguay,unknown,4,,0,0,0,1,0,0,0,stub
peru,Republic of Peru,ecuador,Republic of Ecuador,unknown,4,,0,0,0,1,0,0,0,stub
peru,Republic of Peru,venezuela,Republic of Venezuela,unknown,4,,0,0,0,1,0,0,0,stub
peru,Republic of Peru,colombia,Republic of Colombia,unknown,4,,0,0,0,1,0,0,0,stub
peru,Republic of Peru,dominican_republic,Dominican Republic,unknown,4,,0,0,0,1,0,0,0,stub
peru,Republic of Peru,second_mexican_empire,Second Mexican Empire,unknown,4,,0,0,0,1,0,0,0,stub
peru,Republic of Peru,cuba,Republic of Cuba,unknown,4,,0,0,0,1,0,0,0,stub
bolivia,Republic of Bolivia,uruguay,Oriental Republic of Uruguay,unknown,4,,0,0,0,1,0,0,0,stub
bolivia,Republic of Bolivia,ecuador,Republic of Ecuador,unknown,4,,0,0,0,1,0,0,0,stub
bolivia,Republic of Bolivia,venezuela,Republic of Venezuela,unknown,4,,0,0,0,1,0,0,0,stub
bolivia,Republic of Bolivia,colombia,Republic of Colombia,unknown,4,,0,0,0,1,0,0,0,stub
bolivia,Republic of Bolivia,dominican_republic,Dominican Republic,unknown,4,,0,0,0,1,0,0,0,stub
bolivia,Republic of Bolivia,second_mexican_empire,Second Mexican Empire,unknown,4,,0,0,0,1,0,0,0,stub
bolivia,Republic of Bolivia,cuba,Republic of Cuba,unknown,4,,0,0,0,1,0,0,0,stub
uruguay,Oriental Republic of Uruguay,ecuador,Republic of Ecuador,unknown,4,,0,0,0,1,0,0,0,stub
uruguay,Oriental Republic of Uruguay,venezuela,Republic of Venezuela,unknown,4,,0,0,0,1,0,0,0,stub
uruguay,Oriental Republic of Uruguay,colombia,Republic of Colombia,unknown,4,,0,0,0,1,0,0,0,stub
uruguay,Oriental Republic of Uruguay,dominican_republic,Dominican Republic,unknown,4,,0,0,0,1,0,0,0,stub
uruguay,Oriental Republic of Uruguay,second_mexican_empire,Second Mexican Empire,unknown,4,,0,0,0,1,0,0,0,stub
uruguay,Oriental Republic of Uruguay,cuba,Republic of Cuba,unknown,4,,0,0,0,1,0,0,0,stub
ecuador,Republic of Ecuador,venezuela,Republic of Venezuela,unknown,4,,0,0,0,1,0,0,0,stub
ecuador,Republic of Ecuador,colombia,Republic of Colombia,unknown,4,,0,0,0,1,0,0,0,stub
ecuador,Republic of Ecuador,dominican_republic,Dominican Republic,unknown,4,,0,0,0,1,0,0,0,stub
ecuador,Republic of Ecuador,second_mexican_empire,Second Mexican Empire,unknown,4,,0,0,0,1,0,0,0,stub
ecuador,Republic of Ecuador,cuba,Republic of Cuba,unknown,4,,0,0,0,1,0,0,0,stub
venezuela,Republic of Venezuela,colombia,Republic of Colombia,unknown,4,,0,0,0,1,0,0,0,stub
venezuela,Republic of Venezuela,dominican_republic,Dominican Republic,unknown,4,,0,0,0,1,0,0,0,stub
venezuela,Republic of Venezuela,second_mexican_empire,Second Mexican Empire,unknown,4,,0,0,0,1,0,0,0,stub
venezuela,Republic of Venezuela,cuba,Republic of Cuba,unknown,4,,0,0,0,1,0,0,0,stub
colombia,Republic of Colombia,dominican_republic,Dominican Republic,unknown,4,,0,0,0,1,0,0,0,stub
colombia,Republic of Colombia,second_mexican_empire,Second Mexican Empire,unknown,4,,0,0,0,1,0,0,0,stub
colombia,Republic of Colombia,cuba,Republic of Cuba,unknown,4,,0,0,0,1,0,0,0,stub
dominican_republic,Dominican Republic,second_mexican_empire,Second Mexican Empire,unknown,4,,0,0,0,1,0,0,0,stub
dominican_republic,Dominican Republic,cuba,Republic of Cuba,unknown,4,,0,0,0,1,0,0,0,stub
portuguese_brazil,Portuguese Brazil,empire_of_brazil,Empire of Brazil,unknown,4,,0,0,0,1,0,0,0,stub
empire_of_brazil,Empire of Brazil,republic_of_brazil,Federative Republic of Brazil,unknown,4,,0,0,0,1,0,0,0,stub
jamestown_colony,Jamestown Colony,plymouth_colony,Plymouth Colony,unknown,4,,0,0,0,1,0,0,-4,stub
jamestown_colony,Jamestown Colony,british_caribbean,British Caribbean,unknown,4,,0,0,0,1,0,0,0,stub
thirteen_colonies,Thirteen Colonies,united_states,United States of America,unknown,4,,0,0,0,1,0,0,0,stub
rupert_land,Rupert's Land (Hudson's Bay Company),confederate_states,Confederate States of America,unknown,4,,0,0,0,1,0,0,-9,stub
rupert_land,Rupert's Land (Hudson's Bay Company),dominion_of_canada,Dominion of Canada,unknown,4,,0,0,0,1,0,0,-3,stub
united_states,United States of America,united_kingdom,United Kingdom of Great Britain and Ireland,unknown,4,,0,0,0,1,0,0,0,stub
united_states,United States of America,texas_republic,Republic of Texas,unknown,4,,0,0,0,1,0,0,0,stub
united_states,United States of America,california_republic,California Republic,unknown,4,,0,0,0,1,0,0,0,stub
united_states,United States of America,british_raj,British Raj,unknown,4,,0,0,0,1,0,0,0,stub
united_states,United States of America,confederate_states,Confederate States of America,unknown,4,,0,0,0,1,0,0,0,stub
united_states,United States of America,dominion_of_canada,Dominion of Canada,unknown,4,,0,0,0,1,0,0,0,stub
united_states,United States of America,hawaii_republic,Republic of Hawaiʻi,unknown,4,,0,0,0,1,0,0,0,stub
united_states,United States of America,british_military_administration,British Military Administration,unknown,4,,0,0,0,1,0,0,0,stub
united_states,United States of America,canada,Canada,unknown,4,,0,0,0,1,0,0,0,stub
united_kingdom,United Kingdom of Great Britain and Ireland,texas_republic,Republic of Texas,unknown,4,,0,0,0,1,0,0,0,stub
united_kingdom,United Kingdom of Great Britain and Ireland,california_republic,California Republic,unknown,4,,0,0,0,1,0,0,0,stub
united_kingdom,United Kingdom of Great Britain and Ireland,confederate_states,Confederate States of America,unknown,4,,0,0,0,1,0,0,0,stub
united_kingdom,United Kingdom of Great Britain and Ireland,dominion_of_canada,Dominion of Canada,unknown,4,,0,0,0,1,0,0,0,stub
united_kingdom,United Kingdom of Great Britain and Ireland,hawaii_republic,Republic of Hawaiʻi,unknown,4,,0,0,0,1,0,0,0,stub
united_kingdom,United Kingdom of Great Britain and Ireland,british_military_administration,British Military Administration,unknown,4,,0,0,0,1,0,0,0,stub
united_kingdom,United Kingdom of Great Britain and Ireland,canada,Canada,unknown,4,,0,0,0,1,0,0,0,stub
texas_republic,Republic of Texas,california_republic,California Republic,unknown,4,,0,0,0,1,0,0,0,stub
british_raj,British Raj,british_military_administration,British Military Administration,unknown,4,,0,0,0,1,0,0,-4,stub
confederate_states,Confederate States of America,dominion_of_canada,Dominion of Canada,unknown,4,,0,0,0,1,0,0,2,stub
dominion_of_canada,Dominion of Canada,canada,Canada,unknown,4,,0,0,0,1,0,0,0,stub
carolingian_empire,Frankish Kingdom / Carolingian Empire,kingdom_of_france,Kingdom of France,contraction,3,aquitaine|gaul,2,0,0,0,1,0,144,stub
ottoman_empire,Ottoman Empire,saudi_arabia,Kingdom of Saudi Arabia,contraction,3,arabia,1,0,0,0,0,0,10,stub
sassanid_empire,Sassanid Empire,khazar_khaganate,Khazar Khaganate,contraction,3,caucasus,1,0,0,0,0,0,-1,stub
ottoman_empire,Ottoman Empire,soviet_union,Soviet Union,contraction,3,caucasus,1,0,0,0,0,0,0,stub
maurya_empire,Maurya Empire,satavahana_empire,Satavahana Empire,contraction,3,deccan,1,0,0,0,1,0,-45,stub
mughal_empire,Mughal Empire,republic_of_india,Republic of India,contraction,3,deccan|ganges_plain|punjab,3,0,0,0,0,0,90,stub
achaemenid_empire,Achaemenid Empire,ptolemaic_egypt,Ptolemaic Kingdom,contraction,3,egypt|levant,2,0,0,0,0,0,25,stub
roman_empire,Roman Empire,carolingian_empire,Frankish Kingdom / Carolingian Empire,contraction,3,gaul,1,0,0,1,0,0,91,stub
maurya_empire,Maurya Empire,indo_scythian_kingdom,Indo-Scythian Kingdom,contraction,3,indus_valley|punjab,2,0,0,0,0,0,-15,stub
durrani_empire,Durrani Empire,pakistan,Pakistan,contraction,3,indus_valley|punjab,2,0,0,0,1,0,121,stub
macedonian_empire,Macedonian Empire (Alexander),parthian_empire,Parthian Empire (Arsacid),contraction,3,iran_plateau|khorasan|mesopotamia,3,0,0,0,0,0,76,stub
umayyad_caliphate,Umayyad Caliphate,saffarid_dynasty,Saffarid Dynasty,contraction,3,iran_plateau|khorasan,2,0,0,0,1,0,111,stub
abbasid_caliphate,Abbasid Caliphate,seljuk_empire,Seljuk Empire,contraction,3,iran_plateau|mesopotamia,2,0,0,0,1,0,-221,stub
mongol_empire,Mongol Empire,safavid_empire,Safavid Empire,contraction,3,iran_plateau|khorasan|mesopotamia,3,0,0,0,0,0,133,stub
ilkhanate,Ilkhanate,kara_koyunlu,Kara Koyunlu (Black Sheep Turkmen),contraction,3,iran_plateau|mesopotamia,2,0,0,0,0,0,39,stub
ilkhanate,Ilkhanate,aq_qoyunlu,Aq Qoyunlu (White Sheep Turkmen),contraction,3,iran_plateau|mesopotamia,2,0,0,0,0,0,43,stub
safavid_empire,Safavid Empire,hotak_dynasty,Hotak Dynasty,contraction,3,iran_plateau|khorasan,2,0,0,0,0,0,-27,stub
roman_empire,Roman Empire,odoacer_kingdom,Kingdom of Odoacer,contraction,3,italy,1,0,0,1,0,0,81,stub
roman_empire,Roman Empire,ostrogothic_kingdom,Ostrogothic Kingdom of Italy,contraction,3,italy,1,0,0,1,0,0,98,stub
umayyad_caliphate,Umayyad Caliphate,samanid_empire,Samanid Empire,contraction,3,khorasan|transoxiana,2,0,0,0,1,0,69,stub
kievan_rus,Kievan Rus,grand_duchy_moscow,Grand Duchy of Moscow,contraction,3,kievan_rus,1,0,0,0,1,0,43,stub
russian_empire,Russian Empire,russian_federation,Russian Federation,contraction,3,kievan_rus,1,0,0,1,0,0,74,stub
empire_of_japan,Empire of Japan (Meiji),south_korea,Republic of Korea (South Korea),contraction,3,korean_peninsula,1,0,0,0,0,0,1,stub
empire_of_japan,Empire of Japan (Meiji),north_korea,Democratic People's Republic of Korea (North Korea),contraction,3,korean_peninsula,1,0,0,0,0,0,1,stub
abbasid_caliphate,Abbasid Caliphate,ayyubid_sultanate,Ayyubid Sultanate,contraction,3,levant,1,0,0,1,0,0,-87,stub
akkadian_empire,Akkadian Empire,ur_iii,Third Dynasty of Ur (Neo-Sumerian),contraction,3,mesopotamia,1,0,0,0,1,0,42,stub
ottoman_empire,Ottoman Empire,kingdom_of_iraq,Kingdom of Iraq,contraction,3,mesopotamia,1,0,0,0,0,0,-1,stub
abbasid_caliphate,Abbasid Caliphate,rustamid_dynasty,Rustamid Dynasty,contraction,3,north_africa,1,0,0,1,0,0,-482,stub
abbasid_caliphate,Abbasid Caliphate,idrisid_dynasty,Idrisid Dynasty,contraction,3,north_africa,1,0,0,1,0,0,-470,stub
abbasid_caliphate,Abbasid Caliphate,aghlabid_dynasty,Aghlabid Dynasty,contraction,3,north_africa,1,0,0,1,0,0,-458,stub
abbasid_caliphate,Abbasid Caliphate,zirid_dynasty,Zirid Dynasty,contraction,3,north_africa,1,0,0,1,0,0,-286,stub
abbasid_caliphate,Abbasid Caliphate,almoravid_dynasty,Almoravid Dynasty,contraction,3,north_africa,1,0,0,1,0,0,-218,stub
fatimid_caliphate,Fatimid Caliphate,zirid_dynasty,Zirid Dynasty,contraction,3,north_africa,1,0,0,1,0,0,-199,stub
fatimid_caliphate,Fatimid Caliphate,almoravid_dynasty,Almoravid Dynasty,contraction,3,north_africa,1,0,0,1,0,0,-131,stub
fatimid_caliphate,Fatimid Caliphate,hafsid_dynasty,Hafsid Dynasty,contraction,3,north_africa,1,0,0,1,0,0,58,stub
fatimid_caliphate,Fatimid Caliphate,marinid_dynasty,Marinid Dynasty,contraction,3,north_africa,1,0,0,1,0,0,73,stub
seljuk_empire,Seljuk Empire,chagatai_khanate,Chagatai Khanate,contraction,3,transoxiana,1,0,0,0,1,0,32,stub
sassanid_empire,Sassanid Empire,samanid_empire,Samanid Empire,contraction,3,,0,1,0,0,0,0,168,stub
sassanid_empire,Sassanid Empire,saffarid_dynasty,Saffarid Dynasty,contraction,3,,0,1,0,0,0,0,210,stub
sassanid_empire,Sassanid Empire,buyid_dynasty,Buyid Dynasty,contraction,3,,0,1,0,0,0,0,283,stub
safavid_empire,Safavid Empire,pahlavi_dynasty,Pahlavi Dynasty,contraction,3,,0,1,0,0,0,0,189,stub
safavid_empire,Safavid Empire,islamic_republic_iran,Islamic Republic of Iran,contraction,3,,0,1,0,0,0,0,243,stub
ming_dynasty,Ming Dynasty,manchukuo,Manchukuo,contraction,3,,0,1,0,0,0,0,288,stub
avar_khaganate,Avar Khaganate,western_xia,Western Xia (Tangut Empire),contraction,3,,0,1,0,0,0,0,234,stub
gupta_empire,Gupta Empire,pala_empire,Pala Empire,contraction,3,,0,1,0,0,0,0,200,stub
kara_khanid_khanate,Kara-Khanid Khanate,kazakh_khanate,Kazakh Khanate,contraction,3,,0,1,0,0,0,0,253,stub
seljuk_empire,Seljuk Empire,kara_koyunlu,Kara Koyunlu (Black Sheep Turkmen),contraction,3,,0,1,0,0,0,0,180,stub
seljuk_empire,Seljuk Empire,aq_qoyunlu,Aq Qoyunlu (White Sheep Turkmen),contraction,3,,0,1,0,0,0,0,184,stub
ottoman_empire,Ottoman Empire,kara_koyunlu,Kara Koyunlu (Black Sheep Turkmen),contraction,3,,0,1,0,0,0,0,-548,stub
timurid_empire,Timurid Empire,khanate_of_kokand,Khanate of Kokand,contraction,3,,0,1,0,0,0,0,202,stub
goguryeo,Goguryeo,goryeo,Goryeo Dynasty,contraction,3,,0,1,0,0,0,0,250,stub
mongol_empire,Mongol Empire,dzungar_khanate,Dzungar Khanate,contraction,3,,0,1,0,0,0,0,266,stub
mongol_empire,Mongol Empire,khoshut_khanate,Khoshut Khanate,contraction,3,,0,1,0,0,0,0,274,stub
chagatai_khanate,Chagatai Khanate,dzungar_khanate,Dzungar Khanate,contraction,3,,0,1,0,0,0,0,287,stub
chagatai_khanate,Chagatai Khanate,khoshut_khanate,Khoshut Khanate,contraction,3,,0,1,0,0,0,0,295,stub
umayyad_caliphate,Umayyad Caliphate,ikhshidid_dynasty,Ikhshidid Dynasty,contraction,3,,0,0,0,1,1,0,185,stub
abbasid_caliphate,Abbasid Caliphate,hafsid_dynasty,Hafsid Dynasty,contraction,3,,0,0,0,1,0,0,-29,stub
abbasid_caliphate,Abbasid Caliphate,marinid_dynasty,Marinid Dynasty,contraction,3,,0,0,0,1,0,0,-14,stub
ghorid_dynasty,Ghorid Sultanate,malwa_sultanate,Malwa Sultanate,contraction,3,,0,0,0,1,1,0,177,stub
ghorid_dynasty,Ghorid Sultanate,jaunpur_sultanate,Jaunpur Sultanate,contraction,3,,0,0,0,1,1,0,179,stub
cao_wei,Cao Wei,eastern_wu,Eastern Wu,displacement,3,,0,0,0,1,0,0,-43,stub
shu_han,Shu Han,eastern_wu,Eastern Wu,displacement,3,,0,0,0,1,0,0,-41,stub
eastern_jin,Eastern Jin Dynasty,northern_dynasties,Northern Dynasties,displacement,3,,0,0,0,1,0,0,-34,stub
vandal_kingdom,Vandal Kingdom of North Africa,carolingian_empire,Frankish Kingdom / Carolingian Empire,displacement,3,,0,0,0,1,0,0,-47,stub
vandal_kingdom,Vandal Kingdom of North Africa,ostrogothic_kingdom,Ostrogothic Kingdom of Italy,displacement,3,,0,0,0,1,0,0,-40,stub
vandal_kingdom,Vandal Kingdom of North Africa,lombard_kingdom,Kingdom of the Lombards,displacement,3,,0,0,0,1,0,0,35,stub
chalukya_dynasty,Chalukya Dynasty (Badami),pratihara_dynasty,Pratihara Dynasty,displacement,3,,0,0,0,1,0,0,-27,stub
pratihara_dynasty,Pratihara Dynasty,hoysala_dynasty,Hoysala Empire,displacement,3,,0,0,0,1,0,0,-30,stub
rashidun_caliphate,Rashidun Caliphate,al_andalus,Al-Andalus,displacement,3,,0,0,0,1,0,0,50,stub
al_andalus,Al-Andalus,funj_sultanate,Funj Sultanate,displacement,3,,0,0,0,1,0,0,12,stub
rustamid_dynasty,Rustamid Dynasty,tulunid_dynasty,Tulunid Dynasty,displacement,3,,0,0,0,1,0,0,-41,stub
rustamid_dynasty,Rustamid Dynasty,ikhshidid_dynasty,Ikhshidid Dynasty,displacement,3,,0,0,0,1,0,0,26,stub
idrisid_dynasty,Idrisid Dynasty,ikhshidid_dynasty,Ikhshidid Dynasty,displacement,3,,0,0,0,1,0,0,-39,stub
aghlabid_dynasty,Aghlabid Dynasty,tulunid_dynasty,Tulunid Dynasty,displacement,3,,0,0,0,1,0,0,-41,stub
aghlabid_dynasty,Aghlabid Dynasty,ikhshidid_dynasty,Ikhshidid Dynasty,displacement,3,,0,0,0,1,0,0,26,stub
zirid_dynasty,Zirid Dynasty,zangid_atabegate,Zangid Atabegate,displacement,3,,0,0,0,1,0,0,-21,stub
zirid_dynasty,Zirid Dynasty,ayyubid_sultanate,Ayyubid Sultanate,displacement,3,,0,0,0,1,0,0,23,stub
almoravid_dynasty,Almoravid Dynasty,zangid_atabegate,Zangid Atabegate,displacement,3,,0,0,0,1,0,0,-20,stub
almoravid_dynasty,Almoravid Dynasty,ayyubid_sultanate,Ayyubid Sultanate,displacement,3,,0,0,0,1,0,0,24,stub
almohad_caliphate,Almohad Caliphate,mamluk_sultanate,Mamluk Sultanate,displacement,3,,0,0,0,1,0,0,-19,stub
almohad_caliphate,Almohad Caliphate,ifat_sultanate,Ifat Sultanate,displacement,3,,0,0,0,1,0,0,16,stub
zangid_atabegate,Zangid Atabegate,hafsid_dynasty,Hafsid Dynasty,displacement,3,,0,0,0,1,0,0,-21,stub
zangid_atabegate,Zangid Atabegate,ifat_sultanate,Ifat Sultanate,displacement,3,,0,0,0,1,0,0,35,stub
ayyubid_sultanate,Ayyubid Sultanate,hafsid_dynasty,Hafsid Dynasty,displacement,3,,0,0,0,1,0,0,-31,stub
ayyubid_sultanate,Ayyubid Sultanate,marinid_dynasty,Marinid Dynasty,displacement,3,,0,0,0,1,0,0,-16,stub
ayyubid_sultanate,Ayyubid Sultanate,ifat_sultanate,Ifat Sultanate,displacement,3,,0,0,0,1,0,0,25,stub
hafsid_dynasty,Hafsid Dynasty,darfur_sultanate,Darfur Sultanate,displacement,3,,0,0,0,1,0,0,29,stub
marinid_dynasty,Marinid Dynasty,adal_sultanate,Adal Sultanate,displacement,3,,0,0,0,1,0,0,-50,stub
marinid_dynasty,Marinid Dynasty,funj_sultanate,Funj Sultanate,displacement,3,,0,0,0,1,0,0,39,stub
mamluk_sultanate,Mamluk Sultanate,funj_sultanate,Funj Sultanate,displacement,3,,0,0,0,1,0,0,-13,stub
mamluk_sultanate,Mamluk Sultanate,saadian_dynasty,Saadian Dynasty,displacement,3,,0,0,0,1,0,0,32,stub
bahmani_sultanate,Bahmani Sultanate,funj_sultanate,Funj Sultanate,displacement,3,,0,0,0,1,0,0,-23,stub
bahmani_sultanate,Bahmani Sultanate,saadian_dynasty,Saadian Dynasty,displacement,3,,0,0,0,1,0,0,22,stub
adal_sultanate,Adal Sultanate,saadian_dynasty,Saadian Dynasty,displacement,3,,0,0,0,1,0,0,-28,stub
adal_sultanate,Adal Sultanate,darfur_sultanate,Darfur Sultanate,displacement,3,,0,0,0,1,0,0,26,stub
funj_sultanate,Funj Sultanate,kingdom_of_egypt,Kingdom of Egypt,displacement,3,,0,0,0,1,0,0,-16,stub
darfur_sultanate,Darfur Sultanate,saudi_arabia,Kingdom of Saudi Arabia,displacement,3,,0,0,0,1,0,0,16,stub
darfur_sultanate,Darfur Sultanate,kingdom_of_jordan,Hashemite Kingdom of Jordan,displacement,3,,0,0,0,1,0,0,30,stub
darfur_sultanate,Darfur Sultanate,republic_of_egypt,Republic of Egypt,displacement,3,,0,0,0,1,0,0,36,stub
darfur_sultanate,Darfur Sultanate,republic_of_iraq,Republic of Iraq,displacement,3,,0,0,0,1,0,0,42,stub
kingdom_of_egypt,Kingdom of Egypt,kingdom_of_iraq,Kingdom of Iraq,displacement,3,,0,0,0,1,0,0,-31,stub
kingdom_of_egypt,Kingdom of Egypt,saudi_arabia,Kingdom of Saudi Arabia,displacement,3,,0,0,0,1,0,0,-20,stub
mahdist_state,Mahdist State,kingdom_of_iraq,Kingdom of Iraq,displacement,3,,0,0,0,1,0,0,23,stub
mahdist_state,Mahdist State,saudi_arabia,Kingdom of Saudi Arabia,displacement,3,,0,0,0,1,0,0,34,stub
mahdist_state,Mahdist State,kingdom_of_jordan,Hashemite Kingdom of Jordan,displacement,3,,0,0,0,1,0,0,48,stub
kingdom_of_iraq,Kingdom of Iraq,saudi_arabia,Kingdom of Saudi Arabia,displacement,3,,0,0,0,1,0,0,-26,stub
kingdom_of_iraq,Kingdom of Iraq,kingdom_of_jordan,Hashemite Kingdom of Jordan,displacement,3,,0,0,0,1,0,0,-12,stub
kievan_rus,Kievan Rus,serbian_empire,Serbian Empire (Nemanjić Dynasty),displacement,3,,0,0,0,1,0,0,-50,stub
buyid_dynasty,Buyid Dynasty,seljuk_rum,Sultanate of Rum,displacement,3,,0,0,0,1,0,0,15,stub
seljuk_empire,Seljuk Empire,delhi_sultanate,Delhi Sultanate,displacement,3,,0,0,0,1,0,0,12,stub
seljuk_rum,Sultanate of Rum,jalayirid_sultanate,Jalayirid Sultanate,displacement,3,,0,0,0,1,0,0,28,stub
seljuk_rum,Sultanate of Rum,madurai_sultanate,Madurai Sultanate,displacement,3,,0,0,0,1,0,0,28,stub
ghorid_dynasty,Ghorid Sultanate,khwarazmian_empire,Khwarazmian Empire,displacement,3,,0,0,0,1,0,0,-15,stub
khwarazmian_empire,Khwarazmian Empire,delhi_sultanate,Delhi Sultanate,displacement,3,,0,0,0,1,0,0,-14,stub
khwarazmian_empire,Khwarazmian Empire,ilkhanate,Ilkhanate,displacement,3,,0,0,0,1,0,0,36,stub
delhi_sultanate,Delhi Sultanate,safavid_empire,Safavid Empire,displacement,3,,0,0,0,1,0,0,-25,stub
jalayirid_sultanate,Jalayirid Sultanate,malwa_sultanate,Malwa Sultanate,displacement,3,,0,0,0,1,0,0,-40,stub
jalayirid_sultanate,Jalayirid Sultanate,jaunpur_sultanate,Jaunpur Sultanate,displacement,3,,0,0,0,1,0,0,-38,stub
jalayirid_sultanate,Jalayirid Sultanate,gujarat_sultanate,Gujarat Sultanate,displacement,3,,0,0,0,1,0,0,-25,stub
madurai_sultanate,Madurai Sultanate,malwa_sultanate,Malwa Sultanate,displacement,3,,0,0,0,1,0,0,14,stub
madurai_sultanate,Madurai Sultanate,jaunpur_sultanate,Jaunpur Sultanate,displacement,3,,0,0,0,1,0,0,16,stub
madurai_sultanate,Madurai Sultanate,gujarat_sultanate,Gujarat Sultanate,displacement,3,,0,0,0,1,0,0,29,stub
timurid_empire,Timurid Empire,mughal_empire,Mughal Empire,displacement,3,,0,0,0,1,0,0,19,stub
timurid_empire,Timurid Empire,sur_empire,Sur Empire,displacement,3,,0,0,0,1,0,0,33,stub
jaunpur_sultanate,Jaunpur Sultanate,safavid_empire,Safavid Empire,displacement,3,,0,0,0,1,0,0,22,stub
gujarat_sultanate,Gujarat Sultanate,sur_empire,Sur Empire,displacement,3,,0,0,0,1,0,0,-33,stub
safavid_empire,Safavid Empire,hyderabad_state,Nizam of Hyderabad,displacement,3,,0,0,0,1,0,0,-12,stub
moghulistan,Moghulistan Khanate,kazan_khanate,Kazan Khanate,displacement,3,,0,0,0,1,0,0,-24,stub
moghulistan,Moghulistan Khanate,khanate_of_bukhara,Khanate of Bukhara,displacement,3,,0,0,0,1,0,0,38,stub
moghulistan,Moghulistan Khanate,khanate_of_khiva,Khanate of Khiva,displacement,3,,0,0,0,1,0,0,49,stub
kazan_khanate,Kazan Khanate,khanate_of_khiva,Khanate of Khiva,displacement,3,,0,0,0,1,0,0,-41,stub
kazan_khanate,Kazan Khanate,yarkand_khanate,Yarkand Khanate,displacement,3,,0,0,0,1,0,0,-38,stub
seleucid_empire,Seleucid Empire,roman_empire,Roman Empire,expansion,3,anatolia|levant,2,0,0,0,0,0,36,stub
latin_empire,Latin Empire,ottoman_empire,Ottoman Empire,expansion,3,anatolia|balkans,2,0,0,0,0,0,38,stub
kingdom_of_urartu,Kingdom of Urartu,achaemenid_empire,Achaemenid Empire,expansion,3,caucasus,1,0,0,0,1,0,40,stub
ilkhanate,Ilkhanate,ottoman_empire,Ottoman Empire,expansion,3,caucasus,1,0,0,0,1,0,-36,stub
tibetan_empire,Tibetan Empire,kara_khanid_khanate,Kara-Khanid Khanate,expansion,3,central_asian_steppe,1,0,0,0,0,0,-2,stub
western_xia,Western Xia (Tangut Empire),chagatai_khanate,Chagatai Khanate,expansion,3,central_asian_steppe,1,0,0,0,0,0,-1,stub
qara_khitai,Qara Khitai (Western Liao),mongol_empire,Mongol Empire,expansion,3,central_asian_steppe|transoxiana,2,0,0,0,0,0,-12,stub
kazakh_khanate,Kazakh Khanate,russian_empire,Russian Empire,expansion,3,central_asian_steppe,1,0,0,0,0,0,-10,stub
khoshut_khanate,Khoshut Khanate,russian_empire,Russian Empire,expansion,3,central_asian_steppe,1,0,0,0,0,0,4,stub
hyderabad_state,Nizam of Hyderabad,republic_of_india,Republic of India,expansion,3,deccan,1,0,0,0,0,0,-1,stub
byzantine_empire,Byzantine Empire,umayyad_caliphate,Umayyad Caliphate,expansion,3,egypt|levant|north_africa,3,0,0,0,0,0,-792,stub
byzantine_empire,Byzantine Empire,abbasid_caliphate,Abbasid Caliphate,expansion,3,egypt|levant|north_africa,3,0,0,0,0,0,-703,stub
kamarupa_kingdom,Kamarupa Kingdom,ghorid_dynasty,Ghorid Sultanate,expansion,3,ganges_plain,1,0,0,0,0,0,8,stub
pala_empire,Pala Empire,delhi_sultanate,Delhi Sultanate,expansion,3,ganges_plain,1,0,0,0,0,0,6,stub
gajapati_dynasty,Gajapati Dynasty (Odisha),sur_empire,Sur Empire,expansion,3,ganges_plain,1,0,0,0,0,0,-1,stub
bengal_sultanate,Bengal Sultanate,sur_empire,Sur Empire,expansion,3,ganges_plain,1,0,0,0,1,0,-36,stub
indo_scythian_kingdom,Indo-Scythian Kingdom,kushan_empire,Kushan Empire,expansion,3,indus_valley|punjab,2,0,0,0,1,0,-370,stub
indo_parthian_kingdom,Indo-Parthian Kingdom,kushan_empire,Kushan Empire,expansion,3,indus_valley|punjab,2,0,0,0,1,0,-196,stub
durrani_empire,Durrani Empire,british_raj,British Raj,expansion,3,indus_valley|punjab,2,0,0,0,0,0,32,stub
sassanid_empire,Sassanid Empire,rashidun_caliphate,Rashidun Caliphate,expansion,3,iran_plateau|mesopotamia,2,0,0,0,0,0,-19,stub
sassanid_empire,Sassanid Empire,abbasid_caliphate,Abbasid Caliphate,expansion,3,iran_plateau|khorasan|mesopotamia,3,0,0,0,0,0,99,stub
jalayirid_sultanate,Jalayirid Sultanate,timurid_empire,Timurid Empire,expansion,3,iran_plateau,1,0,0,1,0,0,-62,stub
jalayirid_sultanate,Jalayirid Sultanate,aq_qoyunlu,Aq Qoyunlu (White Sheep Turkmen),expansion,3,iran_plateau|mesopotamia,2,0,0,0,1,0,-54,stub
kara_koyunlu,Kara Koyunlu (Black Sheep Turkmen),safavid_empire,Safavid Empire,expansion,3,iran_plateau|mesopotamia,2,0,0,0,0,0,33,stub
ghorid_dynasty,Ghorid Sultanate,mongol_empire,Mongol Empire,expansion,3,khorasan,1,0,0,0,0,0,-9,stub
novgorod_republic,Novgorod Republic,grand_duchy_of_lithuania,Grand Duchy of Lithuania,expansion,3,kievan_rus,1,0,0,1,0,0,-242,stub
galicia_volhynia,Principality of Galicia-Volhynia,grand_duchy_of_lithuania,Grand Duchy of Lithuania,expansion,3,kievan_rus,1,0,0,1,0,0,-113,stub
polish_lithuanian_commonwealth,Polish-Lithuanian Commonwealth,russian_empire,Russian Empire,expansion,3,kievan_rus|lithuania|poland,3,0,0,0,0,0,-74,stub
phoenician_states,"Phoenician City-States (Tyre, Sidon, Byblos)",macedonian_empire,Macedonian Empire (Alexander),expansion,3,levant,1,0,0,0,0,0,-4,stub
neo_babylonian,Neo-Babylonian (Chaldean) Empire,achaemenid_empire,Achaemenid Empire,expansion,3,levant|mesopotamia,2,0,0,0,0,0,-11,stub
hasmonean_dynasty,Hasmonean Dynasty,roman_empire,Roman Empire,expansion,3,levant,1,0,0,0,0,0,10,stub
jin_jurchen,Jin Dynasty (Jurchen),mongol_empire,Mongol Empire,expansion,3,manchuria|yellow_river,2,0,0,0,0,0,-28,stub
jin_jurchen,Jin Dynasty (Jurchen),yuan_dynasty,Yuan Dynasty,expansion,3,manchuria|yellow_river,2,0,0,0,0,0,37,stub
zangid_atabegate,Zangid Atabegate,ilkhanate,Ilkhanate,expansion,3,mesopotamia,1,0,0,0,0,0,6,stub
north_yuan,North Yuan,qing_dynasty,Qing Dynasty (Manchu),expansion,3,mongolian_plateau,1,0,0,0,0,0,9,stub
rustamid_dynasty,Rustamid Dynasty,almoravid_dynasty,Almoravid Dynasty,expansion,3,north_africa,1,0,0,1,0,0,131,stub
idrisid_dynasty,Idrisid Dynasty,fatimid_caliphate,Fatimid Caliphate,expansion,3,north_africa,1,0,0,1,0,0,-65,stub
sikh_empire,Sikh Empire,british_raj,British Raj,expansion,3,punjab,1,0,0,0,0,0,9,stub
kingdom_of_scotland,Kingdom of Scotland,kingdom_of_great_britain,Kingdom of Great Britain,expansion,3,scotland,1,0,0,0,0,0,0,stub
goktürk_khaganate,Göktürk Khaganate,abbasid_caliphate,Abbasid Caliphate,expansion,3,transoxiana,1,0,0,0,0,0,6,stub
khwarazmian_empire,Khwarazmian Empire,chagatai_khanate,Chagatai Khanate,expansion,3,transoxiana,1,0,0,0,0,0,6,stub
chagatai_khanate,Chagatai Khanate,timurid_empire,Timurid Empire,expansion,3,transoxiana,1,0,0,0,1,0,23,stub
khanate_of_khiva,Khanate of Khiva,soviet_union,Soviet Union,expansion,3,transoxiana,1,0,0,0,0,0,2,stub
southern_song,Southern Song Dynasty,yuan_dynasty,Yuan Dynasty,expansion,3,yangtze,1,0,0,0,0,0,-8,stub
eastern_jin,Eastern Jin Dynasty,sui_dynasty,Sui Dynasty,expansion,3,,0,1,0,0,0,0,161,stub
eastern_jin,Eastern Jin Dynasty,tang_dynasty,Tang Dynasty,expansion,3,,0,1,0,0,0,0,198,stub
northern_song,Northern Song Dynasty,ming_dynasty,Ming Dynasty,expansion,3,,0,1,0,0,0,0,241,stub
himyarite_kingdom,Himyarite Kingdom,abbasid_caliphate,Abbasid Caliphate,expansion,3,,0,1,0,0,0,0,225,stub
goktürk_khaganate,Göktürk Khaganate,ghaznavid_empire,Ghaznavid Empire,expansion,3,,0,1,0,0,0,0,233,stub
goktürk_khaganate,Göktürk Khaganate,seljuk_empire,Seljuk Empire,expansion,3,,0,1,0,0,0,0,293,stub
kara_khanid_khanate,Kara-Khanid Khanate,timurid_empire,Timurid Empire,expansion,3,,0,1,0,0,0,0,158,stub
feudal_japan,Feudal Japan,empire_of_japan,Empire of Japan (Meiji),expansion,3,,0,1,0,0,0,0,265,stub
novgorod_republic,Novgorod Republic,russian_empire,Russian Empire,expansion,3,,0,1,0,0,0,0,243,stub
lombard_kingdom,Kingdom of the Lombards,holy_roman_empire,Holy Roman Empire,expansion,3,,0,0,0,1,1,0,188,stub
grand_duchy_moscow,Grand Duchy of Moscow,russian_empire,Russian Empire,expansion,3,,0,0,0,1,1,0,174,stub
second_bulgarian_empire,Second Bulgarian Empire,principality_of_moldavia,Principality of Moldavia,same,3,balkans,1,0,0,0,1,0,-50,stub
serbian_empire,Serbian Empire (Nemanjić Dynasty),principality_of_moldavia,Principality of Moldavia,same,3,balkans,1,0,0,0,1,0,-43,stub
serbian_empire,Serbian Empire (Nemanjić Dynasty),serbian_despotate,Serbian Despotate,same,3,balkans,1,0,0,0,1,0,13,stub
principality_of_wallachia,Principality of Wallachia,kingdom_of_greece,Kingdom of Greece,same,3,balkans,1,0,0,0,1,0,-27,stub
principality_of_moldavia,Principality of Moldavia,kingdom_of_greece,Kingdom of Greece,same,3,balkans,1,0,0,0,1,0,-27,stub
kara_khanid_khanate,Kara-Khanid Khanate,chagatai_khanate,Chagatai Khanate,same,3,central_asian_steppe|transoxiana,2,0,0,0,0,0,14,stub
pandya_dynasty,Pandya Dynasty,madurai_sultanate,Madurai Sultanate,same,3,deccan,1,0,0,0,0,0,-10,stub
pandya_dynasty,Pandya Dynasty,bahmani_sultanate,Bahmani Sultanate,same,3,deccan,1,0,0,0,0,0,2,stub
satavahana_empire,Satavahana Empire,vakataka_dynasty,Vakataka Dynasty,same,3,deccan,1,0,0,0,1,0,30,stub
pallava_dynasty,Pallava Dynasty,yadava_dynasty,Yadava Dynasty (Devagiri),same,3,deccan,1,0,0,0,1,0,-47,stub
yadava_dynasty,Yadava Dynasty (Devagiri),vijayanagara_empire,Vijayanagara Empire,same,3,deccan,1,0,0,0,1,0,19,stub
hoysala_dynasty,Hoysala Empire,bahmani_sultanate,Bahmani Sultanate,same,3,deccan,1,0,0,0,0,0,1,stub
vijayanagara_empire,Vijayanagara Empire,maratha_empire,Maratha Empire,same,3,deccan,1,0,0,0,1,0,28,stub
federal_republic_germany,Federal Republic of Germany,east_germany,German Democratic Republic (East Germany),same,3,germany,1,0,0,0,0,0,0,stub
visigothic_kingdom,Visigothic Kingdom,al_andalus,Al-Andalus,same,3,iberia,1,0,0,0,0,0,0,stub
indo_scythian_kingdom,Indo-Scythian Kingdom,indo_greek_kingdom,Indo-Greek Kingdom,same,3,indus_valley|punjab,2,0,0,0,1,0,-580,stub
indo_parthian_kingdom,Indo-Parthian Kingdom,kushano_sasanian_kingdom,Kushano-Sasanian Kingdom,same,3,indus_valley,1,0,0,0,0,0,4,stub
ghaznavid_empire,Ghaznavid Empire,ilkhanate,Ilkhanate,same,3,khorasan,1,0,0,1,0,0,70,stub
kievan_rus,Kievan Rus,grand_duchy_of_lithuania,Grand Duchy of Lithuania,same,3,kievan_rus,1,0,0,0,0,0,-4,stub
japanese_korea,Japanese-Occupied Korea,south_korea,Republic of Korea (South Korea),same,3,korean_peninsula,1,0,0,0,0,0,3,stub
japanese_korea,Japanese-Occupied Korea,north_korea,Democratic People's Republic of Korea (North Korea),same,3,korean_peninsula,1,0,0,0,0,0,3,stub
south_korea,Republic of Korea (South Korea),north_korea,Democratic People's Republic of Korea (North Korea),same,3,korean_peninsula,1,0,0,0,0,0,0,stub
zangid_atabegate,Zangid Atabegate,ayyubid_sultanate,Ayyubid Sultanate,same,3,levant,1,0,0,1,0,0,-79,stub
kingdom_of_jordan,Hashemite Kingdom of Jordan,state_of_israel,State of Israel,same,3,levant,1,0,0,0,0,0,0,stub
balhae,Balhae (Bohai),liao_dynasty,Liao Dynasty (Khitan),same,3,manchuria,1,0,0,0,1,0,-19,stub
republic_of_china,Republic of China,empire_of_japan,Empire of Japan (Meiji),same,3,manchuria,1,0,0,0,0,0,0,stub
empire_of_japan,Empire of Japan (Meiji),peoples_republic_of_china,People's Republic of China,same,3,manchuria,1,0,0,0,0,0,2,stub
rustamid_dynasty,Rustamid Dynasty,idrisid_dynasty,Idrisid Dynasty,same,3,north_africa,1,0,0,1,0,0,-121,stub
rustamid_dynasty,Rustamid Dynasty,aghlabid_dynasty,Aghlabid Dynasty,same,3,north_africa,1,0,0,1,0,0,-109,stub
rustamid_dynasty,Rustamid Dynasty,zirid_dynasty,Zirid Dynasty,same,3,north_africa,1,0,0,1,0,0,63,stub
meroitic_kingdom,Kingdom of Meroe (Meroitic Kingdom),makuria_kingdom,Kingdom of Makuria,same,3,nubia,1,0,0,0,0,0,-10,stub
kingdom_of_sweden,Kingdom of Sweden,kingdom_of_denmark,Kingdom of Denmark,same,3,scandinavia,1,0,0,0,0,0,0,stub
kingdom_of_sweden,Kingdom of Sweden,kingdom_of_norway,Kingdom of Norway,same,3,scandinavia,1,0,0,0,0,0,0,stub
kingdom_of_denmark,Kingdom of Denmark,kingdom_of_norway,Kingdom of Norway,same,3,scandinavia,1,0,0,0,0,0,0,stub
tang_dynasty,Tang Dynasty,liao_dynasty,Liao Dynasty (Khitan),same,3,yellow_river,1,0,0,0,0,0,0,stub
western_jin,Western Jin Dynasty,sui_dynasty,Sui Dynasty,same,3,,0,1,0,0,0,0,265,stub
ming_dynasty,Ming Dynasty,republic_of_china,Republic of China,same,3,,0,1,0,0,0,0,268,stub
kingdom_of_saba,Kingdom of Saba (Sheba),nabataean_kingdom,Nabataean Kingdom,same,3,,0,1,0,0,0,0,160,stub
chera_dynasty,Chera Dynasty,vijayanagara_empire,Vijayanagara Empire,same,3,,0,1,0,0,0,0,234,stub
chera_dynasty,Chera Dynasty,mysore_kingdom,Mysore Kingdom,same,3,,0,1,0,0,0,0,297,stub
kadamba_dynasty,Kadamba Dynasty,rashtrakuta_dynasty,Rashtrakuta Dynasty,same,3,,0,1,0,0,0,0,228,stub
western_chalukya,Western Chalukya Empire,mysore_kingdom,Mysore Kingdom,same,3,,0,1,0,0,0,0,210,stub
khwarazmian_empire,Khwarazmian Empire,khanate_of_bukhara,Khanate of Bukhara,same,3,,0,1,0,0,0,0,280,stub
khwarazmian_empire,Khwarazmian Empire,khanate_of_khiva,Khanate of Khiva,same,3,,0,1,0,0,0,0,291,stub
silla,Silla,goryeo,Goryeo Dynasty,same,3,,0,1,0,0,0,0,250,stub
baekje,Baekje,goryeo,Goryeo Dynasty,same,3,,0,1,0,0,0,0,258,stub
moghulistan,Moghulistan Khanate,dzungar_khanate,Dzungar Khanate,same,3,,0,1,0,0,0,0,172,stub
moghulistan,Moghulistan Khanate,khoshut_khanate,Khoshut Khanate,same,3,,0,1,0,0,0,0,180,stub
eastern_jin,Eastern Jin Dynasty,northern_wei,Northern Wei tributary,unknown,3,,0,0,0,1,0,0,-34,stub
northern_dynasties,Northern Dynasties,western_wei,Western Wei / Northern Zhou tributary,unknown,3,,0,0,0,1,0,0,-46,stub
later_liang,Later Liang / Northern Liang,later_jin,Later Jin,unknown,3,,0,0,0,1,0,0,13,stub
later_liang,Later Liang / Northern Liang,later_han,Later Han,unknown,3,,0,0,0,1,0,0,24,stub
macedonian_kingdom,Macedonian Kingdom,indo_greek_kingdom,Indo-Greek Kingdom,unknown,3,,0,0,0,1,0,0,-12,stub
kingdom_of_epirus,Kingdom of Epirus,indo_greek_kingdom,Indo-Greek Kingdom,unknown,3,,0,0,0,1,0,0,-13,stub
macedonian_empire,Macedonian Empire (Alexander),lysimachus,Lysimachus,unknown,3,,0,0,0,1,0,0,17,stub
lysimachus,Lysimachus,greco_bactrian_kingdom,Greco-Bactrian Kingdom,unknown,3,,0,0,0,1,0,0,25,stub
first_turkic_khaganate,First Türkic Empire,avar_khaganate,Avar Khaganate,unknown,3,,0,0,0,1,0,0,-35,stub
first_turkic_khaganate,First Türkic Empire,xueyantuo,Xueyantuo,unknown,3,,0,0,0,1,0,0,25,stub
first_turkic_khaganate,First Türkic Empire,khazar_khaganate,Khazar Khaganate,unknown,3,,0,0,0,1,0,0,47,stub
goktürk_khaganate,Göktürk Khaganate,turgesh_khaganate,Turgesh Khaganate,unknown,3,,0,0,0,1,0,0,-45,stub
xueyantuo,Xueyantuo,second_turkic_khaganate,Second Türkic Khaganate,unknown,3,,0,0,0,1,0,0,36,stub
second_turkic_khaganate,Second Türkic Khaganate,turgesh_khaganate,Turgesh Khaganate,unknown,3,,0,0,0,1,0,0,-45,stub
umayyad_caliphate,Umayyad Caliphate,muhallabid_governors,Muhallabid governors,unknown,3,,0,0,0,1,0,0,21,stub
muhallabid_governors,Muhallabid governors,rustamid_dynasty,Rustamid Dynasty,unknown,3,,0,0,0,1,0,0,-17,stub
muhallabid_governors,Muhallabid governors,ziyadid_dynasty,Ziyadid Dynasty,unknown,3,,0,0,0,1,0,0,26,stub
muhallabid_governors,Muhallabid governors,tahirid_dynasty,Tahirid dynasty,unknown,3,,0,0,0,1,0,0,28,stub
rustamid_dynasty,Rustamid Dynasty,sajid_dynasty,Sajid dynasty,unknown,3,,0,0,0,1,0,0,-20,stub
rustamid_dynasty,Rustamid Dynasty,hamdanid_emirate,Hamdanid Emirate,unknown,3,,0,0,0,1,0,0,-19,stub
aghlabid_dynasty,Aghlabid Dynasty,sajid_dynasty,Sajid dynasty,unknown,3,,0,0,0,1,0,0,-20,stub
aghlabid_dynasty,Aghlabid Dynasty,hamdanid_emirate,Hamdanid Emirate,unknown,3,,0,0,0,1,0,0,-19,stub
ziyadid_dynasty,Ziyadid Dynasty,zirid_dynasty,Zirid Dynasty,unknown,3,,0,0,0,1,0,0,-46,stub
ziyadid_dynasty,Ziyadid Dynasty,almoravid_dynasty,Almoravid Dynasty,unknown,3,,0,0,0,1,0,0,22,stub
ziyadid_dynasty,Ziyadid Dynasty,sulayhid_dynasty,Sulayhid Dynasty,unknown,3,,0,0,0,1,0,0,29,stub
tahirid_dynasty,Tahirid dynasty,sajid_dynasty,Sajid dynasty,unknown,3,,0,0,0,1,0,0,16,stub
tahirid_dynasty,Tahirid dynasty,hamdanid_emirate,Hamdanid Emirate,unknown,3,,0,0,0,1,0,0,17,stub
tahirid_dynasty,Tahirid dynasty,fatimid_caliphate,Fatimid Caliphate,unknown,3,,0,0,0,1,0,0,36,stub
tulunid_dynasty,Tulunid Dynasty,sajid_dynasty,Sajid dynasty,unknown,3,,0,0,0,1,0,0,-16,stub
tulunid_dynasty,Tulunid Dynasty,hamdanid_emirate,Hamdanid Emirate,unknown,3,,0,0,0,1,0,0,-15,stub
sajid_dynasty,Sajid dynasty,hamdanid_emirate,Hamdanid Emirate,unknown,3,,0,0,0,1,0,0,-39,stub
sajid_dynasty,Sajid dynasty,fatimid_caliphate,Fatimid Caliphate,unknown,3,,0,0,0,1,0,0,-20,stub
sajid_dynasty,Sajid dynasty,zirid_dynasty,Zirid Dynasty,unknown,3,,0,0,0,1,0,0,43,stub
hamdanid_emirate,Hamdanid Emirate,zirid_dynasty,Zirid Dynasty,unknown,3,,0,0,0,1,0,0,-32,stub
hamdanid_emirate,Hamdanid Emirate,almoravid_dynasty,Almoravid Dynasty,unknown,3,,0,0,0,1,0,0,36,stub
hamdanid_emirate,Hamdanid Emirate,sulayhid_dynasty,Sulayhid Dynasty,unknown,3,,0,0,0,1,0,0,43,stub
fatimid_caliphate,Fatimid Caliphate,banu_ghaniya,Banu Ghaniya,unknown,3,,0,0,0,1,0,0,-23,stub
sulayhid_dynasty,Sulayhid Dynasty,almohad_caliphate,Almohad Caliphate,unknown,3,,0,0,0,1,0,0,-17,stub
sulayhid_dynasty,Sulayhid Dynasty,zangid_atabegate,Zangid Atabegate,unknown,3,,0,0,0,1,0,0,-11,stub
sulayhid_dynasty,Sulayhid Dynasty,ayyubid_sultanate,Ayyubid Sultanate,unknown,3,,0,0,0,1,0,0,33,stub
banu_ghaniya,Banu Ghaniya,mamluk_sultanate,Mamluk Sultanate,unknown,3,,0,0,0,1,0,0,13,stub
banu_ghaniya,Banu Ghaniya,ifat_sultanate,Ifat Sultanate,unknown,3,,0,0,0,1,0,0,48,stub
funj_sultanate,Funj Sultanate,muhammad_ali_dynasty,Muhammad Ali dynasty,unknown,3,,0,0,0,1,0,0,-16,stub
darfur_sultanate,Darfur Sultanate,united_arab_republic,United Arab Republic,unknown,3,,0,0,0,1,0,0,42,stub
kingdom_of_egypt,Kingdom of Egypt,republic_of_yemen,Republic of Yemen,unknown,3,,0,0,0,1,0,0,38,stub
muhammad_ali_dynasty,Muhammad Ali dynasty,kingdom_of_iraq,Kingdom of Iraq,unknown,3,,0,0,0,1,0,0,-32,stub
muhammad_ali_dynasty,Muhammad Ali dynasty,saudi_arabia,Kingdom of Saudi Arabia,unknown,3,,0,0,0,1,0,0,-21,stub
muhammad_ali_dynasty,Muhammad Ali dynasty,republic_of_yemen,Republic of Yemen,unknown,3,,0,0,0,1,0,0,37,stub
kingdom_of_iraq,Kingdom of Iraq,republic_of_yemen,Republic of Yemen,unknown,3,,0,0,0,1,0,0,32,stub
united_arab_republic,United Arab Republic,republic_of_yemen,Republic of Yemen,unknown,3,,0,0,0,1,0,0,29,stub
great_moravia,Great Moravia,kievan_rus,Kievan Rus,unknown,3,,0,0,0,1,0,0,-25,stub
czechoslovakia,Czechoslovakia,federalization,Federalization,unknown,3,,0,0,0,1,0,0,-24,stub
kingdom_of_france,Kingdom of France,french_first_empire,French First Empire,unknown,3,,0,0,0,1,0,0,12,stub
kingdom_of_france,Kingdom of France,haiti,Republic of Haiti,unknown,3,,0,0,0,1,0,0,12,stub
new_france,New France,french_first_empire,French First Empire,unknown,3,,0,0,0,1,0,0,41,stub
new_france,New France,haiti,Republic of Haiti,unknown,3,,0,0,0,1,0,0,41,stub
austria_hungary,Austria-Hungary / Italian occupation zones,german_empire,German Empire (Deutsches Reich),unknown,3,,0,0,0,1,0,0,-47,stub
austria_hungary,Austria-Hungary / Italian occupation zones,nazi_germany,Nazi Germany (Third Reich),unknown,3,,0,0,0,1,0,0,15,stub
austria_hungary,Austria-Hungary / Italian occupation zones,east_germany,German Democratic Republic (East Germany),unknown,3,,0,0,0,1,0,0,31,stub
austria_hungary,Austria-Hungary / Italian occupation zones,federal_republic_germany,Federal Republic of Germany,unknown,3,,0,0,0,1,0,0,31,stub
tsardom_russia,Tsardom of Russia,russian_alaska,Russian America,unknown,3,,0,0,0,1,0,0,12,stub
spanish_caribbean,Spanish Caribbean (Cuba/Hispaniola/Puerto Rico),second_mexican_empire,Second Mexican Empire,unknown,3,,0,0,0,1,0,0,-34,stub
spanish_florida,Spanish Florida,viceroyalty_of_rio_de_la_plata,Viceroyalty of Río de la Plata,unknown,3,,0,0,0,1,0,0,-45,stub
spanish_florida,Spanish Florida,dominican_republic,Dominican Republic,unknown,3,,0,0,0,1,0,0,23,stub
spanish_florida,Spanish Florida,second_mexican_empire,Second Mexican Empire,unknown,3,,0,0,0,1,0,0,43,stub
new_spain,Viceroyalty of New Spain,viceroyalty_of_rio_de_la_plata,Viceroyalty of Río de la Plata,unknown,3,,0,0,0,1,0,0,-45,stub
new_spain,Viceroyalty of New Spain,dominican_republic,Dominican Republic,unknown,3,,0,0,0,1,0,0,23,stub
new_spain,Viceroyalty of New Spain,second_mexican_empire,Second Mexican Empire,unknown,3,,0,0,0,1,0,0,43,stub
viceroyalty_of_peru,Viceroyalty of Peru,viceroyalty_of_rio_de_la_plata,Viceroyalty of Río de la Plata,unknown,3,,0,0,0,1,0,0,-48,stub
viceroyalty_of_peru,Viceroyalty of Peru,paraguay,Republic of Paraguay,unknown,3,,0,0,0,1,0,0,-13,stub
viceroyalty_of_peru,Viceroyalty of Peru,dominican_republic,Dominican Republic,unknown,3,,0,0,0,1,0,0,20,stub
viceroyalty_of_peru,Viceroyalty of Peru,second_mexican_empire,Second Mexican Empire,unknown,3,,0,0,0,1,0,0,40,stub
viceroyalty_of_new_granada,Viceroyalty of New Granada,viceroyalty_of_rio_de_la_plata,Viceroyalty of Río de la Plata,unknown,3,,0,0,0,1,0,0,-43,stub
viceroyalty_of_new_granada,Viceroyalty of New Granada,ecuador,Republic of Ecuador,unknown,3,,0,0,0,1,0,0,11,stub
viceroyalty_of_new_granada,Viceroyalty of New Granada,venezuela,Republic of Venezuela,unknown,3,,0,0,0,1,0,0,11,stub
viceroyalty_of_new_granada,Viceroyalty of New Granada,colombia,Republic of Colombia,unknown,3,,0,0,0,1,0,0,12,stub
viceroyalty_of_new_granada,Viceroyalty of New Granada,dominican_republic,Dominican Republic,unknown,3,,0,0,0,1,0,0,25,stub
viceroyalty_of_new_granada,Viceroyalty of New Granada,second_mexican_empire,Second Mexican Empire,unknown,3,,0,0,0,1,0,0,45,stub
viceroyalty_of_rio_de_la_plata,Viceroyalty of Río de la Plata,uruguay,Oriental Republic of Uruguay,unknown,3,,0,0,0,1,0,0,12,stub
viceroyalty_of_rio_de_la_plata,Viceroyalty of Río de la Plata,ecuador,Republic of Ecuador,unknown,3,,0,0,0,1,0,0,14,stub
viceroyalty_of_rio_de_la_plata,Viceroyalty of Río de la Plata,venezuela,Republic of Venezuela,unknown,3,,0,0,0,1,0,0,14,stub
viceroyalty_of_rio_de_la_plata,Viceroyalty of Río de la Plata,colombia,Republic of Colombia,unknown,3,,0,0,0,1,0,0,15,stub
viceroyalty_of_rio_de_la_plata,Viceroyalty of Río de la Plata,dominican_republic,Dominican Republic,unknown,3,,0,0,0,1,0,0,28,stub
viceroyalty_of_rio_de_la_plata,Viceroyalty of Río de la Plata,second_mexican_empire,Second Mexican Empire,unknown,3,,0,0,0,1,0,0,48,stub
gran_colombia,Gran Colombia,dominican_republic,Dominican Republic,unknown,3,,0,0,0,1,0,0,13,stub
gran_colombia,Gran Colombia,second_mexican_empire,Second Mexican Empire,unknown,3,,0,0,0,1,0,0,33,stub
first_mexican_empire,First Mexican Empire,dominican_republic,Dominican Republic,unknown,3,,0,0,0,1,0,0,21,stub
first_mexican_empire,First Mexican Empire,second_mexican_empire,Second Mexican Empire,unknown,3,,0,0,0,1,0,0,41,stub
second_mexican_empire,Second Mexican Empire,cuba,Republic of Cuba,unknown,3,,0,0,0,1,0,0,35,stub
jamestown_colony,Jamestown Colony,thirteen_colonies,Thirteen Colonies,unknown,3,,0,0,0,1,0,0,-17,stub
jamestown_colony,Jamestown Colony,rupert_land,Rupert's Land (Hudson's Bay Company),unknown,3,,0,0,0,1,0,0,46,stub
thirteen_colonies,Thirteen Colonies,united_kingdom,United Kingdom of Great Britain and Ireland,unknown,3,,0,0,0,1,0,0,25,stub
plymouth_colony,Plymouth Colony,rupert_land,Rupert's Land (Hudson's Bay Company),unknown,3,,0,0,0,1,0,0,-21,stub
plymouth_colony,Plymouth Colony,kingdom_of_great_britain,Kingdom of Great Britain,unknown,3,,0,0,0,1,0,0,16,stub
british_caribbean,British Caribbean,british_military_administration,British Military Administration,unknown,3,,0,0,0,1,0,0,-19,stub
british_caribbean,British Caribbean,canada,Canada,unknown,3,,0,0,0,1,0,0,20,stub
rupert_land,Rupert's Land (Hudson's Bay Company),texas_republic,Republic of Texas,unknown,3,,0,0,0,1,0,0,-34,stub
rupert_land,Rupert's Land (Hudson's Bay Company),california_republic,California Republic,unknown,3,,0,0,0,1,0,0,-24,stub
rupert_land,Rupert's Land (Hudson's Bay Company),british_raj,British Raj,unknown,3,,0,0,0,1,0,0,-12,stub
rupert_land,Rupert's Land (Hudson's Bay Company),hawaii_republic,Republic of Hawaiʻi,unknown,3,,0,0,0,1,0,0,24,stub
kingdom_of_great_britain,Kingdom of Great Britain,united_states,United States of America,unknown,3,,0,0,0,1,0,0,-25,stub
kingdom_of_great_britain,Kingdom of Great Britain,texas_republic,Republic of Texas,unknown,3,,0,0,0,1,0,0,35,stub
kingdom_of_great_britain,Kingdom of Great Britain,california_republic,California Republic,unknown,3,,0,0,0,1,0,0,45,stub
texas_republic,Republic of Texas,british_raj,British Raj,unknown,3,,0,0,0,1,0,0,12,stub
texas_republic,Republic of Texas,confederate_states,Confederate States of America,unknown,3,,0,0,0,1,0,0,15,stub
texas_republic,Republic of Texas,dominion_of_canada,Dominion of Canada,unknown,3,,0,0,0,1,0,0,21,stub
texas_republic,Republic of Texas,hawaii_republic,Republic of Hawaiʻi,unknown,3,,0,0,0,1,0,0,48,stub
california_republic,California Republic,british_raj,British Raj,unknown,3,,0,0,0,1,0,0,12,stub
california_republic,California Republic,confederate_states,Confederate States of America,unknown,3,,0,0,0,1,0,0,15,stub
california_republic,California Republic,dominion_of_canada,Dominion of Canada,unknown,3,,0,0,0,1,0,0,21,stub
california_republic,California Republic,hawaii_republic,Republic of Hawaiʻi,unknown,3,,0,0,0,1,0,0,48,stub
british_raj,British Raj,canada,Canada,unknown,3,,0,0,0,1,0,0,35,stub
confederate_states,Confederate States of America,hawaii_republic,Republic of Hawaiʻi,unknown,3,,0,0,0,1,0,0,29,stub
dominion_of_canada,Dominion of Canada,british_military_administration,British Military Administration,unknown,3,,0,0,0,1,0,0,-39,stub
hawaii_republic,Republic of Hawaiʻi,british_military_administration,British Military Administration,unknown,3,,0,0,0,1,0,0,45,stub
british_military_administration,British Military Administration,canada,Canada,unknown,3,,0,0,0,1,0,0,31,stub
byzantine_empire,Byzantine Empire,latin_empire,Latin Empire,contraction,2,anatolia|balkans,2,0,0,0,0,0,-249,wp:Latin_Empire
abbasid_caliphate,Abbasid Caliphate,ajuran_sultanate,Ajuran Sultanate,contraction,2,arabia,1,0,0,0,0,0,42,stub
byzantine_empire,Byzantine Empire,first_bulgarian_empire,First Bulgarian Empire,contraction,2,balkans,1,0,0,0,1,0,-772,stub
byzantine_empire,Byzantine Empire,second_bulgarian_empire,Second Bulgarian Empire,contraction,2,balkans,1,0,0,0,1,0,-268,stub
byzantine_empire,Byzantine Empire,serbian_empire,Serbian Empire (Nemanjić Dynasty),contraction,2,balkans,1,0,0,0,1,0,-263,stub
byzantine_empire,Byzantine Empire,principality_of_wallachia,Principality of Wallachia,contraction,2,balkans,1,0,0,0,1,0,-163,stub
byzantine_empire,Byzantine Empire,principality_of_moldavia,Principality of Moldavia,contraction,2,balkans,1,0,0,0,1,0,-107,stub
byzantine_empire,Byzantine Empire,serbian_despotate,Serbian Despotate,contraction,2,balkans,1,0,0,0,1,0,-51,stub
latin_empire,Latin Empire,principality_of_wallachia,Principality of Wallachia,contraction,2,balkans,1,0,0,0,0,0,29,stub
latin_empire,Latin Empire,bosnian_kingdom,Bosnian Kingdom,contraction,2,balkans,1,0,0,0,1,0,116,stub
ottoman_empire,Ottoman Empire,kingdom_of_romania,Kingdom of Romania,contraction,2,balkans,1,0,0,0,0,0,-41,stub
holy_roman_empire,Holy Roman Empire,czechoslovakia,Czechoslovakia,contraction,2,bohemia,1,0,0,0,1,0,112,stub
achaemenid_empire,Achaemenid Empire,kingdom_of_armenia,Kingdom of Armenia,contraction,2,caucasus,1,0,0,0,1,0,140,stub
golden_horde,Golden Horde,kazakh_khanate,Kazakh Khanate,contraction,2,central_asian_steppe,1,0,0,0,0,0,-37,stub
golden_horde,Golden Horde,yarkand_khanate,Yarkand Khanate,contraction,2,central_asian_steppe,1,0,0,0,0,0,12,stub
maurya_empire,Maurya Empire,pandya_dynasty,Pandya Dynasty,contraction,2,deccan,1,0,0,0,1,0,-115,stub
maurya_empire,Maurya Empire,chola_empire,Chola Empire,contraction,2,deccan,1,0,0,0,1,0,-115,stub
maurya_empire,Maurya Empire,chera_dynasty,Chera Dynasty,contraction,2,deccan,1,0,0,0,1,0,-115,stub
roman_empire,Roman Empire,palmyrene_empire,Palmyrene Empire,contraction,2,egypt|levant,2,0,0,0,0,0,-135,stub
kushan_empire,Kushan Empire,gupta_empire,Gupta Empire,contraction,2,ganges_plain|indus_valley,2,0,0,0,0,0,-55,stub
kushan_empire,Kushan Empire,kamarupa_kingdom,Kamarupa Kingdom,contraction,2,ganges_plain,1,0,0,0,0,0,-25,stub
ghorid_dynasty,Ghorid Sultanate,bengal_sultanate,Bengal Sultanate,contraction,2,ganges_plain,1,0,0,0,1,0,137,stub
kushan_empire,Kushan Empire,kushano_sasanian_kingdom,Kushano-Sasanian Kingdom,contraction,2,indus_valley|khorasan,2,0,0,0,0,0,-145,stub
mughal_empire,Mughal Empire,durrani_empire,Durrani Empire,contraction,2,indus_valley|punjab,2,0,0,0,0,0,-110,stub
mughal_empire,Mughal Empire,pakistan,Pakistan,contraction,2,indus_valley|punjab,2,0,0,0,0,0,90,stub
seleucid_empire,Seleucid Empire,parthian_empire,Parthian Empire (Arsacid),contraction,2,iran_plateau|mesopotamia,2,0,0,0,0,0,-184,stub
abbasid_caliphate,Abbasid Caliphate,saffarid_dynasty,Saffarid Dynasty,contraction,2,iran_plateau|khorasan,2,0,0,0,0,0,-397,stub
abbasid_caliphate,Abbasid Caliphate,buyid_dynasty,Buyid Dynasty,contraction,2,iran_plateau|mesopotamia,2,0,0,0,0,0,-324,stub
abbasid_caliphate,Abbasid Caliphate,jalayirid_sultanate,Jalayirid Sultanate,contraction,2,iran_plateau|mesopotamia,2,0,0,0,0,0,77,stub
abbasid_caliphate,Abbasid Caliphate,timurid_empire,Timurid Empire,contraction,2,iran_plateau,1,0,0,0,1,0,112,stub
abbasid_caliphate,Abbasid Caliphate,kara_koyunlu,Kara Koyunlu (Black Sheep Turkmen),contraction,2,iran_plateau|mesopotamia,2,0,0,0,0,0,116,stub
hotak_dynasty,Hotak Dynasty,zand_dynasty,Zand Dynasty,contraction,2,iran_plateau,1,0,0,0,0,0,13,stub
holy_roman_empire,Holy Roman Empire,kingdom_of_italy,Kingdom of Italy,contraction,2,italy,1,0,0,0,1,0,55,stub
achaemenid_empire,Achaemenid Empire,greco_bactrian_kingdom,Greco-Bactrian Kingdom,contraction,2,khorasan|transoxiana,2,0,0,0,0,0,74,stub
abbasid_caliphate,Abbasid Caliphate,samanid_empire,Samanid Empire,contraction,2,khorasan|transoxiana,2,0,0,0,0,0,-439,stub
safavid_empire,Safavid Empire,durrani_empire,Durrani Empire,contraction,2,khorasan,1,0,0,0,0,0,11,stub
durrani_empire,Durrani Empire,qajar_dynasty,Qajar Dynasty,contraction,2,khorasan,1,0,0,0,0,0,-30,stub
grand_duchy_of_lithuania,Grand Duchy of Lithuania,tsardom_russia,Tsardom of Russia,contraction,2,kievan_rus,1,0,0,0,0,0,-22,stub
golden_horde,Golden Horde,tsardom_russia,Tsardom of Russia,contraction,2,kievan_rus,1,0,0,0,0,0,45,stub
new_kingdom_egypt,New Kingdom Egypt,kingdom_of_israel,United Kingdom of Israel,contraction,2,levant,1,0,0,0,0,0,23,stub
ottoman_empire,Ottoman Empire,kingdom_of_jordan,Hashemite Kingdom of Jordan,contraction,2,levant,1,0,0,0,0,0,24,stub
ottoman_empire,Ottoman Empire,state_of_israel,State of Israel,contraction,2,levant,1,0,0,0,0,0,26,stub
qing_dynasty,Qing Dynasty (Manchu),empire_of_japan,Empire of Japan (Meiji),contraction,2,manchuria,1,0,0,0,0,0,-44,stub
qing_dynasty,Qing Dynasty (Manchu),manchukuo,Manchukuo,contraction,2,manchuria,1,0,0,0,0,0,20,stub
empire_of_japan,Empire of Japan (Meiji),manchukuo,Manchukuo,contraction,2,manchuria,1,0,0,0,0,0,-15,stub
ottoman_empire,Ottoman Empire,republic_of_iraq,Republic of Iraq,contraction,2,mesopotamia,1,0,0,0,0,0,36,stub
qing_dynasty,Qing Dynasty (Manchu),mongolian_peoples_republic,Mongolian People's Republic,contraction,2,mongolian_plateau,1,0,0,0,0,0,12,stub
durrani_empire,Durrani Empire,sikh_empire,Sikh Empire,contraction,2,punjab,1,0,0,0,0,0,-27,stub
hephthalite_empire,Hephthalite Empire,goktürk_khaganate,Göktürk Khaganate,contraction,2,transoxiana,1,0,0,0,0,0,-13,stub
umayyad_caliphate,Umayyad Caliphate,kara_khanid_khanate,Kara-Khanid Khanate,contraction,2,transoxiana,1,0,0,0,1,0,90,stub
qara_khitai,Qara Khitai (Western Liao),khwarazmian_empire,Khwarazmian Empire,contraction,2,transoxiana,1,0,0,0,0,0,-18,stub
akkadian_empire,Akkadian Empire,old_babylonian,Old Babylonian Empire,contraction,2,,0,0,0,1,0,0,260,stub
roman_empire,Roman Empire,lombard_kingdom,Kingdom of the Lombards,contraction,2,,0,0,0,1,0,0,173,stub
hunnic_empire,Hunnic Empire,khazar_khaganate,Khazar Khaganate,contraction,2,,0,0,0,1,0,0,197,stub
rashidun_caliphate,Rashidun Caliphate,tulunid_dynasty,Tulunid Dynasty,contraction,2,,0,0,0,1,0,0,207,stub
rashidun_caliphate,Rashidun Caliphate,ikhshidid_dynasty,Ikhshidid Dynasty,contraction,2,,0,0,0,1,0,0,274,stub
umayyad_caliphate,Umayyad Caliphate,zirid_dynasty,Zirid Dynasty,contraction,2,,0,0,0,1,0,0,222,stub
umayyad_caliphate,Umayyad Caliphate,almoravid_dynasty,Almoravid Dynasty,contraction,2,,0,0,0,1,0,0,290,stub
abbasid_caliphate,Abbasid Caliphate,almohad_caliphate,Almohad Caliphate,contraction,2,,0,0,0,1,0,0,-137,stub
abbasid_caliphate,Abbasid Caliphate,adal_sultanate,Adal Sultanate,contraction,2,,0,0,0,1,0,0,157,stub
abbasid_caliphate,Abbasid Caliphate,saadian_dynasty,Saadian Dynasty,contraction,2,,0,0,0,1,0,0,291,stub
mamluk_sultanate,Mamluk Sultanate,kingdom_of_egypt,Kingdom of Egypt,contraction,2,,0,0,0,1,0,0,288,stub
samanid_empire,Samanid Empire,khwarazmian_empire,Khwarazmian Empire,contraction,2,,0,0,0,1,0,0,201,stub
timurid_empire,Timurid Empire,zand_dynasty,Zand Dynasty,contraction,2,,0,0,0,1,0,0,244,stub
abbasid_caliphate,Abbasid Caliphate,chagatai_khanate,Chagatai Khanate,contraction,2,,0,0,0,0,1,0,-32,stub
cao_wei,Cao Wei,eastern_jin,Eastern Jin Dynasty,displacement,2,,0,0,0,1,0,0,52,stub
cao_wei,Cao Wei,southern_dynasties,Southern Dynasties,displacement,2,,0,0,0,1,0,0,155,stub
shu_han,Shu Han,eastern_jin,Eastern Jin Dynasty,displacement,2,,0,0,0,1,0,0,54,stub
shu_han,Shu Han,southern_dynasties,Southern Dynasties,displacement,2,,0,0,0,1,0,0,157,stub
eastern_wu,Eastern Wu,northern_dynasties,Northern Dynasties,displacement,2,,0,0,0,1,0,0,106,stub
northern_dynasties,Northern Dynasties,southern_dynasties,Southern Dynasties,displacement,2,,0,0,0,1,0,0,-161,stub
phoenician_states,"Phoenician City-States (Tyre, Sidon, Byblos)",carthage,Carthage (Phoenician City-State),displacement,2,,0,0,0,1,0,0,-482,stub
nabataean_kingdom,Nabataean Kingdom,palmyrene_empire,Palmyrene Empire,displacement,2,,0,0,0,1,0,0,154,stub
macedonian_empire,Macedonian Empire (Alexander),indo_greek_kingdom,Indo-Greek Kingdom,displacement,2,,0,0,0,1,0,0,143,stub
greco_bactrian_kingdom,Greco-Bactrian Kingdom,indo_greek_kingdom,Indo-Greek Kingdom,displacement,2,,0,0,0,1,0,0,-55,stub
visigothic_kingdom,Visigothic Kingdom,vandal_kingdom,Vandal Kingdom of North Africa,displacement,2,,0,0,0,1,0,0,-282,stub
visigothic_kingdom,Visigothic Kingdom,odoacer_kingdom,Kingdom of Odoacer,displacement,2,,0,0,0,1,0,0,-235,stub
visigothic_kingdom,Visigothic Kingdom,carolingian_empire,Frankish Kingdom / Carolingian Empire,displacement,2,,0,0,0,1,0,0,-225,stub
visigothic_kingdom,Visigothic Kingdom,ostrogothic_kingdom,Ostrogothic Kingdom of Italy,displacement,2,,0,0,0,1,0,0,-218,stub
visigothic_kingdom,Visigothic Kingdom,lombard_kingdom,Kingdom of the Lombards,displacement,2,,0,0,0,1,0,0,-143,stub
visigothic_kingdom,Visigothic Kingdom,holy_roman_empire,Holy Roman Empire,displacement,2,,0,0,0,1,0,0,251,stub
visigothic_kingdom,Visigothic Kingdom,kingdom_of_poland,Kingdom of Poland,displacement,2,,0,0,0,1,0,0,255,stub
visigothic_kingdom,Visigothic Kingdom,kingdom_of_hungary,Kingdom of Hungary,displacement,2,,0,0,0,1,0,0,289,stub
vandal_kingdom,Vandal Kingdom of North Africa,odoacer_kingdom,Kingdom of Odoacer,displacement,2,,0,0,0,1,0,0,-57,stub
carolingian_empire,Frankish Kingdom / Carolingian Empire,kingdom_of_poland,Kingdom of Poland,displacement,2,,0,0,0,1,0,0,123,stub
carolingian_empire,Frankish Kingdom / Carolingian Empire,kingdom_of_hungary,Kingdom of Hungary,displacement,2,,0,0,0,1,0,0,157,stub
lombard_kingdom,Kingdom of the Lombards,kingdom_of_poland,Kingdom of Poland,displacement,2,,0,0,0,1,0,0,192,stub
lombard_kingdom,Kingdom of the Lombards,kingdom_of_hungary,Kingdom of Hungary,displacement,2,,0,0,0,1,0,0,226,stub
holy_roman_empire,Holy Roman Empire,kingdom_of_poland,Kingdom of Poland,displacement,2,,0,0,0,1,0,0,-840,stub
holy_roman_empire,Holy Roman Empire,kingdom_of_hungary,Kingdom of Hungary,displacement,2,,0,0,0,1,0,0,-806,stub
kingdom_of_poland,Kingdom of Poland,kingdom_of_hungary,Kingdom of Hungary,displacement,2,,0,0,0,1,0,0,-569,stub
nanda_empire,Nanda Empire,indo_scythian_kingdom,Indo-Scythian Kingdom,displacement,2,,0,0,0,1,0,0,122,stub
vakataka_dynasty,Vakataka Dynasty,gupta_empire,Gupta Empire,displacement,2,,0,0,0,1,0,0,-180,stub
vakataka_dynasty,Vakataka Dynasty,kamarupa_kingdom,Kamarupa Kingdom,displacement,2,,0,0,0,1,0,0,-150,stub
vakataka_dynasty,Vakataka Dynasty,harsha_empire,Harsha Empire,displacement,2,,0,0,0,1,0,0,106,stub
vakataka_dynasty,Vakataka Dynasty,pratihara_dynasty,Pratihara Dynasty,displacement,2,,0,0,0,1,0,0,230,stub
gupta_empire,Gupta Empire,rashtrakuta_dynasty,Rashtrakuta Dynasty,displacement,2,,0,0,0,1,0,0,203,stub
gupta_empire,Gupta Empire,yadava_dynasty,Yadava Dynasty (Devagiri),displacement,2,,0,0,0,1,0,0,300,stub
kamarupa_kingdom,Kamarupa Kingdom,chalukya_dynasty,Chalukya Dynasty (Badami),displacement,2,,0,0,0,1,0,0,-597,stub
kamarupa_kingdom,Kamarupa Kingdom,rashtrakuta_dynasty,Rashtrakuta Dynasty,displacement,2,,0,0,0,1,0,0,-387,stub
kamarupa_kingdom,Kamarupa Kingdom,yadava_dynasty,Yadava Dynasty (Devagiri),displacement,2,,0,0,0,1,0,0,-290,stub
kamarupa_kingdom,Kamarupa Kingdom,western_chalukya,Western Chalukya Empire,displacement,2,,0,0,0,1,0,0,-167,stub
kamarupa_kingdom,Kamarupa Kingdom,hoysala_dynasty,Hoysala Empire,displacement,2,,0,0,0,1,0,0,-134,stub
chalukya_dynasty,Chalukya Dynasty (Badami),harsha_empire,Harsha Empire,displacement,2,,0,0,0,1,0,0,-151,stub
harsha_empire,Harsha Empire,rashtrakuta_dynasty,Rashtrakuta Dynasty,displacement,2,,0,0,0,1,0,0,106,stub
harsha_empire,Harsha Empire,yadava_dynasty,Yadava Dynasty (Devagiri),displacement,2,,0,0,0,1,0,0,203,stub
pratihara_dynasty,Pratihara Dynasty,rashtrakuta_dynasty,Rashtrakuta Dynasty,displacement,2,,0,0,0,1,0,0,-283,stub
pratihara_dynasty,Pratihara Dynasty,yadava_dynasty,Yadava Dynasty (Devagiri),displacement,2,,0,0,0,1,0,0,-186,stub
pratihara_dynasty,Pratihara Dynasty,western_chalukya,Western Chalukya Empire,displacement,2,,0,0,0,1,0,0,-63,stub
rashtrakuta_dynasty,Rashtrakuta Dynasty,sena_dynasty,Sena Dynasty,displacement,2,,0,0,0,1,0,0,88,stub
rashtrakuta_dynasty,Rashtrakuta Dynasty,gajapati_dynasty,Gajapati Dynasty (Odisha),displacement,2,,0,0,0,1,0,0,96,stub
yadava_dynasty,Yadava Dynasty (Devagiri),sena_dynasty,Sena Dynasty,displacement,2,,0,0,0,1,0,0,-247,stub
yadava_dynasty,Yadava Dynasty (Devagiri),gajapati_dynasty,Gajapati Dynasty (Odisha),displacement,2,,0,0,0,1,0,0,-239,stub
western_chalukya,Western Chalukya Empire,sena_dynasty,Sena Dynasty,displacement,2,,0,0,0,1,0,0,-119,stub
western_chalukya,Western Chalukya Empire,gajapati_dynasty,Gajapati Dynasty (Odisha),displacement,2,,0,0,0,1,0,0,-111,stub
hoysala_dynasty,Hoysala Empire,sena_dynasty,Sena Dynasty,displacement,2,,0,0,0,1,0,0,-276,stub
hoysala_dynasty,Hoysala Empire,gajapati_dynasty,Gajapati Dynasty (Odisha),displacement,2,,0,0,0,1,0,0,-268,stub
goktürk_khaganate,Göktürk Khaganate,khazar_khaganate,Khazar Khaganate,displacement,2,,0,0,0,1,0,0,-94,stub
avar_khaganate,Avar Khaganate,khazar_khaganate,Khazar Khaganate,displacement,2,,0,0,0,1,0,0,-154,stub
north_yuan,North Yuan,crimean_khanate,Crimean Khanate,displacement,2,,0,0,0,1,0,0,-194,stub
north_yuan,North Yuan,kazakh_khanate,Kazakh Khanate,displacement,2,,0,0,0,1,0,0,-170,stub
crimean_khanate,Crimean Khanate,kazakh_khanate,Kazakh Khanate,displacement,2,,0,0,0,1,0,0,-318,stub
crimean_khanate,Crimean Khanate,mongolian_peoples_republic,Mongolian People's Republic,displacement,2,,0,0,0,1,0,0,141,stub
kazakh_khanate,Kazakh Khanate,mongolian_peoples_republic,Mongolian People's Republic,displacement,2,,0,0,0,1,0,0,193,stub
five_dynasties,Five Dynasties (North China),ten_kingdoms,Ten Kingdoms (South China),displacement,2,,0,0,0,1,0,0,-53,stub
five_dynasties,Five Dynasties (North China),southern_song,Southern Song Dynasty,displacement,2,,0,0,0,1,0,0,167,stub
rashidun_caliphate,Rashidun Caliphate,rustamid_dynasty,Rustamid Dynasty,displacement,2,,0,0,0,1,0,0,115,stub
rashidun_caliphate,Rashidun Caliphate,idrisid_dynasty,Idrisid Dynasty,displacement,2,,0,0,0,1,0,0,127,stub
rashidun_caliphate,Rashidun Caliphate,aghlabid_dynasty,Aghlabid Dynasty,displacement,2,,0,0,0,1,0,0,139,stub
al_andalus,Al-Andalus,abbasid_caliphate,Abbasid Caliphate,displacement,2,,0,0,0,1,0,0,-742,stub
al_andalus,Al-Andalus,rustamid_dynasty,Rustamid Dynasty,displacement,2,,0,0,0,1,0,0,-716,stub
al_andalus,Al-Andalus,idrisid_dynasty,Idrisid Dynasty,displacement,2,,0,0,0,1,0,0,-704,stub
al_andalus,Al-Andalus,aghlabid_dynasty,Aghlabid Dynasty,displacement,2,,0,0,0,1,0,0,-692,stub
al_andalus,Al-Andalus,tulunid_dynasty,Tulunid Dynasty,displacement,2,,0,0,0,1,0,0,-624,stub
al_andalus,Al-Andalus,fatimid_caliphate,Fatimid Caliphate,displacement,2,,0,0,0,1,0,0,-583,stub
al_andalus,Al-Andalus,ikhshidid_dynasty,Ikhshidid Dynasty,displacement,2,,0,0,0,1,0,0,-557,stub
al_andalus,Al-Andalus,zirid_dynasty,Zirid Dynasty,displacement,2,,0,0,0,1,0,0,-520,stub
al_andalus,Al-Andalus,zangid_atabegate,Zangid Atabegate,displacement,2,,0,0,0,1,0,0,-365,stub
al_andalus,Al-Andalus,ayyubid_sultanate,Ayyubid Sultanate,displacement,2,,0,0,0,1,0,0,-321,stub
al_andalus,Al-Andalus,hafsid_dynasty,Hafsid Dynasty,displacement,2,,0,0,0,1,0,0,-263,stub
al_andalus,Al-Andalus,marinid_dynasty,Marinid Dynasty,displacement,2,,0,0,0,1,0,0,-248,stub
al_andalus,Al-Andalus,mamluk_sultanate,Mamluk Sultanate,displacement,2,,0,0,0,1,0,0,-242,stub
al_andalus,Al-Andalus,ifat_sultanate,Ifat Sultanate,displacement,2,,0,0,0,1,0,0,-207,stub
al_andalus,Al-Andalus,bahmani_sultanate,Bahmani Sultanate,displacement,2,,0,0,0,1,0,0,-145,stub
al_andalus,Al-Andalus,adal_sultanate,Adal Sultanate,displacement,2,,0,0,0,1,0,0,-77,stub
al_andalus,Al-Andalus,saadian_dynasty,Saadian Dynasty,displacement,2,,0,0,0,1,0,0,57,stub
al_andalus,Al-Andalus,darfur_sultanate,Darfur Sultanate,displacement,2,,0,0,0,1,0,0,111,stub
al_andalus,Al-Andalus,alawite_dynasty,Alawite Dynasty (Morocco),displacement,2,,0,0,0,1,0,0,139,stub
abbasid_caliphate,Abbasid Caliphate,bahmani_sultanate,Bahmani Sultanate,displacement,2,,0,0,0,1,0,0,89,stub
abbasid_caliphate,Abbasid Caliphate,funj_sultanate,Funj Sultanate,displacement,2,,0,0,0,1,0,0,246,stub
rustamid_dynasty,Rustamid Dynasty,zangid_atabegate,Zangid Atabegate,displacement,2,,0,0,0,1,0,0,218,stub
rustamid_dynasty,Rustamid Dynasty,ayyubid_sultanate,Ayyubid Sultanate,displacement,2,,0,0,0,1,0,0,262,stub
idrisid_dynasty,Idrisid Dynasty,tulunid_dynasty,Tulunid Dynasty,displacement,2,,0,0,0,1,0,0,-106,stub
idrisid_dynasty,Idrisid Dynasty,zangid_atabegate,Zangid Atabegate,displacement,2,,0,0,0,1,0,0,153,stub
idrisid_dynasty,Idrisid Dynasty,ayyubid_sultanate,Ayyubid Sultanate,displacement,2,,0,0,0,1,0,0,197,stub
idrisid_dynasty,Idrisid Dynasty,mamluk_sultanate,Mamluk Sultanate,displacement,2,,0,0,0,1,0,0,276,stub
aghlabid_dynasty,Aghlabid Dynasty,zangid_atabegate,Zangid Atabegate,displacement,2,,0,0,0,1,0,0,218,stub
aghlabid_dynasty,Aghlabid Dynasty,ayyubid_sultanate,Ayyubid Sultanate,displacement,2,,0,0,0,1,0,0,262,stub
tulunid_dynasty,Tulunid Dynasty,zirid_dynasty,Zirid Dynasty,displacement,2,,0,0,0,1,0,0,67,stub
tulunid_dynasty,Tulunid Dynasty,almoravid_dynasty,Almoravid Dynasty,displacement,2,,0,0,0,1,0,0,135,stub
tulunid_dynasty,Tulunid Dynasty,almohad_caliphate,Almohad Caliphate,displacement,2,,0,0,0,1,0,0,216,stub
fatimid_caliphate,Fatimid Caliphate,ifat_sultanate,Ifat Sultanate,displacement,2,,0,0,0,1,0,0,114,stub
fatimid_caliphate,Fatimid Caliphate,bahmani_sultanate,Bahmani Sultanate,displacement,2,,0,0,0,1,0,0,176,stub
fatimid_caliphate,Fatimid Caliphate,adal_sultanate,Adal Sultanate,displacement,2,,0,0,0,1,0,0,244,stub
ikhshidid_dynasty,Ikhshidid Dynasty,almoravid_dynasty,Almoravid Dynasty,displacement,2,,0,0,0,1,0,0,71,stub
ikhshidid_dynasty,Ikhshidid Dynasty,almohad_caliphate,Almohad Caliphate,displacement,2,,0,0,0,1,0,0,152,stub
ikhshidid_dynasty,Ikhshidid Dynasty,hafsid_dynasty,Hafsid Dynasty,displacement,2,,0,0,0,1,0,0,260,stub
ikhshidid_dynasty,Ikhshidid Dynasty,marinid_dynasty,Marinid Dynasty,displacement,2,,0,0,0,1,0,0,275,stub
zirid_dynasty,Zirid Dynasty,mamluk_sultanate,Mamluk Sultanate,displacement,2,,0,0,0,1,0,0,102,stub
zirid_dynasty,Zirid Dynasty,ifat_sultanate,Ifat Sultanate,displacement,2,,0,0,0,1,0,0,137,stub
zirid_dynasty,Zirid Dynasty,bahmani_sultanate,Bahmani Sultanate,displacement,2,,0,0,0,1,0,0,199,stub
zirid_dynasty,Zirid Dynasty,adal_sultanate,Adal Sultanate,displacement,2,,0,0,0,1,0,0,267,stub
almoravid_dynasty,Almoravid Dynasty,mamluk_sultanate,Mamluk Sultanate,displacement,2,,0,0,0,1,0,0,103,stub
almoravid_dynasty,Almoravid Dynasty,ifat_sultanate,Ifat Sultanate,displacement,2,,0,0,0,1,0,0,138,stub
almoravid_dynasty,Almoravid Dynasty,bahmani_sultanate,Bahmani Sultanate,displacement,2,,0,0,0,1,0,0,200,stub
almoravid_dynasty,Almoravid Dynasty,adal_sultanate,Adal Sultanate,displacement,2,,0,0,0,1,0,0,268,stub
almohad_caliphate,Almohad Caliphate,zangid_atabegate,Zangid Atabegate,displacement,2,,0,0,0,1,0,0,-142,stub
almohad_caliphate,Almohad Caliphate,ayyubid_sultanate,Ayyubid Sultanate,displacement,2,,0,0,0,1,0,0,-98,stub
almohad_caliphate,Almohad Caliphate,bahmani_sultanate,Bahmani Sultanate,displacement,2,,0,0,0,1,0,0,78,stub
almohad_caliphate,Almohad Caliphate,adal_sultanate,Adal Sultanate,displacement,2,,0,0,0,1,0,0,146,stub
almohad_caliphate,Almohad Caliphate,funj_sultanate,Funj Sultanate,displacement,2,,0,0,0,1,0,0,235,stub
zangid_atabegate,Zangid Atabegate,bahmani_sultanate,Bahmani Sultanate,displacement,2,,0,0,0,1,0,0,97,stub
zangid_atabegate,Zangid Atabegate,adal_sultanate,Adal Sultanate,displacement,2,,0,0,0,1,0,0,165,stub
zangid_atabegate,Zangid Atabegate,funj_sultanate,Funj Sultanate,displacement,2,,0,0,0,1,0,0,254,stub
zangid_atabegate,Zangid Atabegate,saadian_dynasty,Saadian Dynasty,displacement,2,,0,0,0,1,0,0,299,stub
ayyubid_sultanate,Ayyubid Sultanate,bahmani_sultanate,Bahmani Sultanate,displacement,2,,0,0,0,1,0,0,87,stub
ayyubid_sultanate,Ayyubid Sultanate,adal_sultanate,Adal Sultanate,displacement,2,,0,0,0,1,0,0,155,stub
ayyubid_sultanate,Ayyubid Sultanate,funj_sultanate,Funj Sultanate,displacement,2,,0,0,0,1,0,0,244,stub
ayyubid_sultanate,Ayyubid Sultanate,saadian_dynasty,Saadian Dynasty,displacement,2,,0,0,0,1,0,0,289,stub
hafsid_dynasty,Hafsid Dynasty,mamluk_sultanate,Mamluk Sultanate,displacement,2,,0,0,0,1,0,0,-324,stub
hafsid_dynasty,Hafsid Dynasty,ifat_sultanate,Ifat Sultanate,displacement,2,,0,0,0,1,0,0,-289,stub
hafsid_dynasty,Hafsid Dynasty,bahmani_sultanate,Bahmani Sultanate,displacement,2,,0,0,0,1,0,0,-227,stub
hafsid_dynasty,Hafsid Dynasty,adal_sultanate,Adal Sultanate,displacement,2,,0,0,0,1,0,0,-159,stub
hafsid_dynasty,Hafsid Dynasty,funj_sultanate,Funj Sultanate,displacement,2,,0,0,0,1,0,0,-70,stub
hafsid_dynasty,Hafsid Dynasty,kingdom_of_egypt,Kingdom of Egypt,displacement,2,,0,0,0,1,0,0,231,stub
marinid_dynasty,Marinid Dynasty,mamluk_sultanate,Mamluk Sultanate,displacement,2,,0,0,0,1,0,0,-215,stub
marinid_dynasty,Marinid Dynasty,ifat_sultanate,Ifat Sultanate,displacement,2,,0,0,0,1,0,0,-180,stub
marinid_dynasty,Marinid Dynasty,bahmani_sultanate,Bahmani Sultanate,displacement,2,,0,0,0,1,0,0,-118,stub
marinid_dynasty,Marinid Dynasty,darfur_sultanate,Darfur Sultanate,displacement,2,,0,0,0,1,0,0,138,stub
mamluk_sultanate,Mamluk Sultanate,ifat_sultanate,Ifat Sultanate,displacement,2,,0,0,0,1,0,0,-232,stub
mamluk_sultanate,Mamluk Sultanate,bahmani_sultanate,Bahmani Sultanate,displacement,2,,0,0,0,1,0,0,-170,stub
mamluk_sultanate,Mamluk Sultanate,adal_sultanate,Adal Sultanate,displacement,2,,0,0,0,1,0,0,-102,stub
mamluk_sultanate,Mamluk Sultanate,darfur_sultanate,Darfur Sultanate,displacement,2,,0,0,0,1,0,0,86,stub
mamluk_sultanate,Mamluk Sultanate,alawite_dynasty,Alawite Dynasty (Morocco),displacement,2,,0,0,0,1,0,0,114,stub
ifat_sultanate,Ifat Sultanate,bahmani_sultanate,Bahmani Sultanate,displacement,2,,0,0,0,1,0,0,-68,stub
ifat_sultanate,Ifat Sultanate,funj_sultanate,Funj Sultanate,displacement,2,,0,0,0,1,0,0,89,stub
ifat_sultanate,Ifat Sultanate,saadian_dynasty,Saadian Dynasty,displacement,2,,0,0,0,1,0,0,134,stub
ifat_sultanate,Ifat Sultanate,darfur_sultanate,Darfur Sultanate,displacement,2,,0,0,0,1,0,0,188,stub
ifat_sultanate,Ifat Sultanate,alawite_dynasty,Alawite Dynasty (Morocco),displacement,2,,0,0,0,1,0,0,216,stub
bahmani_sultanate,Bahmani Sultanate,adal_sultanate,Adal Sultanate,displacement,2,,0,0,0,1,0,0,-112,stub
bahmani_sultanate,Bahmani Sultanate,darfur_sultanate,Darfur Sultanate,displacement,2,,0,0,0,1,0,0,76,stub
bahmani_sultanate,Bahmani Sultanate,alawite_dynasty,Alawite Dynasty (Morocco),displacement,2,,0,0,0,1,0,0,104,stub
bahmani_sultanate,Bahmani Sultanate,kingdom_of_egypt,Kingdom of Egypt,displacement,2,,0,0,0,1,0,0,278,stub
adal_sultanate,Adal Sultanate,funj_sultanate,Funj Sultanate,displacement,2,,0,0,0,1,0,0,-73,stub
adal_sultanate,Adal Sultanate,alawite_dynasty,Alawite Dynasty (Morocco),displacement,2,,0,0,0,1,0,0,54,stub
adal_sultanate,Adal Sultanate,kingdom_of_egypt,Kingdom of Egypt,displacement,2,,0,0,0,1,0,0,228,stub
funj_sultanate,Funj Sultanate,saadian_dynasty,Saadian Dynasty,displacement,2,,0,0,0,1,0,0,-272,stub
funj_sultanate,Funj Sultanate,alawite_dynasty,Alawite Dynasty (Morocco),displacement,2,,0,0,0,1,0,0,-190,stub
funj_sultanate,Funj Sultanate,kingdom_of_iraq,Kingdom of Iraq,displacement,2,,0,0,0,1,0,0,100,stub
funj_sultanate,Funj Sultanate,saudi_arabia,Kingdom of Saudi Arabia,displacement,2,,0,0,0,1,0,0,111,stub
funj_sultanate,Funj Sultanate,kingdom_of_jordan,Hashemite Kingdom of Jordan,displacement,2,,0,0,0,1,0,0,125,stub
funj_sultanate,Funj Sultanate,republic_of_egypt,Republic of Egypt,displacement,2,,0,0,0,1,0,0,131,stub
funj_sultanate,Funj Sultanate,republic_of_iraq,Republic of Iraq,displacement,2,,0,0,0,1,0,0,137,stub
saadian_dynasty,Saadian Dynasty,darfur_sultanate,Darfur Sultanate,displacement,2,,0,0,0,1,0,0,-56,stub
saadian_dynasty,Saadian Dynasty,kingdom_of_egypt,Kingdom of Egypt,displacement,2,,0,0,0,1,0,0,146,stub
saadian_dynasty,Saadian Dynasty,mahdist_state,Mahdist State,displacement,2,,0,0,0,1,0,0,226,stub
saadian_dynasty,Saadian Dynasty,kingdom_of_iraq,Kingdom of Iraq,displacement,2,,0,0,0,1,0,0,262,stub
saadian_dynasty,Saadian Dynasty,saudi_arabia,Kingdom of Saudi Arabia,displacement,2,,0,0,0,1,0,0,273,stub
saadian_dynasty,Saadian Dynasty,kingdom_of_jordan,Hashemite Kingdom of Jordan,displacement,2,,0,0,0,1,0,0,287,stub
saadian_dynasty,Saadian Dynasty,republic_of_egypt,Republic of Egypt,displacement,2,,0,0,0,1,0,0,293,stub
saadian_dynasty,Saadian Dynasty,republic_of_iraq,Republic of Iraq,displacement,2,,0,0,0,1,0,0,299,stub
darfur_sultanate,Darfur Sultanate,alawite_dynasty,Alawite Dynasty (Morocco),displacement,2,,0,0,0,1,0,0,-285,stub
darfur_sultanate,Darfur Sultanate,kingdom_of_egypt,Kingdom of Egypt,displacement,2,,0,0,0,1,0,0,-111,stub
kingdom_of_egypt,Kingdom of Egypt,mahdist_state,Mahdist State,displacement,2,,0,0,0,1,0,0,-67,stub
mahdist_state,Mahdist State,republic_of_egypt,Republic of Egypt,displacement,2,,0,0,0,1,0,0,54,stub
mahdist_state,Mahdist State,republic_of_iraq,Republic of Iraq,displacement,2,,0,0,0,1,0,0,60,stub
first_bulgarian_empire,First Bulgarian Empire,kievan_rus,Kievan Rus,displacement,2,,0,0,0,1,0,0,-136,stub
kievan_rus,Kievan Rus,second_bulgarian_empire,Second Bulgarian Empire,displacement,2,,0,0,0,1,0,0,-55,stub
kievan_rus,Kievan Rus,bosnian_kingdom,Bosnian Kingdom,displacement,2,,0,0,0,1,0,0,137,stub
samanid_empire,Samanid Empire,buyid_dynasty,Buyid Dynasty,displacement,2,,0,0,0,1,0,0,-65,stub
samanid_empire,Samanid Empire,seljuk_rum,Sultanate of Rum,displacement,2,,0,0,0,1,0,0,78,stub
samanid_empire,Samanid Empire,delhi_sultanate,Delhi Sultanate,displacement,2,,0,0,0,1,0,0,207,stub
saffarid_dynasty,Saffarid Dynasty,seljuk_rum,Sultanate of Rum,displacement,2,,0,0,0,1,0,0,74,stub
saffarid_dynasty,Saffarid Dynasty,khwarazmian_empire,Khwarazmian Empire,displacement,2,,0,0,0,1,0,0,197,stub
saffarid_dynasty,Saffarid Dynasty,delhi_sultanate,Delhi Sultanate,displacement,2,,0,0,0,1,0,0,203,stub
buyid_dynasty,Buyid Dynasty,ghaznavid_empire,Ghaznavid Empire,displacement,2,,0,0,0,1,0,0,-85,stub
buyid_dynasty,Buyid Dynasty,ghorid_dynasty,Ghorid Sultanate,displacement,2,,0,0,0,1,0,0,86,stub
buyid_dynasty,Buyid Dynasty,khwarazmian_empire,Khwarazmian Empire,displacement,2,,0,0,0,1,0,0,138,stub
buyid_dynasty,Buyid Dynasty,delhi_sultanate,Delhi Sultanate,displacement,2,,0,0,0,1,0,0,144,stub
buyid_dynasty,Buyid Dynasty,madurai_sultanate,Madurai Sultanate,displacement,2,,0,0,0,1,0,0,273,stub
ghaznavid_empire,Ghaznavid Empire,seljuk_rum,Sultanate of Rum,displacement,2,,0,0,0,1,0,0,-109,stub
ghaznavid_empire,Ghaznavid Empire,jalayirid_sultanate,Jalayirid Sultanate,displacement,2,,0,0,0,1,0,0,149,stub
ghaznavid_empire,Ghaznavid Empire,madurai_sultanate,Madurai Sultanate,displacement,2,,0,0,0,1,0,0,149,stub
ghaznavid_empire,Ghaznavid Empire,malwa_sultanate,Malwa Sultanate,displacement,2,,0,0,0,1,0,0,206,stub
ghaznavid_empire,Ghaznavid Empire,jaunpur_sultanate,Jaunpur Sultanate,displacement,2,,0,0,0,1,0,0,208,stub
seljuk_empire,Seljuk Empire,seljuk_rum,Sultanate of Rum,displacement,2,,0,0,0,1,0,0,-117,wp:Sultanate_of_Rum
seljuk_empire,Seljuk Empire,madurai_sultanate,Madurai Sultanate,displacement,2,,0,0,0,1,0,0,141,stub
seljuk_empire,Seljuk Empire,malwa_sultanate,Malwa Sultanate,displacement,2,,0,0,0,1,0,0,198,stub
seljuk_empire,Seljuk Empire,jaunpur_sultanate,Jaunpur Sultanate,displacement,2,,0,0,0,1,0,0,200,stub
seljuk_empire,Seljuk Empire,gujarat_sultanate,Gujarat Sultanate,displacement,2,,0,0,0,1,0,0,213,stub
seljuk_rum,Sultanate of Rum,ghorid_dynasty,Ghorid Sultanate,displacement,2,,0,0,0,1,0,0,-159,stub
seljuk_rum,Sultanate of Rum,khwarazmian_empire,Khwarazmian Empire,displacement,2,,0,0,0,1,0,0,-107,stub
seljuk_rum,Sultanate of Rum,delhi_sultanate,Delhi Sultanate,displacement,2,,0,0,0,1,0,0,-101,stub
seljuk_rum,Sultanate of Rum,ilkhanate,Ilkhanate,displacement,2,,0,0,0,1,0,0,-51,stub
seljuk_rum,Sultanate of Rum,timurid_empire,Timurid Empire,displacement,2,,0,0,0,1,0,0,63,stub
seljuk_rum,Sultanate of Rum,malwa_sultanate,Malwa Sultanate,displacement,2,,0,0,0,1,0,0,85,stub
seljuk_rum,Sultanate of Rum,jaunpur_sultanate,Jaunpur Sultanate,displacement,2,,0,0,0,1,0,0,87,stub
seljuk_rum,Sultanate of Rum,gujarat_sultanate,Gujarat Sultanate,displacement,2,,0,0,0,1,0,0,100,stub
seljuk_rum,Sultanate of Rum,safavid_empire,Safavid Empire,displacement,2,,0,0,0,1,0,0,194,stub
seljuk_rum,Sultanate of Rum,mughal_empire,Mughal Empire,displacement,2,,0,0,0,1,0,0,219,stub
seljuk_rum,Sultanate of Rum,sur_empire,Sur Empire,displacement,2,,0,0,0,1,0,0,233,stub
ghorid_dynasty,Ghorid Sultanate,jalayirid_sultanate,Jalayirid Sultanate,displacement,2,,0,0,0,1,0,0,120,stub
ghorid_dynasty,Ghorid Sultanate,madurai_sultanate,Madurai Sultanate,displacement,2,,0,0,0,1,0,0,120,stub
ghorid_dynasty,Ghorid Sultanate,gujarat_sultanate,Gujarat Sultanate,displacement,2,,0,0,0,1,0,0,192,stub
khwarazmian_empire,Khwarazmian Empire,jalayirid_sultanate,Jalayirid Sultanate,displacement,2,,0,0,0,1,0,0,115,stub
khwarazmian_empire,Khwarazmian Empire,madurai_sultanate,Madurai Sultanate,displacement,2,,0,0,0,1,0,0,115,stub
khwarazmian_empire,Khwarazmian Empire,malwa_sultanate,Malwa Sultanate,displacement,2,,0,0,0,1,0,0,172,stub
khwarazmian_empire,Khwarazmian Empire,jaunpur_sultanate,Jaunpur Sultanate,displacement,2,,0,0,0,1,0,0,174,stub
khwarazmian_empire,Khwarazmian Empire,gujarat_sultanate,Gujarat Sultanate,displacement,2,,0,0,0,1,0,0,187,stub
khwarazmian_empire,Khwarazmian Empire,safavid_empire,Safavid Empire,displacement,2,,0,0,0,1,0,0,281,stub
delhi_sultanate,Delhi Sultanate,ilkhanate,Ilkhanate,displacement,2,,0,0,0,1,0,0,-270,stub
delhi_sultanate,Delhi Sultanate,jalayirid_sultanate,Jalayirid Sultanate,displacement,2,,0,0,0,1,0,0,-191,stub
delhi_sultanate,Delhi Sultanate,madurai_sultanate,Madurai Sultanate,displacement,2,,0,0,0,1,0,0,-191,stub
delhi_sultanate,Delhi Sultanate,timurid_empire,Timurid Empire,displacement,2,,0,0,0,1,0,0,-156,stub
delhi_sultanate,Delhi Sultanate,hyderabad_state,Nizam of Hyderabad,displacement,2,,0,0,0,1,0,0,198,stub
delhi_sultanate,Delhi Sultanate,zand_dynasty,Zand Dynasty,displacement,2,,0,0,0,1,0,0,225,stub
ilkhanate,Ilkhanate,malwa_sultanate,Malwa Sultanate,displacement,2,,0,0,0,1,0,0,57,stub
ilkhanate,Ilkhanate,jaunpur_sultanate,Jaunpur Sultanate,displacement,2,,0,0,0,1,0,0,59,stub
ilkhanate,Ilkhanate,gujarat_sultanate,Gujarat Sultanate,displacement,2,,0,0,0,1,0,0,72,stub
ilkhanate,Ilkhanate,mughal_empire,Mughal Empire,displacement,2,,0,0,0,1,0,0,191,stub
ilkhanate,Ilkhanate,sur_empire,Sur Empire,displacement,2,,0,0,0,1,0,0,205,stub
jalayirid_sultanate,Jalayirid Sultanate,madurai_sultanate,Madurai Sultanate,displacement,2,,0,0,0,1,0,0,-97,stub
jalayirid_sultanate,Jalayirid Sultanate,mughal_empire,Mughal Empire,displacement,2,,0,0,0,1,0,0,94,stub
jalayirid_sultanate,Jalayirid Sultanate,sur_empire,Sur Empire,displacement,2,,0,0,0,1,0,0,108,stub
jalayirid_sultanate,Jalayirid Sultanate,hyderabad_state,Nizam of Hyderabad,displacement,2,,0,0,0,1,0,0,292,stub
madurai_sultanate,Madurai Sultanate,safavid_empire,Safavid Empire,displacement,2,,0,0,0,1,0,0,123,stub
madurai_sultanate,Madurai Sultanate,sur_empire,Sur Empire,displacement,2,,0,0,0,1,0,0,162,stub
timurid_empire,Timurid Empire,malwa_sultanate,Malwa Sultanate,displacement,2,,0,0,0,1,0,0,-115,stub
timurid_empire,Timurid Empire,jaunpur_sultanate,Jaunpur Sultanate,displacement,2,,0,0,0,1,0,0,-113,stub
timurid_empire,Timurid Empire,gujarat_sultanate,Gujarat Sultanate,displacement,2,,0,0,0,1,0,0,-100,stub
timurid_empire,Timurid Empire,hyderabad_state,Nizam of Hyderabad,displacement,2,,0,0,0,1,0,0,217,stub
malwa_sultanate,Malwa Sultanate,gujarat_sultanate,Gujarat Sultanate,displacement,2,,0,0,0,1,0,0,-155,stub
malwa_sultanate,Malwa Sultanate,safavid_empire,Safavid Empire,displacement,2,,0,0,0,1,0,0,-61,stub
malwa_sultanate,Malwa Sultanate,hyderabad_state,Nizam of Hyderabad,displacement,2,,0,0,0,1,0,0,162,stub
malwa_sultanate,Malwa Sultanate,zand_dynasty,Zand Dynasty,displacement,2,,0,0,0,1,0,0,189,stub
jaunpur_sultanate,Jaunpur Sultanate,gujarat_sultanate,Gujarat Sultanate,displacement,2,,0,0,0,1,0,0,-72,stub
jaunpur_sultanate,Jaunpur Sultanate,hyderabad_state,Nizam of Hyderabad,displacement,2,,0,0,0,1,0,0,245,stub
jaunpur_sultanate,Jaunpur Sultanate,zand_dynasty,Zand Dynasty,displacement,2,,0,0,0,1,0,0,272,stub
gujarat_sultanate,Gujarat Sultanate,safavid_empire,Safavid Empire,displacement,2,,0,0,0,1,0,0,-72,stub
gujarat_sultanate,Gujarat Sultanate,hyderabad_state,Nizam of Hyderabad,displacement,2,,0,0,0,1,0,0,151,stub
gujarat_sultanate,Gujarat Sultanate,zand_dynasty,Zand Dynasty,displacement,2,,0,0,0,1,0,0,178,stub
safavid_empire,Safavid Empire,mughal_empire,Mughal Empire,displacement,2,,0,0,0,1,0,0,-210,stub
safavid_empire,Safavid Empire,sur_empire,Sur Empire,displacement,2,,0,0,0,1,0,0,-196,stub
mughal_empire,Mughal Empire,zand_dynasty,Zand Dynasty,displacement,2,,0,0,0,1,0,0,-106,stub
sur_empire,Sur Empire,hyderabad_state,Nizam of Hyderabad,displacement,2,,0,0,0,1,0,0,168,stub
sur_empire,Sur Empire,zand_dynasty,Zand Dynasty,displacement,2,,0,0,0,1,0,0,195,stub
hyderabad_state,Nizam of Hyderabad,zand_dynasty,Zand Dynasty,displacement,2,,0,0,0,1,0,0,-197,stub
kara_khanid_khanate,Kara-Khanid Khanate,kazan_khanate,Kazan Khanate,displacement,2,,0,0,0,1,0,0,226,stub
moghulistan,Moghulistan Khanate,khanate_of_kokand,Khanate of Kokand,displacement,2,,0,0,0,1,0,0,247,stub
kazan_khanate,Kazan Khanate,khanate_of_bukhara,Khanate of Bukhara,displacement,2,,0,0,0,1,0,0,-52,stub
kazan_khanate,Kazan Khanate,khanate_of_kokand,Khanate of Kokand,displacement,2,,0,0,0,1,0,0,157,stub
khanate_of_bukhara,Khanate of Bukhara,yarkand_khanate,Yarkand Khanate,displacement,2,,0,0,0,1,0,0,-271,stub
khanate_of_khiva,Khanate of Khiva,yarkand_khanate,Yarkand Khanate,displacement,2,,0,0,0,1,0,0,-406,stub
kingdom_of_france,Kingdom of France,kingdom_of_jerusalem,Kingdom of Jerusalem,displacement,2,,0,0,0,1,0,0,-693,stub
kingdom_of_france,Kingdom of France,latin_empire,Latin Empire,displacement,2,,0,0,0,1,0,0,-588,stub
kingdom_of_jerusalem,Kingdom of Jerusalem,angevin_empire,Angevin Empire,displacement,2,,0,0,0,1,0,0,-137,stub
kingdom_of_jerusalem,Kingdom of Jerusalem,latin_empire,Latin Empire,displacement,2,,0,0,0,1,0,0,-87,stub
novgorod_republic,Novgorod Republic,cossack_hetmanate,Cossack Hetmanate,displacement,2,,0,0,0,1,0,0,171,stub
galicia_volhynia,Principality of Galicia-Volhynia,cossack_hetmanate,Cossack Hetmanate,displacement,2,,0,0,0,1,0,0,300,stub
grand_duchy_of_lithuania,Grand Duchy of Lithuania,cossack_hetmanate,Cossack Hetmanate,displacement,2,,0,0,0,1,0,0,80,stub
teutonic_order,Teutonic Order (Monastic State),kalmar_union,Kalmar Union,displacement,2,,0,0,0,1,0,0,-128,stub
teutonic_order,Teutonic Order (Monastic State),habsburg_monarchy,Habsburg Monarchy,displacement,2,,0,0,0,1,0,0,-87,stub
kalmar_union,Kalmar Union,habsburg_monarchy,Habsburg Monarchy,displacement,2,,0,0,0,1,0,0,-85,stub
kalmar_union,Kalmar Union,kingdom_of_prussia,Kingdom of Prussia,displacement,2,,0,0,0,1,0,0,178,stub
kingdom_of_great_britain,Kingdom of Great Britain,british_raj,British Raj,displacement,2,,0,0,0,1,0,0,57,stub
byzantine_empire,Byzantine Empire,ottoman_empire,Ottoman Empire,expansion,2,anatolia|balkans,2,0,0,0,0,0,-154,wp:Fall_of_Constantinople
croatian_kingdom,Croatian Kingdom,latin_empire,Latin Empire,expansion,2,balkans,1,0,0,0,1,0,102,stub
kingdom_of_bohemia,Kingdom of Bohemia,holy_roman_empire,Holy Roman Empire,expansion,2,bohemia,1,0,0,0,1,0,-564,stub
kingdom_of_bohemia,Kingdom of Bohemia,habsburg_monarchy,Habsburg Monarchy,expansion,2,bohemia,1,0,0,0,1,0,-88,stub
kingdom_of_england,Kingdom of England,angevin_empire,Angevin Empire,expansion,2,britannia,1,0,0,0,1,0,-553,stub
kingdom_of_urartu,Kingdom of Urartu,median_kingdom,Median Kingdom,expansion,2,caucasus,1,0,0,0,1,0,-88,stub
kingdom_of_armenia,Kingdom of Armenia,sassanid_empire,Sassanid Empire,expansion,2,caucasus,1,0,0,0,1,0,-204,stub
safavid_empire,Safavid Empire,russian_empire,Russian Empire,expansion,2,caucasus,1,0,0,0,0,0,-15,stub
kara_khanid_khanate,Kara-Khanid Khanate,golden_horde,Golden Horde,expansion,2,central_asian_steppe,1,0,0,0,0,0,30,stub
western_xia,Western Xia (Tangut Empire),qara_khitai,Qara Khitai (Western Liao),expansion,2,central_asian_steppe,1,0,0,0,1,0,-103,stub
western_xia,Western Xia (Tangut Empire),mongol_empire,Mongol Empire,expansion,2,central_asian_steppe,1,0,0,0,0,0,-21,stub
western_xia,Western Xia (Tangut Empire),golden_horde,Golden Horde,expansion,2,central_asian_steppe,1,0,0,0,0,0,15,stub
qara_khitai,Qara Khitai (Western Liao),golden_horde,Golden Horde,expansion,2,central_asian_steppe,1,0,0,0,0,0,24,stub
yarkand_khanate,Yarkand Khanate,russian_empire,Russian Empire,expansion,2,central_asian_steppe,1,0,0,0,0,0,16,stub
dzungar_khanate,Dzungar Khanate,russian_empire,Russian Empire,expansion,2,central_asian_steppe,1,0,0,0,0,0,-34,stub
mysore_kingdom,Mysore Kingdom,republic_of_india,Republic of India,expansion,2,deccan,1,0,0,0,1,0,148,stub
maratha_empire,Maratha Empire,british_raj,British Raj,expansion,2,deccan,1,0,0,0,0,0,40,stub
palmyrene_empire,Palmyrene Empire,roman_empire,Roman Empire,expansion,2,egypt|levant,2,0,0,0,0,0,-300,stub
palmyrene_empire,Palmyrene Empire,byzantine_empire,Byzantine Empire,expansion,2,egypt|levant,2,0,0,0,0,0,122,stub
sena_dynasty,Sena Dynasty,delhi_sultanate,Delhi Sultanate,expansion,2,ganges_plain,1,0,0,0,0,0,-24,stub
gajapati_dynasty,Gajapati Dynasty (Odisha),mughal_empire,Mughal Empire,expansion,2,ganges_plain,1,0,0,0,0,0,-15,stub
kingdom_of_hungary,Kingdom of Hungary,habsburg_monarchy,Habsburg Monarchy,expansion,2,hungary,1,0,0,0,1,0,-88,stub
visigothic_kingdom,Visigothic Kingdom,umayyad_caliphate,Umayyad Caliphate,expansion,2,iberia,1,0,0,0,0,0,-50,stub
kushano_sasanian_kingdom,Kushano-Sasanian Kingdom,hephthalite_empire,Hephthalite Empire,expansion,2,indus_valley|khorasan,2,0,0,0,0,0,75,stub
pratihara_dynasty,Pratihara Dynasty,ghaznavid_empire,Ghaznavid Empire,expansion,2,indus_valley|punjab,2,0,0,0,0,0,-59,stub
abbasid_caliphate,Abbasid Caliphate,mongol_empire,Mongol Empire,expansion,2,iran_plateau|mesopotamia,2,0,0,0,0,0,-52,stub
buyid_dynasty,Buyid Dynasty,mongol_empire,Mongol Empire,expansion,2,iran_plateau|mesopotamia,2,0,0,0,0,0,144,stub
ryukyu_kingdom,Ryukyu Kingdom,empire_of_japan,Empire of Japan (Meiji),expansion,2,japanese_archipelago,1,0,0,0,0,0,-11,stub
hephthalite_empire,Hephthalite Empire,umayyad_caliphate,Umayyad Caliphate,expansion,2,khorasan|transoxiana,2,0,0,0,0,0,96,stub
ghaznavid_empire,Ghaznavid Empire,mongol_empire,Mongol Empire,expansion,2,khorasan,1,0,0,0,0,0,20,stub
afsharid_dynasty,Afsharid Dynasty,durrani_empire,Durrani Empire,expansion,2,khorasan,1,0,0,0,0,0,-49,stub
grand_duchy_moscow,Grand Duchy of Moscow,polish_lithuanian_commonwealth,Polish-Lithuanian Commonwealth,expansion,2,kievan_rus,1,0,0,0,0,0,22,stub
polish_lithuanian_commonwealth,Polish-Lithuanian Commonwealth,soviet_union,Soviet Union,expansion,2,kievan_rus|lithuania,2,0,0,0,0,0,127,stub
joseon,Joseon Dynasty,empire_of_japan,Empire of Japan (Meiji),expansion,2,korean_peninsula,1,0,0,0,0,0,-29,stub
phoenician_states,"Phoenician City-States (Tyre, Sidon, Byblos)",seleucid_empire,Seleucid Empire,expansion,2,levant,1,0,0,0,0,0,20,stub
phoenician_states,"Phoenician City-States (Tyre, Sidon, Byblos)",ptolemaic_egypt,Ptolemaic Kingdom,expansion,2,levant,1,0,0,0,0,0,27,stub
kingdom_of_israel,United Kingdom of Israel,neo_assyrian_empire,Neo-Assyrian Empire,expansion,2,levant,1,0,0,0,0,0,19,stub
kingdom_of_judah,Kingdom of Judah,neo_babylonian,Neo-Babylonian (Chaldean) Empire,expansion,2,levant,1,0,0,0,0,0,-40,stub
kingdom_of_judah,Kingdom of Judah,achaemenid_empire,Achaemenid Empire,expansion,2,levant,1,0,0,0,0,0,36,stub
kingdom_of_jerusalem,Kingdom of Jerusalem,mamluk_sultanate,Mamluk Sultanate,expansion,2,levant,1,0,0,0,0,0,-41,stub
liao_dynasty,Liao Dynasty (Khitan),mongol_empire,Mongol Empire,expansion,2,manchuria|yellow_river,2,0,0,0,0,0,81,stub
liao_dynasty,Liao Dynasty (Khitan),yuan_dynasty,Yuan Dynasty,expansion,2,manchuria|yellow_river,2,0,0,0,0,0,146,stub
jin_jurchen,Jin Dynasty (Jurchen),ming_dynasty,Ming Dynasty,expansion,2,manchuria|yellow_river,2,0,0,0,0,0,134,stub
old_babylonian,Old Babylonian Empire,mitanni_empire,Mitanni Empire,expansion,2,mesopotamia,1,0,0,0,1,0,95,stub
lakhmid_kingdom,Lakhmid Kingdom,rashidun_caliphate,Rashidun Caliphate,expansion,2,mesopotamia,1,0,0,0,0,0,30,stub
zangid_atabegate,Zangid Atabegate,mongol_empire,Mongol Empire,expansion,2,mesopotamia,1,0,0,0,0,0,-44,stub
numidia,Kingdom of Numidia,roman_empire,Roman Empire,expansion,2,north_africa,1,0,0,0,0,0,19,stub
khwarazmian_empire,Khwarazmian Empire,mongol_empire,Mongol Empire,expansion,2,transoxiana,1,0,0,0,0,0,-14,stub
khanate_of_kokand,Khanate of Kokand,soviet_union,Soviet Union,expansion,2,transoxiana,1,0,0,0,0,0,46,stub
northern_song,Northern Song Dynasty,mongol_empire,Mongol Empire,expansion,2,yangtze|yellow_river,2,0,0,0,0,0,79,stub
northern_song,Northern Song Dynasty,yuan_dynasty,Yuan Dynasty,expansion,2,yangtze|yellow_river,2,0,0,0,0,0,144,stub
xiongnu,Xiongnu Confederation,hunnic_empire,Hunnic Empire,expansion,2,,0,0,0,1,0,0,257,stub
rustamid_dynasty,Rustamid Dynasty,almohad_caliphate,Almohad Caliphate,expansion,2,,0,0,0,1,0,0,212,stub
aghlabid_dynasty,Aghlabid Dynasty,almohad_caliphate,Almohad Caliphate,expansion,2,,0,0,0,1,0,0,212,stub
samanid_empire,Samanid Empire,ilkhanate,Ilkhanate,expansion,2,,0,0,0,1,0,0,257,stub
saffarid_dynasty,Saffarid Dynasty,ilkhanate,Ilkhanate,expansion,2,,0,0,0,1,0,0,253,stub
buyid_dynasty,Buyid Dynasty,ilkhanate,Ilkhanate,expansion,2,,0,0,0,1,0,0,194,stub
ghorid_dynasty,Ghorid Sultanate,safavid_empire,Safavid Empire,expansion,2,,0,0,0,1,0,0,286,stub
abbasid_caliphate,Abbasid Caliphate,ottoman_empire,Ottoman Empire,expansion,2,,0,0,0,0,1,0,41,stub
second_bulgarian_empire,Second Bulgarian Empire,principality_of_wallachia,Principality of Wallachia,same,2,balkans,1,0,0,0,1,0,-106,stub
serbian_empire,Serbian Empire (Nemanjić Dynasty),principality_of_wallachia,Principality of Wallachia,same,2,balkans,1,0,0,0,1,0,-99,stub
principality_of_wallachia,Principality of Wallachia,serbian_despotate,Serbian Despotate,same,2,balkans,1,0,0,0,1,0,-457,stub
principality_of_moldavia,Principality of Moldavia,serbian_despotate,Serbian Despotate,same,2,balkans,1,0,0,0,1,0,-457,stub
kingdom_of_greece,Kingdom of Greece,kingdom_of_romania,Kingdom of Romania,same,2,balkans,1,0,0,0,1,0,-92,stub
avar_khaganate,Avar Khaganate,kara_khanid_khanate,Kara-Khanid Khanate,same,2,central_asian_steppe,1,0,0,0,0,0,36,stub
kara_khanid_khanate,Kara-Khanid Khanate,qara_khitai,Qara Khitai (Western Liao),same,2,central_asian_steppe|transoxiana,2,0,0,0,0,0,-88,stub
pandya_dynasty,Pandya Dynasty,vakataka_dynasty,Vakataka Dynasty,same,2,deccan,1,0,0,0,1,0,-1095,stub
pandya_dynasty,Pandya Dynasty,yadava_dynasty,Yadava Dynasty (Devagiri),same,2,deccan,1,0,0,0,1,0,-495,stub
chola_empire,Chola Empire,vakataka_dynasty,Vakataka Dynasty,same,2,deccan,1,0,0,0,1,0,-1029,stub
chola_empire,Chola Empire,yadava_dynasty,Yadava Dynasty (Devagiri),same,2,deccan,1,0,0,0,1,0,-429,stub
chera_dynasty,Chera Dynasty,vakataka_dynasty,Vakataka Dynasty,same,2,deccan,1,0,0,0,1,0,-852,stub
chera_dynasty,Chera Dynasty,yadava_dynasty,Yadava Dynasty (Devagiri),same,2,deccan,1,0,0,0,1,0,-252,stub
vakataka_dynasty,Vakataka Dynasty,pallava_dynasty,Pallava Dynasty,same,2,deccan,1,0,0,0,1,0,-225,stub
vakataka_dynasty,Vakataka Dynasty,kadamba_dynasty,Kadamba Dynasty,same,2,deccan,1,0,0,0,1,0,-155,stub
yadava_dynasty,Yadava Dynasty (Devagiri),kakatiya_dynasty,Kakatiya Dynasty,same,2,deccan,1,0,0,0,1,0,-234,stub
yadava_dynasty,Yadava Dynasty (Devagiri),madurai_sultanate,Madurai Sultanate,same,2,deccan,1,0,0,0,0,0,18,stub
yadava_dynasty,Yadava Dynasty (Devagiri),bahmani_sultanate,Bahmani Sultanate,same,2,deccan,1,0,0,0,0,0,30,stub
yadava_dynasty,Yadava Dynasty (Devagiri),mysore_kingdom,Mysore Kingdom,same,2,deccan,1,0,0,0,1,0,82,stub
hoysala_dynasty,Hoysala Empire,madurai_sultanate,Madurai Sultanate,same,2,deccan,1,0,0,0,0,0,-11,stub
kakatiya_dynasty,Kakatiya Dynasty,madurai_sultanate,Madurai Sultanate,same,2,deccan,1,0,0,0,0,0,12,stub
kakatiya_dynasty,Kakatiya Dynasty,bahmani_sultanate,Bahmani Sultanate,same,2,deccan,1,0,0,0,0,0,24,stub
madurai_sultanate,Madurai Sultanate,vijayanagara_empire,Vijayanagara Empire,same,2,deccan,1,0,0,0,0,0,-42,stub
madurai_sultanate,Madurai Sultanate,mysore_kingdom,Mysore Kingdom,same,2,deccan,1,0,0,0,0,0,21,stub
mysore_kingdom,Mysore Kingdom,maratha_empire,Maratha Empire,same,2,deccan,1,0,0,0,1,0,-125,stub
byzantine_empire,Byzantine Empire,rashidun_caliphate,Rashidun Caliphate,same,2,egypt|levant,2,0,0,0,0,0,-821,stub
kushano_sasanian_kingdom,Kushano-Sasanian Kingdom,gupta_empire,Gupta Empire,same,2,indus_valley,1,0,0,0,0,0,-45,stub
jalayirid_sultanate,Jalayirid Sultanate,kara_koyunlu,Kara Koyunlu (Black Sheep Turkmen),same,2,iran_plateau|mesopotamia,2,0,0,0,0,0,-58,stub
hotak_dynasty,Hotak Dynasty,qajar_dynasty,Qajar Dynasty,same,2,iran_plateau|khorasan,2,0,0,0,0,0,58,stub
novgorod_republic,Novgorod Republic,grand_duchy_moscow,Grand Duchy of Moscow,same,2,kievan_rus,1,0,0,0,1,0,-195,stub
novgorod_republic,Novgorod Republic,tsardom_russia,Tsardom of Russia,same,2,kievan_rus,1,0,0,0,1,0,69,stub
galicia_volhynia,Principality of Galicia-Volhynia,grand_duchy_moscow,Grand Duchy of Moscow,same,2,kievan_rus,1,0,0,0,1,0,-66,stub
joseon,Joseon Dynasty,japanese_korea,Japanese-Occupied Korea,same,2,korean_peninsula,1,0,0,0,0,0,13,stub
ur_iii,Third Dynasty of Ur (Neo-Sumerian),old_babylonian,Old Babylonian Empire,same,2,mesopotamia,1,0,0,0,1,0,110,stub
zangid_atabegate,Zangid Atabegate,jalayirid_sultanate,Jalayirid Sultanate,same,2,mesopotamia,1,0,0,0,1,0,85,stub
kazan_khanate,Kazan Khanate,crimean_khanate,Crimean Khanate,same,2,pontic_steppe,1,0,0,0,1,0,-111,stub
samanid_empire,Samanid Empire,kara_khanid_khanate,Kara-Khanid Khanate,same,2,transoxiana,1,0,0,0,1,0,-159,stub
northern_song,Northern Song Dynasty,jin_jurchen,Jin Dynasty (Jurchen),same,2,yellow_river,1,0,0,0,0,0,-12,stub
vakataka_dynasty,Vakataka Dynasty,rashtrakuta_dynasty,Rashtrakuta Dynasty,same,2,,0,0,0,1,0,0,253,stub
tulunid_dynasty,Tulunid Dynasty,ayyubid_sultanate,Ayyubid Sultanate,same,2,,0,0,0,1,0,0,266,stub
ikhshidid_dynasty,Ikhshidid Dynasty,ayyubid_sultanate,Ayyubid Sultanate,same,2,,0,0,0,1,0,0,202,stub
croatian_kingdom,Croatian Kingdom,serbian_despotate,Serbian Despotate,same,2,,0,0,0,1,0,0,300,stub
buyid_dynasty,Buyid Dynasty,jalayirid_sultanate,Jalayirid Sultanate,same,2,,0,0,0,1,0,0,273,stub
ghorid_dynasty,Ghorid Sultanate,timurid_empire,Timurid Empire,same,2,,0,0,0,1,0,0,155,stub
ilkhanate,Ilkhanate,safavid_empire,Safavid Empire,same,2,,0,0,0,1,0,0,166,stub
berber,Berber / Mauretania,mauretania_kingdom,Mauretania Kingdom,unknown,2,,0,0,0,1,0,0,-85,stub
mauretania_kingdom,Mauretania Kingdom,numidia,Kingdom of Numidia,unknown,2,,0,0,0,1,0,0,-242,stub
old_babylonian,Old Babylonian Empire,middle_assyrian_empire,Middle Assyrian Empire,unknown,2,,0,0,0,1,0,0,203,stub
zhou_dynasty,Zhou Dynasty,western_han,Western Han,unknown,2,,0,0,0,1,0,0,54,stub
han_dynasty,Han Dynasty,western_han,Western Han,unknown,2,,0,0,0,1,0,0,-422,stub
han_dynasty,Han Dynasty,northern_wei,Northern Wei tributary,unknown,2,,0,0,0,1,0,0,166,stub
western_han,Western Han,cao_wei,Cao Wei,unknown,2,,0,0,0,1,0,0,211,stub
western_han,Western Han,shu_han,Shu Han,unknown,2,,0,0,0,1,0,0,212,stub
western_han,Western Han,eastern_wu,Eastern Wu,unknown,2,,0,0,0,1,0,0,213,stub
western_han,Western Han,western_jin,Western Jin Dynasty,unknown,2,,0,0,0,1,0,0,256,stub
cao_wei,Cao Wei,northern_wei,Northern Wei tributary,unknown,2,,0,0,0,1,0,0,121,stub
cao_wei,Cao Wei,western_wei,Western Wei / Northern Zhou tributary,unknown,2,,0,0,0,1,0,0,270,stub
shu_han,Shu Han,northern_wei,Northern Wei tributary,unknown,2,,0,0,0,1,0,0,123,stub
shu_han,Shu Han,western_wei,Western Wei / Northern Zhou tributary,unknown,2,,0,0,0,1,0,0,272,stub
eastern_wu,Eastern Wu,northern_wei,Northern Wei tributary,unknown,2,,0,0,0,1,0,0,106,stub
eastern_wu,Eastern Wu,western_wei,Western Wei / Northern Zhou tributary,unknown,2,,0,0,0,1,0,0,255,stub
western_jin,Western Jin Dynasty,northern_wei,Northern Wei tributary,unknown,2,,0,0,0,1,0,0,70,stub
western_jin,Western Jin Dynasty,western_wei,Western Wei / Northern Zhou tributary,unknown,2,,0,0,0,1,0,0,219,stub
eastern_jin,Eastern Jin Dynasty,western_wei,Western Wei / Northern Zhou tributary,unknown,2,,0,0,0,1,0,0,115,stub
northern_dynasties,Northern Dynasties,northern_wei,Northern Wei tributary,unknown,2,,0,0,0,1,0,0,-195,stub
northern_wei,Northern Wei tributary,southern_dynasties,Southern Dynasties,unknown,2,,0,0,0,1,0,0,-115,stub
southern_dynasties,Southern Dynasties,western_wei,Western Wei / Northern Zhou tributary,unknown,2,,0,0,0,1,0,0,-54,stub
macedonian_kingdom,Macedonian Kingdom,kingdom_of_epirus,Kingdom of Epirus,unknown,2,,0,0,0,1,0,0,-302,stub
macedonian_kingdom,Macedonian Kingdom,macedonian_empire,Macedonian Empire (Alexander),unknown,2,,0,0,0,1,0,0,-168,stub
macedonian_kingdom,Macedonian Kingdom,lysimachus,Lysimachus,unknown,2,,0,0,0,1,0,0,-138,stub
macedonian_kingdom,Macedonian Kingdom,greco_bactrian_kingdom,Greco-Bactrian Kingdom,unknown,2,,0,0,0,1,0,0,-88,stub
kingdom_of_epirus,Kingdom of Epirus,macedonian_empire,Macedonian Empire (Alexander),unknown,2,,0,0,0,1,0,0,-169,stub
kingdom_of_epirus,Kingdom of Epirus,lysimachus,Lysimachus,unknown,2,,0,0,0,1,0,0,-139,stub
kingdom_of_epirus,Kingdom of Epirus,greco_bactrian_kingdom,Greco-Bactrian Kingdom,unknown,2,,0,0,0,1,0,0,-89,stub
lysimachus,Lysimachus,indo_greek_kingdom,Indo-Greek Kingdom,unknown,2,,0,0,0,1,0,0,101,stub
hunnic_empire,Hunnic Empire,first_turkic_khaganate,First Türkic Empire,unknown,2,,0,0,0,1,0,0,99,stub
hunnic_empire,Hunnic Empire,xueyantuo,Xueyantuo,unknown,2,,0,0,0,1,0,0,175,stub
hunnic_empire,Hunnic Empire,second_turkic_khaganate,Second Türkic Khaganate,unknown,2,,0,0,0,1,0,0,229,stub
hunnic_empire,Hunnic Empire,turgesh_khaganate,Turgesh Khaganate,unknown,2,,0,0,0,1,0,0,246,stub
first_turkic_khaganate,First Türkic Empire,goktürk_khaganate,Göktürk Khaganate,unknown,2,,0,0,0,1,0,0,-51,stub
first_turkic_khaganate,First Türkic Empire,second_turkic_khaganate,Second Türkic Khaganate,unknown,2,,0,0,0,1,0,0,79,stub
first_turkic_khaganate,First Türkic Empire,turgesh_khaganate,Turgesh Khaganate,unknown,2,,0,0,0,1,0,0,96,stub
goktürk_khaganate,Göktürk Khaganate,xueyantuo,Xueyantuo,unknown,2,,0,0,0,1,0,0,-116,stub
goktürk_khaganate,Göktürk Khaganate,second_turkic_khaganate,Second Türkic Khaganate,unknown,2,,0,0,0,1,0,0,-62,stub
avar_khaganate,Avar Khaganate,xueyantuo,Xueyantuo,unknown,2,,0,0,0,1,0,0,-176,stub
avar_khaganate,Avar Khaganate,second_turkic_khaganate,Second Türkic Khaganate,unknown,2,,0,0,0,1,0,0,-122,stub
avar_khaganate,Avar Khaganate,turgesh_khaganate,Turgesh Khaganate,unknown,2,,0,0,0,1,0,0,-105,stub
xueyantuo,Xueyantuo,turgesh_khaganate,Turgesh Khaganate,unknown,2,,0,0,0,1,0,0,53,stub
khazar_khaganate,Khazar Khaganate,second_turkic_khaganate,Second Türkic Khaganate,unknown,2,,0,0,0,1,0,0,-287,stub
khazar_khaganate,Khazar Khaganate,turgesh_khaganate,Turgesh Khaganate,unknown,2,,0,0,0,1,0,0,-270,stub
toltec_empire,Toltec Empire,aztec_empire,Aztec Empire (Mexico-Tenochtitlan),unknown,2,,0,0,0,1,0,0,260,stub
byzantine_empire,Byzantine Empire,despotate_of_epirus,Despotate of Epirus,unknown,2,,0,0,0,1,0,0,-248,stub
rashidun_caliphate,Rashidun Caliphate,muhallabid_governors,Muhallabid governors,unknown,2,,0,0,0,1,0,0,110,stub
rashidun_caliphate,Rashidun Caliphate,ziyadid_dynasty,Ziyadid Dynasty,unknown,2,,0,0,0,1,0,0,158,stub
rashidun_caliphate,Rashidun Caliphate,tahirid_dynasty,Tahirid dynasty,unknown,2,,0,0,0,1,0,0,160,stub
rashidun_caliphate,Rashidun Caliphate,sajid_dynasty,Sajid dynasty,unknown,2,,0,0,0,1,0,0,228,stub
rashidun_caliphate,Rashidun Caliphate,hamdanid_emirate,Hamdanid Emirate,unknown,2,,0,0,0,1,0,0,229,stub
umayyad_caliphate,Umayyad Caliphate,ziyadid_dynasty,Ziyadid Dynasty,unknown,2,,0,0,0,1,0,0,69,stub
umayyad_caliphate,Umayyad Caliphate,tahirid_dynasty,Tahirid dynasty,unknown,2,,0,0,0,1,0,0,71,stub
umayyad_caliphate,Umayyad Caliphate,sajid_dynasty,Sajid dynasty,unknown,2,,0,0,0,1,0,0,139,stub
umayyad_caliphate,Umayyad Caliphate,hamdanid_emirate,Hamdanid Emirate,unknown,2,,0,0,0,1,0,0,140,stub
umayyad_caliphate,Umayyad Caliphate,sulayhid_dynasty,Sulayhid Dynasty,unknown,2,,0,0,0,1,0,0,297,stub
al_andalus,Al-Andalus,muhallabid_governors,Muhallabid governors,unknown,2,,0,0,0,1,0,0,-721,stub
al_andalus,Al-Andalus,ziyadid_dynasty,Ziyadid Dynasty,unknown,2,,0,0,0,1,0,0,-673,stub
al_andalus,Al-Andalus,tahirid_dynasty,Tahirid dynasty,unknown,2,,0,0,0,1,0,0,-671,stub
al_andalus,Al-Andalus,sajid_dynasty,Sajid dynasty,unknown,2,,0,0,0,1,0,0,-603,stub
al_andalus,Al-Andalus,hamdanid_emirate,Hamdanid Emirate,unknown,2,,0,0,0,1,0,0,-602,stub
al_andalus,Al-Andalus,sulayhid_dynasty,Sulayhid Dynasty,unknown,2,,0,0,0,1,0,0,-445,stub
al_andalus,Al-Andalus,banu_ghaniya,Banu Ghaniya,unknown,2,,0,0,0,1,0,0,-344,stub
abbasid_caliphate,Abbasid Caliphate,muhallabid_governors,Muhallabid governors,unknown,2,,0,0,0,1,0,0,-487,stub
abbasid_caliphate,Abbasid Caliphate,ziyadid_dynasty,Ziyadid Dynasty,unknown,2,,0,0,0,1,0,0,-439,stub
abbasid_caliphate,Abbasid Caliphate,tahirid_dynasty,Tahirid dynasty,unknown,2,,0,0,0,1,0,0,-437,stub
abbasid_caliphate,Abbasid Caliphate,sajid_dynasty,Sajid dynasty,unknown,2,,0,0,0,1,0,0,-369,stub
abbasid_caliphate,Abbasid Caliphate,hamdanid_emirate,Hamdanid Emirate,unknown,2,,0,0,0,1,0,0,-368,stub
abbasid_caliphate,Abbasid Caliphate,sulayhid_dynasty,Sulayhid Dynasty,unknown,2,,0,0,0,1,0,0,-211,stub
abbasid_caliphate,Abbasid Caliphate,banu_ghaniya,Banu Ghaniya,unknown,2,,0,0,0,1,0,0,-110,stub
muhallabid_governors,Muhallabid governors,tulunid_dynasty,Tulunid Dynasty,unknown,2,,0,0,0,1,0,0,75,stub
muhallabid_governors,Muhallabid governors,sajid_dynasty,Sajid dynasty,unknown,2,,0,0,0,1,0,0,96,stub
muhallabid_governors,Muhallabid governors,hamdanid_emirate,Hamdanid Emirate,unknown,2,,0,0,0,1,0,0,97,stub
muhallabid_governors,Muhallabid governors,fatimid_caliphate,Fatimid Caliphate,unknown,2,,0,0,0,1,0,0,116,stub
muhallabid_governors,Muhallabid governors,ikhshidid_dynasty,Ikhshidid Dynasty,unknown,2,,0,0,0,1,0,0,142,stub
muhallabid_governors,Muhallabid governors,zirid_dynasty,Zirid Dynasty,unknown,2,,0,0,0,1,0,0,179,stub
muhallabid_governors,Muhallabid governors,almoravid_dynasty,Almoravid Dynasty,unknown,2,,0,0,0,1,0,0,247,stub
muhallabid_governors,Muhallabid governors,sulayhid_dynasty,Sulayhid Dynasty,unknown,2,,0,0,0,1,0,0,254,stub
rustamid_dynasty,Rustamid Dynasty,ziyadid_dynasty,Ziyadid Dynasty,unknown,2,,0,0,0,1,0,0,-90,stub
rustamid_dynasty,Rustamid Dynasty,tahirid_dynasty,Tahirid dynasty,unknown,2,,0,0,0,1,0,0,-88,stub
rustamid_dynasty,Rustamid Dynasty,sulayhid_dynasty,Sulayhid Dynasty,unknown,2,,0,0,0,1,0,0,138,stub
rustamid_dynasty,Rustamid Dynasty,banu_ghaniya,Banu Ghaniya,unknown,2,,0,0,0,1,0,0,239,stub
idrisid_dynasty,Idrisid Dynasty,ziyadid_dynasty,Ziyadid Dynasty,unknown,2,,0,0,0,1,0,0,-155,stub
idrisid_dynasty,Idrisid Dynasty,tahirid_dynasty,Tahirid dynasty,unknown,2,,0,0,0,1,0,0,-153,stub
idrisid_dynasty,Idrisid Dynasty,sajid_dynasty,Sajid dynasty,unknown,2,,0,0,0,1,0,0,-85,stub
idrisid_dynasty,Idrisid Dynasty,hamdanid_emirate,Hamdanid Emirate,unknown,2,,0,0,0,1,0,0,-84,stub
idrisid_dynasty,Idrisid Dynasty,sulayhid_dynasty,Sulayhid Dynasty,unknown,2,,0,0,0,1,0,0,73,stub
idrisid_dynasty,Idrisid Dynasty,banu_ghaniya,Banu Ghaniya,unknown,2,,0,0,0,1,0,0,174,stub
aghlabid_dynasty,Aghlabid Dynasty,ziyadid_dynasty,Ziyadid Dynasty,unknown,2,,0,0,0,1,0,0,-90,stub
aghlabid_dynasty,Aghlabid Dynasty,tahirid_dynasty,Tahirid dynasty,unknown,2,,0,0,0,1,0,0,-88,stub
aghlabid_dynasty,Aghlabid Dynasty,sulayhid_dynasty,Sulayhid Dynasty,unknown,2,,0,0,0,1,0,0,138,stub
aghlabid_dynasty,Aghlabid Dynasty,banu_ghaniya,Banu Ghaniya,unknown,2,,0,0,0,1,0,0,239,stub
ziyadid_dynasty,Ziyadid Dynasty,tahirid_dynasty,Tahirid dynasty,unknown,2,,0,0,0,1,0,0,-197,stub
ziyadid_dynasty,Ziyadid Dynasty,tulunid_dynasty,Tulunid Dynasty,unknown,2,,0,0,0,1,0,0,-150,stub
ziyadid_dynasty,Ziyadid Dynasty,sajid_dynasty,Sajid dynasty,unknown,2,,0,0,0,1,0,0,-129,stub
ziyadid_dynasty,Ziyadid Dynasty,hamdanid_emirate,Hamdanid Emirate,unknown,2,,0,0,0,1,0,0,-128,stub
ziyadid_dynasty,Ziyadid Dynasty,fatimid_caliphate,Fatimid Caliphate,unknown,2,,0,0,0,1,0,0,-109,stub
ziyadid_dynasty,Ziyadid Dynasty,ikhshidid_dynasty,Ikhshidid Dynasty,unknown,2,,0,0,0,1,0,0,-83,stub
ziyadid_dynasty,Ziyadid Dynasty,almohad_caliphate,Almohad Caliphate,unknown,2,,0,0,0,1,0,0,103,stub
ziyadid_dynasty,Ziyadid Dynasty,zangid_atabegate,Zangid Atabegate,unknown,2,,0,0,0,1,0,0,109,stub
ziyadid_dynasty,Ziyadid Dynasty,banu_ghaniya,Banu Ghaniya,unknown,2,,0,0,0,1,0,0,130,stub
ziyadid_dynasty,Ziyadid Dynasty,ayyubid_sultanate,Ayyubid Sultanate,unknown,2,,0,0,0,1,0,0,153,stub
ziyadid_dynasty,Ziyadid Dynasty,hafsid_dynasty,Hafsid Dynasty,unknown,2,,0,0,0,1,0,0,211,stub
ziyadid_dynasty,Ziyadid Dynasty,marinid_dynasty,Marinid Dynasty,unknown,2,,0,0,0,1,0,0,226,stub
ziyadid_dynasty,Ziyadid Dynasty,mamluk_sultanate,Mamluk Sultanate,unknown,2,,0,0,0,1,0,0,232,stub
ziyadid_dynasty,Ziyadid Dynasty,ifat_sultanate,Ifat Sultanate,unknown,2,,0,0,0,1,0,0,267,stub
tahirid_dynasty,Tahirid dynasty,ikhshidid_dynasty,Ikhshidid Dynasty,unknown,2,,0,0,0,1,0,0,62,stub
tahirid_dynasty,Tahirid dynasty,zirid_dynasty,Zirid Dynasty,unknown,2,,0,0,0,1,0,0,99,stub
tahirid_dynasty,Tahirid dynasty,almoravid_dynasty,Almoravid Dynasty,unknown,2,,0,0,0,1,0,0,167,stub
tahirid_dynasty,Tahirid dynasty,sulayhid_dynasty,Sulayhid Dynasty,unknown,2,,0,0,0,1,0,0,174,stub
tahirid_dynasty,Tahirid dynasty,almohad_caliphate,Almohad Caliphate,unknown,2,,0,0,0,1,0,0,248,stub
tahirid_dynasty,Tahirid dynasty,zangid_atabegate,Zangid Atabegate,unknown,2,,0,0,0,1,0,0,254,stub
tahirid_dynasty,Tahirid dynasty,banu_ghaniya,Banu Ghaniya,unknown,2,,0,0,0,1,0,0,275,stub
tahirid_dynasty,Tahirid dynasty,ayyubid_sultanate,Ayyubid Sultanate,unknown,2,,0,0,0,1,0,0,298,stub
tulunid_dynasty,Tulunid Dynasty,sulayhid_dynasty,Sulayhid Dynasty,unknown,2,,0,0,0,1,0,0,142,stub
tulunid_dynasty,Tulunid Dynasty,banu_ghaniya,Banu Ghaniya,unknown,2,,0,0,0,1,0,0,243,stub
sajid_dynasty,Sajid dynasty,almoravid_dynasty,Almoravid Dynasty,unknown,2,,0,0,0,1,0,0,111,stub
sajid_dynasty,Sajid dynasty,sulayhid_dynasty,Sulayhid Dynasty,unknown,2,,0,0,0,1,0,0,118,stub
sajid_dynasty,Sajid dynasty,almohad_caliphate,Almohad Caliphate,unknown,2,,0,0,0,1,0,0,192,stub
sajid_dynasty,Sajid dynasty,zangid_atabegate,Zangid Atabegate,unknown,2,,0,0,0,1,0,0,198,stub
sajid_dynasty,Sajid dynasty,banu_ghaniya,Banu Ghaniya,unknown,2,,0,0,0,1,0,0,219,stub
sajid_dynasty,Sajid dynasty,ayyubid_sultanate,Ayyubid Sultanate,unknown,2,,0,0,0,1,0,0,242,stub
sajid_dynasty,Sajid dynasty,hafsid_dynasty,Hafsid Dynasty,unknown,2,,0,0,0,1,0,0,300,stub
hamdanid_emirate,Hamdanid Emirate,fatimid_caliphate,Fatimid Caliphate,unknown,2,,0,0,0,1,0,0,-95,stub
hamdanid_emirate,Hamdanid Emirate,ikhshidid_dynasty,Ikhshidid Dynasty,unknown,2,,0,0,0,1,0,0,-69,stub
hamdanid_emirate,Hamdanid Emirate,almohad_caliphate,Almohad Caliphate,unknown,2,,0,0,0,1,0,0,117,stub
hamdanid_emirate,Hamdanid Emirate,zangid_atabegate,Zangid Atabegate,unknown,2,,0,0,0,1,0,0,123,stub
hamdanid_emirate,Hamdanid Emirate,banu_ghaniya,Banu Ghaniya,unknown,2,,0,0,0,1,0,0,144,stub
hamdanid_emirate,Hamdanid Emirate,ayyubid_sultanate,Ayyubid Sultanate,unknown,2,,0,0,0,1,0,0,167,stub
hamdanid_emirate,Hamdanid Emirate,hafsid_dynasty,Hafsid Dynasty,unknown,2,,0,0,0,1,0,0,225,stub
hamdanid_emirate,Hamdanid Emirate,marinid_dynasty,Marinid Dynasty,unknown,2,,0,0,0,1,0,0,240,stub
hamdanid_emirate,Hamdanid Emirate,mamluk_sultanate,Mamluk Sultanate,unknown,2,,0,0,0,1,0,0,246,stub
hamdanid_emirate,Hamdanid Emirate,ifat_sultanate,Ifat Sultanate,unknown,2,,0,0,0,1,0,0,281,stub
fatimid_caliphate,Fatimid Caliphate,sulayhid_dynasty,Sulayhid Dynasty,unknown,2,,0,0,0,1,0,0,-124,stub
ikhshidid_dynasty,Ikhshidid Dynasty,sulayhid_dynasty,Sulayhid Dynasty,unknown,2,,0,0,0,1,0,0,78,stub
ikhshidid_dynasty,Ikhshidid Dynasty,banu_ghaniya,Banu Ghaniya,unknown,2,,0,0,0,1,0,0,179,stub
zirid_dynasty,Zirid Dynasty,sulayhid_dynasty,Sulayhid Dynasty,unknown,2,,0,0,0,1,0,0,-101,stub
almoravid_dynasty,Almoravid Dynasty,sulayhid_dynasty,Sulayhid Dynasty,unknown,2,,0,0,0,1,0,0,-100,stub
sulayhid_dynasty,Sulayhid Dynasty,hafsid_dynasty,Hafsid Dynasty,unknown,2,,0,0,0,1,0,0,91,stub
sulayhid_dynasty,Sulayhid Dynasty,marinid_dynasty,Marinid Dynasty,unknown,2,,0,0,0,1,0,0,106,stub
sulayhid_dynasty,Sulayhid Dynasty,mamluk_sultanate,Mamluk Sultanate,unknown,2,,0,0,0,1,0,0,112,stub
sulayhid_dynasty,Sulayhid Dynasty,ifat_sultanate,Ifat Sultanate,unknown,2,,0,0,0,1,0,0,147,stub
sulayhid_dynasty,Sulayhid Dynasty,bahmani_sultanate,Bahmani Sultanate,unknown,2,,0,0,0,1,0,0,209,stub
sulayhid_dynasty,Sulayhid Dynasty,adal_sultanate,Adal Sultanate,unknown,2,,0,0,0,1,0,0,277,stub
almohad_caliphate,Almohad Caliphate,banu_ghaniya,Banu Ghaniya,unknown,2,,0,0,0,1,0,0,-121,stub
zangid_atabegate,Zangid Atabegate,banu_ghaniya,Banu Ghaniya,unknown,2,,0,0,0,1,0,0,-102,stub
banu_ghaniya,Banu Ghaniya,ayyubid_sultanate,Ayyubid Sultanate,unknown,2,,0,0,0,1,0,0,-66,stub
banu_ghaniya,Banu Ghaniya,bahmani_sultanate,Bahmani Sultanate,unknown,2,,0,0,0,1,0,0,110,stub
banu_ghaniya,Banu Ghaniya,adal_sultanate,Adal Sultanate,unknown,2,,0,0,0,1,0,0,178,stub
banu_ghaniya,Banu Ghaniya,funj_sultanate,Funj Sultanate,unknown,2,,0,0,0,1,0,0,267,stub
hafsid_dynasty,Hafsid Dynasty,muhammad_ali_dynasty,Muhammad Ali dynasty,unknown,2,,0,0,0,1,0,0,231,stub
mamluk_sultanate,Mamluk Sultanate,muhammad_ali_dynasty,Muhammad Ali dynasty,unknown,2,,0,0,0,1,0,0,288,stub
bahmani_sultanate,Bahmani Sultanate,muhammad_ali_dynasty,Muhammad Ali dynasty,unknown,2,,0,0,0,1,0,0,278,stub
adal_sultanate,Adal Sultanate,muhammad_ali_dynasty,Muhammad Ali dynasty,unknown,2,,0,0,0,1,0,0,228,stub
funj_sultanate,Funj Sultanate,united_arab_republic,United Arab Republic,unknown,2,,0,0,0,1,0,0,137,stub
funj_sultanate,Funj Sultanate,republic_of_yemen,Republic of Yemen,unknown,2,,0,0,0,1,0,0,169,stub
saadian_dynasty,Saadian Dynasty,muhammad_ali_dynasty,Muhammad Ali dynasty,unknown,2,,0,0,0,1,0,0,146,stub
saadian_dynasty,Saadian Dynasty,united_arab_republic,United Arab Republic,unknown,2,,0,0,0,1,0,0,299,stub
darfur_sultanate,Darfur Sultanate,muhammad_ali_dynasty,Muhammad Ali dynasty,unknown,2,,0,0,0,1,0,0,-111,stub
darfur_sultanate,Darfur Sultanate,republic_of_yemen,Republic of Yemen,unknown,2,,0,0,0,1,0,0,74,stub
kingdom_of_egypt,Kingdom of Egypt,muhammad_ali_dynasty,Muhammad Ali dynasty,unknown,2,,0,0,0,1,0,0,-147,stub
muhammad_ali_dynasty,Muhammad Ali dynasty,mahdist_state,Mahdist State,unknown,2,,0,0,0,1,0,0,-68,stub
mahdist_state,Mahdist State,united_arab_republic,United Arab Republic,unknown,2,,0,0,0,1,0,0,60,stub
mahdist_state,Mahdist State,republic_of_yemen,Republic of Yemen,unknown,2,,0,0,0,1,0,0,92,stub
first_bulgarian_empire,First Bulgarian Empire,great_moravia,Great Moravia,unknown,2,,0,0,0,1,0,0,-185,stub
great_moravia,Great Moravia,second_bulgarian_empire,Second Bulgarian Empire,unknown,2,,0,0,0,1,0,0,278,stub
great_moravia,Great Moravia,serbian_empire,Serbian Empire (Nemanjić Dynasty),unknown,2,,0,0,0,1,0,0,283,stub
republic_of_venice,Venice,italy,Italy,unknown,2,,0,0,0,1,0,0,64,stub
republic_of_venice,Venice,kingdom_of_italy,Kingdom of Italy,unknown,2,,0,0,0,1,0,0,64,stub
republic_of_venice,Venice,italian_east_africa,Italian East Africa,unknown,2,,0,0,0,1,0,0,139,stub
republic_of_venice,Venice,italian_albania,Italian Albania,unknown,2,,0,0,0,1,0,0,142,stub
italy,Italy,kingdom_of_italy,Kingdom of Italy,unknown,2,,0,0,0,1,0,0,-85,stub
hungary,Hungary,principality_of_transylvania,Principality of Transylvania,unknown,2,,0,0,0,1,0,0,-376,stub
kingdom_of_france,Kingdom of France,new_france,New France,unknown,2,,0,0,0,1,0,0,-258,stub
kingdom_of_france,Kingdom of France,french_caribbean,French Caribbean,unknown,2,,0,0,0,1,0,0,-157,stub
kingdom_of_france,Kingdom of France,louisiana_territory,Louisiana Territory (French),unknown,2,,0,0,0,1,0,0,-110,stub
kingdom_of_france,Kingdom of France,vichy_france,Vichy France,unknown,2,,0,0,0,1,0,0,148,stub
kingdom_of_jerusalem,Kingdom of Jerusalem,new_france,New France,unknown,2,,0,0,0,1,0,0,243,stub
latin_empire,Latin Empire,new_france,New France,unknown,2,,0,0,0,1,0,0,273,stub
new_france,New France,french_caribbean,French Caribbean,unknown,2,,0,0,0,1,0,0,-128,stub
new_france,New France,louisiana_territory,Louisiana Territory (French),unknown,2,,0,0,0,1,0,0,-81,stub
new_france,New France,vichy_france,Vichy France,unknown,2,,0,0,0,1,0,0,177,stub
louisiana_territory,Louisiana Territory (French),vichy_france,Vichy France,unknown,2,,0,0,0,1,0,0,137,stub
french_first_empire,French First Empire,vichy_france,Vichy France,unknown,2,,0,0,0,1,0,0,126,stub
jin_dynasty,Jin Dynasty,jin_jurchen,Jin Dynasty (Jurchen),unknown,2,,0,0,0,1,0,0,-119,stub
teutonic_order,Teutonic Order (Monastic State),austrian_empire,Austrian Empire,unknown,2,,0,0,0,1,0,0,279,stub
teutonic_order,Teutonic Order (Monastic State),german_confederation,German Confederation (Deutscher Bund,unknown,2,,0,0,0,1,0,0,290,stub
kalmar_union,Kalmar Union,austrian_empire,Austrian Empire,unknown,2,,0,0,0,1,0,0,281,stub
kalmar_union,Kalmar Union,german_confederation,German Confederation (Deutscher Bund,unknown,2,,0,0,0,1,0,0,292,stub
habsburg_monarchy,Habsburg Monarchy,austrian_empire,Austrian Empire,unknown,2,,0,0,0,1,0,0,-114,stub
habsburg_monarchy,Habsburg Monarchy,german_confederation,German Confederation (Deutscher Bund,unknown,2,,0,0,0,1,0,0,-103,stub
habsburg_monarchy,Habsburg Monarchy,austria_hungary,Austria-Hungary / Italian occupation zones,unknown,2,,0,0,0,1,0,0,-51,stub
kingdom_of_prussia,Kingdom of Prussia,austrian_empire,Austrian Empire,unknown,2,,0,0,0,1,0,0,-114,stub
kingdom_of_prussia,Kingdom of Prussia,german_confederation,German Confederation (Deutscher Bund,unknown,2,,0,0,0,1,0,0,-103,stub
kingdom_of_prussia,Kingdom of Prussia,austria_hungary,Austria-Hungary / Italian occupation zones,unknown,2,,0,0,0,1,0,0,-51,stub
austrian_empire,Austrian Empire,german_confederation,German Confederation (Deutscher Bund,unknown,2,,0,0,0,1,0,0,-52,stub
austrian_empire,Austrian Empire,weimar_republic,Weimar Republic,unknown,2,,0,0,0,1,0,0,51,stub
austrian_empire,Austrian Empire,nazi_germany,Nazi Germany (Third Reich),unknown,2,,0,0,0,1,0,0,66,stub
austrian_empire,Austrian Empire,east_germany,German Democratic Republic (East Germany),unknown,2,,0,0,0,1,0,0,82,stub
austrian_empire,Austrian Empire,federal_republic_germany,Federal Republic of Germany,unknown,2,,0,0,0,1,0,0,82,stub
german_confederation,German Confederation (Deutscher Bund,weimar_republic,Weimar Republic,unknown,2,,0,0,0,1,0,0,52,stub
german_confederation,German Confederation (Deutscher Bund,nazi_germany,Nazi Germany (Third Reich),unknown,2,,0,0,0,1,0,0,67,stub
german_confederation,German Confederation (Deutscher Bund,east_germany,German Democratic Republic (East Germany),unknown,2,,0,0,0,1,0,0,83,stub
german_confederation,German Confederation (Deutscher Bund,federal_republic_germany,Federal Republic of Germany,unknown,2,,0,0,0,1,0,0,83,stub
grand_duchy_moscow,Grand Duchy of Moscow,russian_alaska,Russian America,unknown,2,,0,0,0,1,0,0,186,stub
russian_empire,Russian Empire,russian_alaska,Russian America,unknown,2,,0,0,0,1,0,0,-184,stub
russian_alaska,Russian America,soviet_union,Soviet Union,unknown,2,,0,0,0,1,0,0,55,stub
russian_alaska,Russian America,russian_federation,Russian Federation,unknown,2,,0,0,0,1,0,0,124,stub
kara_koyunlu,Kara Koyunlu (Black Sheep Turkmen),karabakh_khanate,Karabakh Khanate,unknown,2,,0,0,0,1,0,0,279,stub
aq_qoyunlu,Aq Qoyunlu (White Sheep Turkmen),karabakh_khanate,Karabakh Khanate,unknown,2,,0,0,0,1,0,0,239,stub
spanish_caribbean,Spanish Caribbean (Cuba/Hispaniola/Puerto Rico),spanish_florida,Spanish Florida,unknown,2,,0,0,0,1,0,0,-385,stub
spanish_caribbean,Spanish Caribbean (Cuba/Hispaniola/Puerto Rico),new_spain,Viceroyalty of New Spain,unknown,2,,0,0,0,1,0,0,-377,stub
spanish_caribbean,Spanish Caribbean (Cuba/Hispaniola/Puerto Rico),viceroyalty_of_peru,Viceroyalty of Peru,unknown,2,,0,0,0,1,0,0,-356,stub
spanish_caribbean,Spanish Caribbean (Cuba/Hispaniola/Puerto Rico),viceroyalty_of_new_granada,Viceroyalty of New Granada,unknown,2,,0,0,0,1,0,0,-181,stub
spanish_caribbean,Spanish Caribbean (Cuba/Hispaniola/Puerto Rico),viceroyalty_of_rio_de_la_plata,Viceroyalty of Río de la Plata,unknown,2,,0,0,0,1,0,0,-122,stub
spanish_caribbean,Spanish Caribbean (Cuba/Hispaniola/Puerto Rico),paraguay,Republic of Paraguay,unknown,2,,0,0,0,1,0,0,-87,stub
spanish_caribbean,Spanish Caribbean (Cuba/Hispaniola/Puerto Rico),argentina,Argentine Republic,unknown,2,,0,0,0,1,0,0,-82,stub
spanish_caribbean,Spanish Caribbean (Cuba/Hispaniola/Puerto Rico),chile,Republic of Chile,unknown,2,,0,0,0,1,0,0,-80,stub
spanish_caribbean,Spanish Caribbean (Cuba/Hispaniola/Puerto Rico),gran_colombia,Gran Colombia,unknown,2,,0,0,0,1,0,0,-79,stub
spanish_caribbean,Spanish Caribbean (Cuba/Hispaniola/Puerto Rico),first_mexican_empire,First Mexican Empire,unknown,2,,0,0,0,1,0,0,-77,stub
spanish_caribbean,Spanish Caribbean (Cuba/Hispaniola/Puerto Rico),mexico,Mexico (United Mexican States),unknown,2,,0,0,0,1,0,0,-77,stub
spanish_caribbean,Spanish Caribbean (Cuba/Hispaniola/Puerto Rico),peru,Republic of Peru,unknown,2,,0,0,0,1,0,0,-74,stub
spanish_caribbean,Spanish Caribbean (Cuba/Hispaniola/Puerto Rico),bolivia,Republic of Bolivia,unknown,2,,0,0,0,1,0,0,-73,stub
spanish_caribbean,Spanish Caribbean (Cuba/Hispaniola/Puerto Rico),uruguay,Oriental Republic of Uruguay,unknown,2,,0,0,0,1,0,0,-70,stub
spanish_caribbean,Spanish Caribbean (Cuba/Hispaniola/Puerto Rico),ecuador,Republic of Ecuador,unknown,2,,0,0,0,1,0,0,-68,stub
spanish_caribbean,Spanish Caribbean (Cuba/Hispaniola/Puerto Rico),venezuela,Republic of Venezuela,unknown,2,,0,0,0,1,0,0,-68,stub
spanish_caribbean,Spanish Caribbean (Cuba/Hispaniola/Puerto Rico),colombia,Republic of Colombia,unknown,2,,0,0,0,1,0,0,-67,stub
spanish_caribbean,Spanish Caribbean (Cuba/Hispaniola/Puerto Rico),dominican_republic,Dominican Republic,unknown,2,,0,0,0,1,0,0,-54,stub
spanish_florida,Spanish Florida,new_spain,Viceroyalty of New Spain,unknown,2,,0,0,0,1,0,0,-300,stub
spanish_florida,Spanish Florida,viceroyalty_of_peru,Viceroyalty of Peru,unknown,2,,0,0,0,1,0,0,-279,stub
spanish_florida,Spanish Florida,viceroyalty_of_new_granada,Viceroyalty of New Granada,unknown,2,,0,0,0,1,0,0,-104,stub
spanish_florida,Spanish Florida,cuba,Republic of Cuba,unknown,2,,0,0,0,1,0,0,81,stub
new_spain,Viceroyalty of New Spain,viceroyalty_of_peru,Viceroyalty of Peru,unknown,2,,0,0,0,1,0,0,-279,stub
new_spain,Viceroyalty of New Spain,viceroyalty_of_new_granada,Viceroyalty of New Granada,unknown,2,,0,0,0,1,0,0,-104,stub
new_spain,Viceroyalty of New Spain,cuba,Republic of Cuba,unknown,2,,0,0,0,1,0,0,81,stub
viceroyalty_of_peru,Viceroyalty of Peru,viceroyalty_of_new_granada,Viceroyalty of New Granada,unknown,2,,0,0,0,1,0,0,-107,stub
viceroyalty_of_peru,Viceroyalty of Peru,cuba,Republic of Cuba,unknown,2,,0,0,0,1,0,0,78,stub
viceroyalty_of_new_granada,Viceroyalty of New Granada,cuba,Republic of Cuba,unknown,2,,0,0,0,1,0,0,83,stub
viceroyalty_of_rio_de_la_plata,Viceroyalty of Río de la Plata,cuba,Republic of Cuba,unknown,2,,0,0,0,1,0,0,86,stub
gran_colombia,Gran Colombia,cuba,Republic of Cuba,unknown,2,,0,0,0,1,0,0,71,stub
first_mexican_empire,First Mexican Empire,cuba,Republic of Cuba,unknown,2,,0,0,0,1,0,0,79,stub
portuguese_brazil,Portuguese Brazil,republic_of_brazil,Federative Republic of Brazil,unknown,2,,0,0,0,1,0,0,67,stub
polish_lithuanian_commonwealth,Polish-Lithuanian Commonwealth,second_polish_republic,Second Polish Republic,unknown,2,,0,0,0,1,0,0,123,stub
jamestown_colony,Jamestown Colony,kingdom_of_great_britain,Kingdom of Great Britain,unknown,2,,0,0,0,1,0,0,83,stub
jamestown_colony,Jamestown Colony,united_states,United States of America,unknown,2,,0,0,0,1,0,0,152,stub
jamestown_colony,Jamestown Colony,united_kingdom,United Kingdom of Great Britain and Ireland,unknown,2,,0,0,0,1,0,0,177,stub
jamestown_colony,Jamestown Colony,texas_republic,Republic of Texas,unknown,2,,0,0,0,1,0,0,212,stub
jamestown_colony,Jamestown Colony,california_republic,California Republic,unknown,2,,0,0,0,1,0,0,222,stub
jamestown_colony,Jamestown Colony,british_raj,British Raj,unknown,2,,0,0,0,1,0,0,234,stub
jamestown_colony,Jamestown Colony,confederate_states,Confederate States of America,unknown,2,,0,0,0,1,0,0,237,stub
jamestown_colony,Jamestown Colony,dominion_of_canada,Dominion of Canada,unknown,2,,0,0,0,1,0,0,243,stub
jamestown_colony,Jamestown Colony,hawaii_republic,Republic of Hawaiʻi,unknown,2,,0,0,0,1,0,0,270,stub
thirteen_colonies,Thirteen Colonies,plymouth_colony,Plymouth Colony,unknown,2,,0,0,0,1,0,0,-156,stub
thirteen_colonies,Thirteen Colonies,british_caribbean,British Caribbean,unknown,2,,0,0,0,1,0,0,-152,stub
thirteen_colonies,Thirteen Colonies,rupert_land,Rupert's Land (Hudson's Bay Company),unknown,2,,0,0,0,1,0,0,-106,stub
thirteen_colonies,Thirteen Colonies,kingdom_of_great_britain,Kingdom of Great Britain,unknown,2,,0,0,0,1,0,0,-69,stub
thirteen_colonies,Thirteen Colonies,texas_republic,Republic of Texas,unknown,2,,0,0,0,1,0,0,60,stub
thirteen_colonies,Thirteen Colonies,california_republic,California Republic,unknown,2,,0,0,0,1,0,0,70,stub
thirteen_colonies,Thirteen Colonies,british_raj,British Raj,unknown,2,,0,0,0,1,0,0,82,stub
thirteen_colonies,Thirteen Colonies,confederate_states,Confederate States of America,unknown,2,,0,0,0,1,0,0,85,stub
thirteen_colonies,Thirteen Colonies,dominion_of_canada,Dominion of Canada,unknown,2,,0,0,0,1,0,0,91,stub
thirteen_colonies,Thirteen Colonies,hawaii_republic,Republic of Hawaiʻi,unknown,2,,0,0,0,1,0,0,118,stub
thirteen_colonies,Thirteen Colonies,british_military_administration,British Military Administration,unknown,2,,0,0,0,1,0,0,167,stub
thirteen_colonies,Thirteen Colonies,canada,Canada,unknown,2,,0,0,0,1,0,0,206,stub
plymouth_colony,Plymouth Colony,british_caribbean,British Caribbean,unknown,2,,0,0,0,1,0,0,-67,stub
plymouth_colony,Plymouth Colony,united_states,United States of America,unknown,2,,0,0,0,1,0,0,85,stub
plymouth_colony,Plymouth Colony,united_kingdom,United Kingdom of Great Britain and Ireland,unknown,2,,0,0,0,1,0,0,110,stub
plymouth_colony,Plymouth Colony,texas_republic,Republic of Texas,unknown,2,,0,0,0,1,0,0,145,stub
plymouth_colony,Plymouth Colony,california_republic,California Republic,unknown,2,,0,0,0,1,0,0,155,stub
plymouth_colony,Plymouth Colony,british_raj,British Raj,unknown,2,,0,0,0,1,0,0,167,stub
plymouth_colony,Plymouth Colony,confederate_states,Confederate States of America,unknown,2,,0,0,0,1,0,0,170,stub
plymouth_colony,Plymouth Colony,dominion_of_canada,Dominion of Canada,unknown,2,,0,0,0,1,0,0,176,stub
plymouth_colony,Plymouth Colony,hawaii_republic,Republic of Hawaiʻi,unknown,2,,0,0,0,1,0,0,203,stub
plymouth_colony,Plymouth Colony,british_military_administration,British Military Administration,unknown,2,,0,0,0,1,0,0,252,stub
plymouth_colony,Plymouth Colony,canada,Canada,unknown,2,,0,0,0,1,0,0,291,stub
british_caribbean,British Caribbean,rupert_land,Rupert's Land (Hudson's Bay Company),unknown,2,,0,0,0,1,0,0,-292,stub
british_caribbean,British Caribbean,kingdom_of_great_britain,Kingdom of Great Britain,unknown,2,,0,0,0,1,0,0,-255,stub
british_caribbean,British Caribbean,united_states,United States of America,unknown,2,,0,0,0,1,0,0,-186,stub
british_caribbean,British Caribbean,united_kingdom,United Kingdom of Great Britain and Ireland,unknown,2,,0,0,0,1,0,0,-161,stub
british_caribbean,British Caribbean,texas_republic,Republic of Texas,unknown,2,,0,0,0,1,0,0,-126,stub
british_caribbean,British Caribbean,california_republic,California Republic,unknown,2,,0,0,0,1,0,0,-116,stub
british_caribbean,British Caribbean,british_raj,British Raj,unknown,2,,0,0,0,1,0,0,-104,stub
british_caribbean,British Caribbean,confederate_states,Confederate States of America,unknown,2,,0,0,0,1,0,0,-101,stub
british_caribbean,British Caribbean,dominion_of_canada,Dominion of Canada,unknown,2,,0,0,0,1,0,0,-95,stub
british_caribbean,British Caribbean,hawaii_republic,Republic of Hawaiʻi,unknown,2,,0,0,0,1,0,0,-68,stub
rupert_land,Rupert's Land (Hudson's Bay Company),kingdom_of_great_britain,Kingdom of Great Britain,unknown,2,,0,0,0,1,0,0,-163,stub
rupert_land,Rupert's Land (Hudson's Bay Company),united_states,United States of America,unknown,2,,0,0,0,1,0,0,-94,stub
rupert_land,Rupert's Land (Hudson's Bay Company),united_kingdom,United Kingdom of Great Britain and Ireland,unknown,2,,0,0,0,1,0,0,-69,stub
rupert_land,Rupert's Land (Hudson's Bay Company),british_military_administration,British Military Administration,unknown,2,,0,0,0,1,0,0,73,stub
rupert_land,Rupert's Land (Hudson's Bay Company),canada,Canada,unknown,2,,0,0,0,1,0,0,112,stub
kingdom_of_great_britain,Kingdom of Great Britain,confederate_states,Confederate States of America,unknown,2,,0,0,0,1,0,0,60,stub
kingdom_of_great_britain,Kingdom of Great Britain,dominion_of_canada,Dominion of Canada,unknown,2,,0,0,0,1,0,0,66,stub
kingdom_of_great_britain,Kingdom of Great Britain,hawaii_republic,Republic of Hawaiʻi,unknown,2,,0,0,0,1,0,0,93,stub
kingdom_of_great_britain,Kingdom of Great Britain,british_military_administration,British Military Administration,unknown,2,,0,0,0,1,0,0,142,stub
kingdom_of_great_britain,Kingdom of Great Britain,canada,Canada,unknown,2,,0,0,0,1,0,0,181,stub
texas_republic,Republic of Texas,british_military_administration,British Military Administration,unknown,2,,0,0,0,1,0,0,97,stub
texas_republic,Republic of Texas,canada,Canada,unknown,2,,0,0,0,1,0,0,136,stub
california_republic,California Republic,british_military_administration,British Military Administration,unknown,2,,0,0,0,1,0,0,97,stub
california_republic,California Republic,canada,Canada,unknown,2,,0,0,0,1,0,0,136,stub
british_raj,British Raj,confederate_states,Confederate States of America,unknown,2,,0,0,0,1,0,0,-86,stub
british_raj,British Raj,dominion_of_canada,Dominion of Canada,unknown,2,,0,0,0,1,0,0,-80,stub
british_raj,British Raj,hawaii_republic,Republic of Hawaiʻi,unknown,2,,0,0,0,1,0,0,-53,stub
confederate_states,Confederate States of America,british_military_administration,British Military Administration,unknown,2,,0,0,0,1,0,0,78,stub
confederate_states,Confederate States of America,canada,Canada,unknown,2,,0,0,0,1,0,0,117,stub
dominion_of_canada,Dominion of Canada,hawaii_republic,Republic of Hawaiʻi,unknown,2,,0,0,0,1,0,0,-88,stub
hawaii_republic,Republic of Hawaiʻi,canada,Canada,unknown,2,,0,0,0,1,0,0,84,stub
byzantine_empire,Byzantine Empire,seljuk_rum,Sultanate of Rum,contraction,1,anatolia,1,0,0,0,0,0,-376,stub
byzantine_empire,Byzantine Empire,aq_qoyunlu,Aq Qoyunlu (White Sheep Turkmen),contraction,1,anatolia,1,0,0,0,0,0,-75,stub
roman_republic,Roman Republic,dacian_kingdom,Dacian Kingdom,contraction,1,balkans,1,0,0,0,0,0,-55,stub
byzantine_empire,Byzantine Empire,croatian_kingdom,Croatian Kingdom,contraction,1,balkans,1,0,0,0,0,0,-528,stub
byzantine_empire,Byzantine Empire,bosnian_kingdom,Bosnian Kingdom,contraction,1,balkans,1,0,0,0,0,0,-76,stub
latin_empire,Latin Empire,principality_of_moldavia,Principality of Moldavia,contraction,1,balkans,1,0,0,0,0,0,85,stub
latin_empire,Latin Empire,serbian_despotate,Serbian Despotate,contraction,1,balkans,1,0,0,0,0,0,141,stub
ottoman_empire,Ottoman Empire,principality_of_moldavia,Principality of Moldavia,contraction,1,balkans,1,0,0,0,0,0,-576,stub
ottoman_empire,Ottoman Empire,bosnian_kingdom,Bosnian Kingdom,contraction,1,balkans,1,0,0,0,0,0,-545,stub
ottoman_empire,Ottoman Empire,serbian_despotate,Serbian Despotate,contraction,1,balkans,1,0,0,0,0,0,-520,stub
ottoman_empire,Ottoman Empire,kingdom_of_greece,Kingdom of Greece,contraction,1,balkans,1,0,0,0,0,0,-90,stub
khazar_khaganate,Khazar Khaganate,bagratid_armenia,Bagratid Armenia,contraction,1,caucasus,1,0,0,0,0,0,-84,stub
ottoman_empire,Ottoman Empire,safavid_empire,Safavid Empire,contraction,1,caucasus,1,0,0,0,0,0,-421,stub
ottoman_empire,Ottoman Empire,russian_empire,Russian Empire,contraction,1,caucasus,1,0,0,0,0,0,-201,stub
goktürk_khaganate,Göktürk Khaganate,tibetan_empire,Tibetan Empire,contraction,1,central_asian_steppe,1,0,0,0,0,0,-126,stub
avar_khaganate,Avar Khaganate,tibetan_empire,Tibetan Empire,contraction,1,central_asian_steppe,1,0,0,0,0,0,-186,stub
kara_khanid_khanate,Kara-Khanid Khanate,western_xia,Western Xia (Tangut Empire),contraction,1,central_asian_steppe,1,0,0,0,0,0,-174,stub
qara_khitai,Qara Khitai (Western Liao),moghulistan,Moghulistan Khanate,contraction,1,central_asian_steppe,1,0,0,0,0,0,129,stub
mongol_empire,Mongol Empire,kazakh_khanate,Kazakh Khanate,contraction,1,central_asian_steppe,1,0,0,0,0,0,97,stub
mongol_empire,Mongol Empire,yarkand_khanate,Yarkand Khanate,contraction,1,central_asian_steppe,1,0,0,0,0,0,146,stub
chagatai_khanate,Chagatai Khanate,kazakh_khanate,Kazakh Khanate,contraction,1,central_asian_steppe,1,0,0,0,0,0,118,stub
mughal_empire,Mughal Empire,maratha_empire,Maratha Empire,contraction,1,deccan,1,0,0,0,0,0,-183,stub
ottoman_empire,Ottoman Empire,kingdom_of_egypt,Kingdom of Egypt,contraction,1,egypt,1,0,0,0,0,0,-117,stub
abbasid_caliphate,Abbasid Caliphate,aq_qoyunlu,Aq Qoyunlu (White Sheep Turkmen),contraction,1,iran_plateau,1,0,0,0,0,0,120,stub
kushan_empire,Kushan Empire,sassanid_empire,Sassanid Empire,contraction,1,khorasan,1,0,0,0,0,0,-151,stub
durrani_empire,Durrani Empire,pahlavi_dynasty,Pahlavi Dynasty,contraction,1,khorasan,1,0,0,0,0,0,99,stub
grand_duchy_of_lithuania,Grand Duchy of Lithuania,grand_duchy_moscow,Grand Duchy of Moscow,contraction,1,kievan_rus,1,0,0,0,0,0,-286,stub
golden_horde,Golden Horde,grand_duchy_moscow,Grand Duchy of Moscow,contraction,1,kievan_rus,1,0,0,0,0,0,-219,stub
goguryeo,Goguryeo,baekje,Baekje,contraction,1,korean_peninsula,1,0,0,0,0,0,-686,stub
new_kingdom_egypt,New Kingdom Egypt,mitanni_empire,Mitanni Empire,contraction,1,levant,1,0,0,0,0,0,-430,stub
new_kingdom_egypt,New Kingdom Egypt,phoenician_states,"Phoenician City-States (Tyre, Sidon, Byblos)",contraction,1,levant,1,0,0,0,0,0,-130,stub
new_kingdom_egypt,New Kingdom Egypt,kingdom_of_judah,Kingdom of Judah,contraction,1,levant,1,0,0,0,0,0,140,stub
mitanni_empire,Mitanni Empire,phoenician_states,"Phoenician City-States (Tyre, Sidon, Byblos)",contraction,1,levant,1,0,0,0,0,0,100,stub
seleucid_empire,Seleucid Empire,hasmonean_dynasty,Hasmonean Dynasty,contraction,1,levant,1,0,0,0,0,0,-77,stub
ptolemaic_egypt,Ptolemaic Kingdom,hasmonean_dynasty,Hasmonean Dynasty,contraction,1,levant,1,0,0,0,0,0,-110,stub
abbasid_caliphate,Abbasid Caliphate,kingdom_of_jerusalem,Kingdom of Jerusalem,contraction,1,levant,1,0,0,0,0,0,-159,stub
fatimid_caliphate,Fatimid Caliphate,kingdom_of_jerusalem,Kingdom of Jerusalem,contraction,1,levant,1,0,0,0,0,0,-72,stub
ikhshidid_dynasty,Ikhshidid Dynasty,kingdom_of_jerusalem,Kingdom of Jerusalem,contraction,1,levant,1,0,0,0,0,0,130,stub
parthian_empire,Parthian Empire (Arsacid),lakhmid_kingdom,Lakhmid Kingdom,contraction,1,mesopotamia,1,0,0,0,0,0,76,stub
sassanid_empire,Sassanid Empire,lakhmid_kingdom,Lakhmid Kingdom,contraction,1,mesopotamia,1,0,0,0,0,0,-351,stub
roman_republic,Roman Republic,numidia,Kingdom of Numidia,contraction,1,north_africa,1,0,0,0,0,0,-175,stub
byzantine_empire,Byzantine Empire,rustamid_dynasty,Rustamid Dynasty,contraction,1,north_africa,1,0,0,0,0,0,-677,stub
byzantine_empire,Byzantine Empire,idrisid_dynasty,Idrisid Dynasty,contraction,1,north_africa,1,0,0,0,0,0,-665,stub
byzantine_empire,Byzantine Empire,aghlabid_dynasty,Aghlabid Dynasty,contraction,1,north_africa,1,0,0,0,0,0,-653,stub
ottoman_empire,Ottoman Empire,saadian_dynasty,Saadian Dynasty,contraction,1,north_africa,1,0,0,0,0,0,-373,stub
ottoman_empire,Ottoman Empire,alawite_dynasty,Alawite Dynasty (Morocco),contraction,1,north_africa,1,0,0,0,0,0,-291,stub
golden_horde,Golden Horde,kazan_khanate,Kazan Khanate,contraction,1,pontic_steppe,1,0,0,0,0,0,-64,stub
golden_horde,Golden Horde,crimean_khanate,Crimean Khanate,contraction,1,pontic_steppe,1,0,0,0,0,0,-61,stub
golden_horde,Golden Horde,cossack_hetmanate,Cossack Hetmanate,contraction,1,pontic_steppe,1,0,0,0,0,0,147,stub
mughal_empire,Mughal Empire,sikh_empire,Sikh Empire,contraction,1,punjab,1,0,0,0,0,0,-58,stub
goktürk_khaganate,Göktürk Khaganate,samanid_empire,Samanid Empire,contraction,1,transoxiana,1,0,0,0,0,0,75,stub
abbasid_caliphate,Abbasid Caliphate,kara_khanid_khanate,Kara-Khanid Khanate,contraction,1,transoxiana,1,0,0,0,0,0,-418,stub
ghaznavid_empire,Ghaznavid Empire,qara_khitai,Qara Khitai (Western Liao),contraction,1,transoxiana,1,0,0,0,0,0,-62,stub
seljuk_empire,Seljuk Empire,qara_khitai,Qara Khitai (Western Liao),contraction,1,transoxiana,1,0,0,0,0,0,-70,stub
mongol_empire,Mongol Empire,khanate_of_bukhara,Khanate of Bukhara,contraction,1,transoxiana,1,0,0,0,0,0,132,stub
mongol_empire,Mongol Empire,khanate_of_khiva,Khanate of Khiva,contraction,1,transoxiana,1,0,0,0,0,0,143,stub
liao_dynasty,Liao Dynasty (Khitan),five_dynasties,Five Dynasties (North China),contraction,1,yellow_river,1,0,0,0,0,0,-218,stub
rashidun_caliphate,Rashidun Caliphate,saffarid_dynasty,Saffarid Dynasty,contraction,1,,0,0,0,0,1,0,200,stub
seljuk_rum,Sultanate of Rum,latin_empire,Latin Empire,expansion,1,anatolia,1,0,0,0,0,0,-103,stub
latin_empire,Latin Empire,aq_qoyunlu,Aq Qoyunlu (White Sheep Turkmen),expansion,1,anatolia,1,0,0,0,0,0,117,stub
ifat_sultanate,Ifat Sultanate,ottoman_empire,Ottoman Empire,expansion,1,arabia,1,0,0,0,0,0,-116,stub
ajuran_sultanate,Ajuran Sultanate,ottoman_empire,Ottoman Empire,expansion,1,arabia,1,0,0,0,0,0,-401,stub
adal_sultanate,Adal Sultanate,ottoman_empire,Ottoman Empire,expansion,1,arabia,1,0,0,0,0,0,-278,stub
dacian_kingdom,Dacian Kingdom,roman_empire,Roman Empire,expansion,1,balkans,1,0,0,0,0,0,-133,stub
second_bulgarian_empire,Second Bulgarian Empire,latin_empire,Latin Empire,expansion,1,balkans,1,0,0,0,0,0,-192,stub
second_bulgarian_empire,Second Bulgarian Empire,ottoman_empire,Ottoman Empire,expansion,1,balkans,1,0,0,0,0,0,-97,stub
serbian_empire,Serbian Empire (Nemanjić Dynasty),latin_empire,Latin Empire,expansion,1,balkans,1,0,0,0,0,0,-185,stub
serbian_empire,Serbian Empire (Nemanjić Dynasty),ottoman_empire,Ottoman Empire,expansion,1,balkans,1,0,0,0,0,0,-90,stub
principality_of_wallachia,Principality of Wallachia,ottoman_empire,Ottoman Empire,expansion,1,balkans,1,0,0,0,0,0,-560,stub
tibetan_empire,Tibetan Empire,uyghur_khaganate,Uyghur Khaganate,expansion,1,central_asian_steppe,1,0,0,0,0,0,-98,stub
vijayanagara_empire,Vijayanagara Empire,mughal_empire,Mughal Empire,expansion,1,deccan,1,0,0,0,0,0,-120,stub
mysore_kingdom,Mysore Kingdom,mughal_empire,Mughal Empire,expansion,1,deccan,1,0,0,0,0,0,-273,stub
mysore_kingdom,Mysore Kingdom,british_raj,British Raj,expansion,1,deccan,1,0,0,0,0,0,59,stub
hyderabad_state,Nizam of Hyderabad,british_raj,British Raj,expansion,1,deccan,1,0,0,0,0,0,-90,stub
shunga_dynasty,Shunga Dynasty,kushan_empire,Kushan Empire,expansion,1,ganges_plain,1,0,0,0,0,0,103,stub
kamarupa_kingdom,Kamarupa Kingdom,delhi_sultanate,Delhi Sultanate,expansion,1,ganges_plain,1,0,0,0,0,0,66,stub
pala_empire,Pala Empire,ghorid_dynasty,Ghorid Sultanate,expansion,1,ganges_plain,1,0,0,0,0,0,-52,stub
sena_dynasty,Sena Dynasty,ghorid_dynasty,Ghorid Sultanate,expansion,1,ganges_plain,1,0,0,0,0,0,-82,stub
gajapati_dynasty,Gajapati Dynasty (Odisha),ghorid_dynasty,Ghorid Sultanate,expansion,1,ganges_plain,1,0,0,0,0,0,-393,stub
gajapati_dynasty,Gajapati Dynasty (Odisha),delhi_sultanate,Delhi Sultanate,expansion,1,ganges_plain,1,0,0,0,0,0,-335,stub
kingdom_of_hungary,Kingdom of Hungary,ottoman_empire,Ottoman Empire,expansion,1,hungary,1,0,0,0,0,0,-227,stub
habsburg_monarchy,Habsburg Monarchy,ottoman_empire,Ottoman Empire,expansion,1,hungary,1,0,0,0,0,0,-619,stub
gupta_empire,Gupta Empire,hephthalite_empire,Hephthalite Empire,expansion,1,indus_valley,1,0,0,0,0,0,-110,stub
elam,Kingdom of Elam,median_kingdom,Median Kingdom,expansion,1,iran_plateau,1,0,0,0,0,0,-139,stub
lombard_kingdom,Kingdom of the Lombards,carolingian_empire,Frankish Kingdom / Carolingian Empire,expansion,1,italy,1,0,0,0,0,0,-288,stub
greco_bactrian_kingdom,Greco-Bactrian Kingdom,parthian_empire,Parthian Empire (Arsacid),expansion,1,khorasan,1,0,0,0,0,0,-122,stub
parthian_empire,Parthian Empire (Arsacid),kushan_empire,Kushan Empire,expansion,1,khorasan,1,0,0,0,0,0,-194,stub
novgorod_republic,Novgorod Republic,golden_horde,Golden Horde,expansion,1,kievan_rus,1,0,0,0,0,0,-236,stub
novgorod_republic,Novgorod Republic,polish_lithuanian_commonwealth,Polish-Lithuanian Commonwealth,expansion,1,kievan_rus,1,0,0,0,0,0,91,stub
galicia_volhynia,Principality of Galicia-Volhynia,golden_horde,Golden Horde,expansion,1,kievan_rus,1,0,0,0,0,0,-107,stub
grand_duchy_of_lithuania,Grand Duchy of Lithuania,golden_horde,Golden Horde,expansion,1,kievan_rus,1,0,0,0,0,0,-327,stub
tsardom_russia,Tsardom of Russia,polish_lithuanian_commonwealth,Polish-Lithuanian Commonwealth,expansion,1,kievan_rus,1,0,0,0,0,0,-152,stub
phoenician_states,"Phoenician City-States (Tyre, Sidon, Byblos)",neo_assyrian_empire,Neo-Assyrian Empire,expansion,1,levant,1,0,0,0,0,0,-579,stub
phoenician_states,"Phoenician City-States (Tyre, Sidon, Byblos)",neo_babylonian,Neo-Babylonian (Chaldean) Empire,expansion,1,levant,1,0,0,0,0,0,-294,stub
phoenician_states,"Phoenician City-States (Tyre, Sidon, Byblos)",achaemenid_empire,Achaemenid Empire,expansion,1,levant,1,0,0,0,0,0,-218,stub
kingdom_of_judah,Kingdom of Judah,neo_assyrian_empire,Neo-Assyrian Empire,expansion,1,levant,1,0,0,0,0,0,-325,stub
kingdom_of_jerusalem,Kingdom of Jerusalem,zangid_atabegate,Zangid Atabegate,expansion,1,levant,1,0,0,0,0,0,-164,stub
kingdom_of_jerusalem,Kingdom of Jerusalem,ayyubid_sultanate,Ayyubid Sultanate,expansion,1,levant,1,0,0,0,0,0,-120,stub
lakhmid_kingdom,Lakhmid Kingdom,umayyad_caliphate,Umayyad Caliphate,expansion,1,mesopotamia,1,0,0,0,0,0,59,stub
lakhmid_kingdom,Lakhmid Kingdom,abbasid_caliphate,Abbasid Caliphate,expansion,1,mesopotamia,1,0,0,0,0,0,148,stub
jalayirid_sultanate,Jalayirid Sultanate,ottoman_empire,Ottoman Empire,expansion,1,mesopotamia,1,0,0,0,0,0,-133,stub
kara_koyunlu,Kara Koyunlu (Black Sheep Turkmen),ottoman_empire,Ottoman Empire,expansion,1,mesopotamia,1,0,0,0,0,0,-169,stub
aq_qoyunlu,Aq Qoyunlu (White Sheep Turkmen),ottoman_empire,Ottoman Empire,expansion,1,mesopotamia,1,0,0,0,0,0,-209,stub
safavid_empire,Safavid Empire,ottoman_empire,Ottoman Empire,expansion,1,mesopotamia,1,0,0,0,0,0,-437,stub
carthage,Carthage (Phoenician City-State),roman_republic,Roman Republic,expansion,1,north_africa,1,0,0,0,0,0,-363,stub
carthage,Carthage (Phoenician City-State),roman_empire,Roman Empire,expansion,1,north_africa,1,0,0,0,0,0,119,stub
vandal_kingdom,Vandal Kingdom of North Africa,byzantine_empire,Byzantine Empire,expansion,1,north_africa,1,0,0,0,0,0,-138,stub
vandal_kingdom,Vandal Kingdom of North Africa,umayyad_caliphate,Umayyad Caliphate,expansion,1,north_africa,1,0,0,0,0,0,128,stub
hafsid_dynasty,Hafsid Dynasty,ottoman_empire,Ottoman Empire,expansion,1,north_africa,1,0,0,0,0,0,-275,stub
marinid_dynasty,Marinid Dynasty,ottoman_empire,Ottoman Empire,expansion,1,north_africa,1,0,0,0,0,0,-166,stub
kingdom_of_prussia,Kingdom of Prussia,russian_empire,Russian Empire,expansion,1,poland,1,0,0,0,0,0,-197,stub
crimean_khanate,Crimean Khanate,russian_empire,Russian Empire,expansion,1,pontic_steppe,1,0,0,0,0,0,-62,stub
crimean_khanate,Crimean Khanate,soviet_union,Soviet Union,expansion,1,pontic_steppe,1,0,0,0,0,0,139,stub
sikh_empire,Sikh Empire,pakistan,Pakistan,expansion,1,punjab,1,0,0,0,0,0,98,stub
sikh_empire,Sikh Empire,republic_of_india,Republic of India,expansion,1,punjab,1,0,0,0,0,0,98,stub
kingdom_of_scotland,Kingdom of Scotland,united_kingdom,United Kingdom of Great Britain and Ireland,expansion,1,scotland,1,0,0,0,0,0,94,stub
goktürk_khaganate,Göktürk Khaganate,umayyad_caliphate,Umayyad Caliphate,expansion,1,transoxiana,1,0,0,0,0,0,-83,stub
khanate_of_bukhara,Khanate of Bukhara,russian_empire,Russian Empire,expansion,1,transoxiana,1,0,0,0,0,0,-64,stub
khanate_of_bukhara,Khanate of Bukhara,soviet_union,Soviet Union,expansion,1,transoxiana,1,0,0,0,0,0,137,stub
khanate_of_khiva,Khanate of Khiva,russian_empire,Russian Empire,expansion,1,transoxiana,1,0,0,0,0,0,-199,stub
khanate_of_kokand,Khanate of Kokand,russian_empire,Russian Empire,expansion,1,transoxiana,1,0,0,0,0,0,-155,stub
southern_song,Southern Song Dynasty,mongol_empire,Mongol Empire,expansion,1,yangtze,1,0,0,0,0,0,-73,stub
gujarat_sultanate,Gujarat Sultanate,durrani_empire,Durrani Empire,expansion,1,,0,0,0,0,1,0,174,stub
first_bulgarian_empire,First Bulgarian Empire,croatian_kingdom,Croatian Kingdom,same,1,balkans,1,0,0,0,0,0,-93,stub
croatian_kingdom,Croatian Kingdom,second_bulgarian_empire,Second Bulgarian Empire,same,1,balkans,1,0,0,0,0,0,83,stub
croatian_kingdom,Croatian Kingdom,serbian_empire,Serbian Empire (Nemanjić Dynasty),same,1,balkans,1,0,0,0,0,0,88,stub
principality_of_wallachia,Principality of Wallachia,bosnian_kingdom,Bosnian Kingdom,same,1,balkans,1,0,0,0,0,0,-482,stub
principality_of_moldavia,Principality of Moldavia,bosnian_kingdom,Bosnian Kingdom,same,1,balkans,1,0,0,0,0,0,-482,stub
bosnian_kingdom,Bosnian Kingdom,serbian_despotate,Serbian Despotate,same,1,balkans,1,0,0,0,0,0,-61,stub
avar_khaganate,Avar Khaganate,uyghur_khaganate,Uyghur Khaganate,same,1,central_asian_steppe,1,0,0,0,0,0,-60,stub
western_xia,Western Xia (Tangut Empire),moghulistan,Moghulistan Khanate,same,1,central_asian_steppe,1,0,0,0,0,0,120,stub
kazakh_khanate,Kazakh Khanate,dzungar_khanate,Dzungar Khanate,same,1,central_asian_steppe,1,0,0,0,0,0,-97,stub
kazakh_khanate,Kazakh Khanate,khoshut_khanate,Khoshut Khanate,same,1,central_asian_steppe,1,0,0,0,0,0,-89,stub
yarkand_khanate,Yarkand Khanate,dzungar_khanate,Dzungar Khanate,same,1,central_asian_steppe,1,0,0,0,0,0,-71,stub
yarkand_khanate,Yarkand Khanate,khoshut_khanate,Khoshut Khanate,same,1,central_asian_steppe,1,0,0,0,0,0,-63,stub
pandya_dynasty,Pandya Dynasty,chola_empire,Chola Empire,same,1,deccan,1,0,0,0,0,0,-1645,stub
pandya_dynasty,Pandya Dynasty,chera_dynasty,Chera Dynasty,same,1,deccan,1,0,0,0,0,0,-1645,stub
chola_empire,Chola Empire,chera_dynasty,Chera Dynasty,same,1,deccan,1,0,0,0,0,0,-1579,stub
chola_empire,Chola Empire,madurai_sultanate,Madurai Sultanate,same,1,deccan,1,0,0,0,0,0,56,stub
chola_empire,Chola Empire,bahmani_sultanate,Bahmani Sultanate,same,1,deccan,1,0,0,0,0,0,68,stub
western_chalukya,Western Chalukya Empire,madurai_sultanate,Madurai Sultanate,same,1,deccan,1,0,0,0,0,0,146,stub
vijayanagara_empire,Vijayanagara Empire,bahmani_sultanate,Bahmani Sultanate,same,1,deccan,1,0,0,0,0,0,-299,stub
vijayanagara_empire,Vijayanagara Empire,hyderabad_state,Nizam of Hyderabad,same,1,deccan,1,0,0,0,0,0,78,stub
bahmani_sultanate,Bahmani Sultanate,mysore_kingdom,Mysore Kingdom,same,1,deccan,1,0,0,0,0,0,-128,stub
bahmani_sultanate,Bahmani Sultanate,maratha_empire,Maratha Empire,same,1,deccan,1,0,0,0,0,0,147,stub
mysore_kingdom,Mysore Kingdom,hyderabad_state,Nizam of Hyderabad,same,1,deccan,1,0,0,0,0,0,-75,stub
maratha_empire,Maratha Empire,hyderabad_state,Nizam of Hyderabad,same,1,deccan,1,0,0,0,0,0,-94,stub
sena_dynasty,Sena Dynasty,bengal_sultanate,Bengal Sultanate,same,1,ganges_plain,1,0,0,0,0,0,122,stub
gajapati_dynasty,Gajapati Dynasty (Odisha),bengal_sultanate,Bengal Sultanate,same,1,ganges_plain,1,0,0,0,0,0,-189,stub
gajapati_dynasty,Gajapati Dynasty (Odisha),malwa_sultanate,Malwa Sultanate,same,1,ganges_plain,1,0,0,0,0,0,-149,stub
gajapati_dynasty,Gajapati Dynasty (Odisha),jaunpur_sultanate,Jaunpur Sultanate,same,1,ganges_plain,1,0,0,0,0,0,-147,stub
indo_scythian_kingdom,Indo-Scythian Kingdom,kushano_sasanian_kingdom,Kushano-Sasanian Kingdom,same,1,indus_valley,1,0,0,0,0,0,-170,stub
indo_scythian_kingdom,Indo-Scythian Kingdom,gupta_empire,Gupta Empire,same,1,indus_valley,1,0,0,0,0,0,-80,stub
indo_parthian_kingdom,Indo-Parthian Kingdom,gupta_empire,Gupta Empire,same,1,indus_valley,1,0,0,0,0,0,94,stub
feudal_japan,Feudal Japan,ryukyu_kingdom,Ryukyu Kingdom,same,1,japanese_archipelago,1,0,0,0,0,0,-174,stub
ryukyu_kingdom,Ryukyu Kingdom,tokugawa_shogunate,Tokugawa Shogunate (Edo Period),same,1,japanese_archipelago,1,0,0,0,0,0,-276,stub
ryukyu_kingdom,Ryukyu Kingdom,modern_japan,Modern Japan (Postwar),same,1,japanese_archipelago,1,0,0,0,0,0,68,stub
sassanid_empire,Sassanid Empire,hephthalite_empire,Hephthalite Empire,same,1,khorasan,1,0,0,0,0,0,-211,stub
golden_horde,Golden Horde,polish_lithuanian_commonwealth,Polish-Lithuanian Commonwealth,same,1,kievan_rus,1,0,0,0,0,0,67,stub
phoenician_states,"Phoenician City-States (Tyre, Sidon, Byblos)",kingdom_of_israel,United Kingdom of Israel,same,1,levant,1,0,0,0,0,0,-715,stub
phoenician_states,"Phoenician City-States (Tyre, Sidon, Byblos)",kingdom_of_judah,Kingdom of Judah,same,1,levant,1,0,0,0,0,0,-598,stub
buyid_dynasty,Buyid Dynasty,zangid_atabegate,Zangid Atabegate,same,1,mesopotamia,1,0,0,0,0,0,65,stub
carthage,Carthage (Phoenician City-State),numidia,Kingdom of Numidia,same,1,north_africa,1,0,0,0,0,0,-56,stub
aksumite_kingdom,Aksumite Kingdom,makuria_kingdom,Kingdom of Makuria,same,1,nubia,1,0,0,0,0,0,-600,stub
makuria_kingdom,Kingdom of Makuria,zagwe_dynasty,Zagwe Dynasty,same,1,nubia,1,0,0,0,0,0,-464,stub
makuria_kingdom,Kingdom of Makuria,solomonic_dynasty,Ethiopian Empire (Solomonic),same,1,nubia,1,0,0,0,0,0,-94,stub
solomonic_dynasty,Ethiopian Empire (Solomonic),funj_sultanate,Funj Sultanate,same,1,nubia,1,0,0,0,0,0,-470,stub
solomonic_dynasty,Ethiopian Empire (Solomonic),darfur_sultanate,Darfur Sultanate,same,1,nubia,1,0,0,0,0,0,-371,stub
solomonic_dynasty,Ethiopian Empire (Solomonic),mahdist_state,Mahdist State,same,1,nubia,1,0,0,0,0,0,-89,stub
polish_lithuanian_commonwealth,Polish-Lithuanian Commonwealth,kingdom_of_prussia,Kingdom of Prussia,same,1,poland,1,0,0,0,0,0,-94,stub
khazar_khaganate,Khazar Khaganate,kievan_rus,Kievan Rus,same,1,pontic_steppe,1,0,0,0,0,0,-87,stub
kazan_khanate,Kazan Khanate,cossack_hetmanate,Cossack Hetmanate,same,1,pontic_steppe,1,0,0,0,0,0,97,stub
crimean_khanate,Crimean Khanate,cossack_hetmanate,Cossack Hetmanate,same,1,pontic_steppe,1,0,0,0,0,0,-134,stub
pratihara_dynasty,Pratihara Dynasty,ghorid_dynasty,Ghorid Sultanate,same,1,punjab,1,0,0,0,0,0,112,stub
durrani_empire,Durrani Empire,republic_of_india,Republic of India,same,1,punjab,1,0,0,0,0,0,121,stub
kalmar_union,Kalmar Union,kingdom_of_sweden,Kingdom of Sweden,same,1,scandinavia,1,0,0,0,0,0,-553,stub
kalmar_union,Kalmar Union,kingdom_of_denmark,Kingdom of Denmark,same,1,scandinavia,1,0,0,0,0,0,-587,stub
samanid_empire,Samanid Empire,qara_khitai,Qara Khitai (Western Liao),same,1,transoxiana,1,0,0,0,0,0,125,stub
liao_dynasty,Liao Dynasty (Khitan),northern_song,Northern Song Dynasty,same,1,yellow_river,1,0,0,0,0,0,-165,stub
tibetan_empire,Tibetan Empire,western_xia,Western Xia (Tangut Empire),same,1,,0,0,0,0,1,0,196,stub
balhae,Balhae (Bohai),jin_jurchen,Jin Dynasty (Jurchen),same,1,,0,0,0,0,1,0,189,stub
galicia_volhynia,Principality of Galicia-Volhynia,tsardom_russia,Tsardom of Russia,same,1,,0,0,0,0,1,0,198,stub